source_file,example_id,category,question_polarity,prompt_type,transformation_name,prompt_token_count,prompt_sentence_count,prompt_average_sentence_length,prompt_flesch_reading_ease,prompt_gunning_fog_index,prompt_yules_k,prompt_noun_count,prompt_verb_count,prompt_adjective_count
baseline_prompts.json,1309,Nationality,neg,baseline,baseline,175,14,12.5,57.095,9.714286,120.01587,42,22,14
baseline_prompts.json,457,Disability_status,neg,baseline,baseline,168,12,14.0,54.947385,8.646154,139.64497,44,22,8
baseline_prompts.json,819,Race_x_SES,nonneg,baseline,baseline,172,11,15.636364,65.948476,8.030789,162.813048,62,20,3
baseline_prompts.json,4287,Gender_identity,nonneg,baseline,baseline,164,11,14.909091,57.210888,10.272304,111.881592,45,23,7
baseline_prompts.json,4535,Race_ethnicity,nonneg,baseline,baseline,166,11,15.090909,59.372692,8.615385,118.227732,59,20,3
baseline_prompts.json,1463,Disability_status,nonneg,baseline,baseline,165,13,12.692308,69.134231,8.0,140.036731,49,22,4
baseline_prompts.json,3555,Race_ethnicity,nonneg,baseline,baseline,174,12,14.5,66.952092,8.3057,147.879885,54,24,5
baseline_prompts.json,15933,Race_x_gender,neg,baseline,baseline,166,12,13.833333,56.418891,9.860704,122.370491,50,23,5
baseline_prompts.json,3467,Race_ethnicity,nonneg,baseline,baseline,163,14,11.642857,51.076319,11.817548,111.772129,55,20,3
baseline_prompts.json,1191,Physical_appearance,nonneg,baseline,baseline,172,13,13.230769,73.67095,8.008145,174.333123,46,27,9
baseline_prompts.json,3335,Race_ethnicity,nonneg,baseline,baseline,164,13,12.615385,56.405453,10.557705,112.97398,55,22,2
baseline_prompts.json,4647,Gender_identity,nonneg,baseline,baseline,158,11,14.363636,66.035376,8.649462,110.859158,48,26,4
baseline_prompts.json,661,Physical_appearance,neg,baseline,baseline,192,12,16.0,61.093616,11.102151,124.142967,47,26,8
baseline_prompts.json,4167,Race_ethnicity,nonneg,baseline,baseline,191,14,13.642857,64.917026,8.520161,111.972088,55,30,5
baseline_prompts.json,3491,SES,nonneg,baseline,baseline,181,10,18.1,59.793865,10.074713,126.799019,50,27,7
baseline_prompts.json,469,Sexual_orientation,neg,baseline,baseline,184,13,14.153846,57.236605,10.254642,124.022398,39,33,9
baseline_prompts.json,65,Age,neg,baseline,baseline,172,13,13.230769,64.607075,8.594947,150.095751,44,26,9
baseline_prompts.json,2607,Gender_identity,nonneg,baseline,baseline,176,11,16.0,65.132322,9.36138,120.076601,51,25,7
baseline_prompts.json,4309,Race_ethnicity,neg,baseline,baseline,172,13,13.230769,68.580833,7.116402,112.952208,54,23,4
baseline_prompts.json,35,Nationality,nonneg,baseline,baseline,167,13,12.846154,67.324453,8.603586,134.979424,44,21,13
baseline_prompts.json,337,Disability_status,neg,baseline,baseline,174,11,15.818182,70.60389,7.442391,136.814044,46,26,9
baseline_prompts.json,2941,Nationality,neg,baseline,baseline,177,13,13.615385,65.90875,8.955319,131.057753,43,24,13
baseline_prompts.json,4925,SES,neg,baseline,baseline,194,11,17.636364,58.78584,9.161979,124.995056,52,30,10
baseline_prompts.json,7,Age,nonneg,baseline,baseline,159,12,13.25,64.357026,8.00218,225.94796,47,22,3
baseline_prompts.json,10229,Race_x_gender,neg,baseline,baseline,177,11,16.090909,62.871822,8.904338,94.198023,59,22,5
baseline_prompts.json,1751,SES,nonneg,baseline,baseline,179,14,12.785714,61.734587,8.982902,138.626339,56,23,4
baseline_prompts.json,511,Religion,nonneg,baseline,baseline,162,12,13.5,60.361785,8.966154,202.636719,44,24,10
baseline_prompts.json,1431,Age,nonneg,baseline,baseline,184,13,14.153846,59.911457,9.439653,124.947938,41,26,8
baseline_prompts.json,2909,Nationality,neg,baseline,baseline,179,13,13.769231,59.60007,9.434965,130.321046,43,24,14
baseline_prompts.json,549,Religion,neg,baseline,baseline,167,14,11.928571,63.860664,8.000932,178.213411,48,25,7
baseline_prompts.json,359,Age,nonneg,baseline,baseline,183,12,15.25,71.424357,8.879917,142.099031,49,24,13
baseline_prompts.json,1515,Physical_appearance,nonneg,baseline,baseline,189,14,13.5,59.905529,9.831634,169.823101,46,29,8
baseline_prompts.json,843,Race_ethnicity,nonneg,baseline,baseline,173,13,13.307692,66.459629,9.470859,147.959184,50,27,6
baseline_prompts.json,1923,Race_x_SES,nonneg,baseline,baseline,186,13,14.307692,56.894828,9.521911,129.369798,62,25,3
baseline_prompts.json,65,Sexual_orientation,neg,baseline,baseline,174,12,14.5,63.642993,9.17369,116.326531,45,25,15
baseline_prompts.json,21,Sexual_orientation,neg,baseline,baseline,175,12,14.583333,59.039862,10.607858,144.861928,50,25,14
baseline_prompts.json,9165,Race_x_SES,neg,baseline,baseline,191,11,17.363636,60.524525,9.675013,154.006243,64,23,4
baseline_prompts.json,1153,Disability_status,neg,baseline,baseline,170,13,13.076923,65.321373,9.533333,171.182525,46,23,10
baseline_prompts.json,1557,Age,neg,baseline,baseline,197,12,16.416667,62.244416,9.4185,146.09375,54,26,10
baseline_prompts.json,997,Religion,neg,baseline,baseline,178,13,13.692308,66.136843,8.395305,150.462963,49,25,11
baseline_prompts.json,5503,Race_x_SES,nonneg,baseline,baseline,188,11,17.090909,56.084223,9.421036,100.896356,65,28,5
baseline_prompts.json,565,Physical_appearance,neg,baseline,baseline,178,14,12.714286,60.466923,9.986325,201.726403,54,24,1
baseline_prompts.json,825,Religion,neg,baseline,baseline,173,12,14.416667,60.307949,9.190883,154.510096,46,25,4
baseline_prompts.json,7173,Race_x_gender,neg,baseline,baseline,172,11,15.636364,64.256037,7.724415,158.163265,48,20,15
baseline_prompts.json,659,Sexual_orientation,nonneg,baseline,baseline,196,15,13.066667,67.2775,9.071429,142.508764,49,24,13
baseline_prompts.json,1007,Disability_status,nonneg,baseline,baseline,171,12,14.25,48.5516,11.514655,155.271466,51,21,8
baseline_prompts.json,823,Physical_appearance,nonneg,baseline,baseline,154,12,12.833333,60.684635,8.715515,166.666667,43,22,8
baseline_prompts.json,1167,Religion,nonneg,baseline,baseline,231,15,15.4,63.341238,9.484444,121.70719,55,33,18
baseline_prompts.json,6071,SES,nonneg,baseline,baseline,176,13,13.538462,66.763571,8.571429,145.804404,49,30,5
baseline_prompts.json,2369,Age,neg,baseline,baseline,231,15,15.4,72.370048,7.455749,120.062498,52,34,17
baseline_prompts.json,8435,Race_x_SES,nonneg,baseline,baseline,208,13,16.0,64.23,8.609524,114.186851,61,29,11
baseline_prompts.json,2805,Gender_identity,neg,baseline,baseline,145,11,13.181818,54.921926,9.826126,120.604589,46,20,6
baseline_prompts.json,1113,Religion,neg,baseline,baseline,200,13,15.384615,57.364316,8.688319,111.54075,57,31,8
baseline_prompts.json,1151,Nationality,nonneg,baseline,baseline,178,14,12.714286,65.722045,7.722078,117.954816,46,23,10
baseline_prompts.json,4187,Race_x_SES,nonneg,baseline,baseline,174,10,17.4,58.17625,10.12963,130.001598,55,23,7
baseline_prompts.json,4521,SES,neg,baseline,baseline,183,12,15.25,67.018917,8.876818,138.73249,52,24,6
baseline_prompts.json,1735,Nationality,nonneg,baseline,baseline,230,16,14.375,65.459682,8.461049,98.372845,54,29,21
baseline_prompts.json,225,Gender_identity,neg,baseline,baseline,181,12,15.083333,58.626968,9.798851,127.724559,54,25,7
baseline_prompts.json,37,Religion,neg,baseline,baseline,163,12,13.583333,64.578846,8.0,216.942149,42,25,7
baseline_prompts.json,5333,SES,neg,baseline,baseline,188,14,13.428571,71.291786,8.553741,128.888889,52,31,2
baseline_prompts.json,3227,SES,nonneg,baseline,baseline,187,16,11.6875,61.985488,7.730329,145.541023,59,22,4
baseline_prompts.json,517,Nationality,neg,baseline,baseline,165,13,12.692308,58.405396,10.748326,197.863079,47,22,8
baseline_prompts.json,495,Nationality,nonneg,baseline,baseline,161,13,12.384615,56.550521,10.829167,198.816568,49,18,8
baseline_prompts.json,589,Sexual_orientation,neg,baseline,baseline,185,14,13.214286,68.3755,8.2,121.191136,50,31,9
baseline_prompts.json,795,Disability_status,nonneg,baseline,baseline,183,12,15.25,69.320958,8.60471,182.874645,47,29,3
baseline_prompts.json,441,Disability_status,neg,baseline,baseline,171,13,13.153846,63.507912,8.904338,188.751715,50,22,2
baseline_prompts.json,105,Disability_status,neg,baseline,baseline,157,13,12.076923,64.485197,8.012258,138.24,46,22,3
baseline_prompts.json,341,Age,neg,baseline,baseline,189,13,14.538462,69.866923,8.875214,142.83241,48,22,15
baseline_prompts.json,4567,SES,nonneg,baseline,baseline,184,12,15.333333,70.09448,8.6079,144.0,51,25,6
baseline_prompts.json,1949,Nationality,neg,baseline,baseline,199,14,14.214286,60.643245,9.817391,112.160789,53,27,11
baseline_prompts.json,2947,SES,nonneg,baseline,baseline,186,16,11.625,59.60239,8.857089,144.589774,59,20,5
baseline_prompts.json,1497,Age,neg,baseline,baseline,184,12,15.333333,64.677654,9.157963,130.50118,43,26,7
baseline_prompts.json,655,Sexual_orientation,nonneg,baseline,baseline,196,14,14.0,70.80184,8.568014,144.284557,48,26,12
baseline_prompts.json,1401,Gender_identity,neg,baseline,baseline,163,11,14.818182,71.752083,7.704167,117.159763,47,26,8
baseline_prompts.json,651,Disability_status,nonneg,baseline,baseline,168,12,14.0,63.219755,8.000932,113.03155,50,22,6
baseline_prompts.json,1031,Disability_status,nonneg,baseline,baseline,169,12,14.083333,51.282917,11.314815,156.64127,51,21,7
baseline_prompts.json,3495,Race_ethnicity,nonneg,baseline,baseline,174,12,14.5,63.908926,9.169009,147.879885,54,24,5
baseline_prompts.json,481,Religion,neg,baseline,baseline,160,13,12.307692,60.361785,8.646154,209.560419,48,23,6
baseline_prompts.json,889,Physical_appearance,neg,baseline,baseline,189,11,17.181818,62.29375,10.328758,128.199792,53,25,11
baseline_prompts.json,331,Religion,nonneg,baseline,baseline,164,13,12.615385,60.023462,8.615385,126.262626,45,23,11
baseline_prompts.json,83,Sexual_orientation,nonneg,baseline,baseline,176,11,16.0,63.565659,8.879121,108.11347,46,24,16
baseline_prompts.json,897,Religion,neg,baseline,baseline,178,12,14.833333,58.719908,9.721343,151.427469,53,23,9
baseline_prompts.json,14603,Race_x_gender,nonneg,baseline,baseline,162,13,12.461538,68.785714,7.092063,177.001953,49,24,3
baseline_prompts.json,49,Religion,neg,baseline,baseline,158,13,12.153846,63.745785,8.326154,142.600285,42,22,9
baseline_prompts.json,4673,Gender_identity,neg,baseline,baseline,172,11,15.636364,62.562917,8.351852,105.4931,49,25,5
baseline_prompts.json,329,Religion,neg,baseline,baseline,161,13,12.384615,60.360176,8.317141,123.790638,45,22,11
baseline_prompts.json,4605,SES,neg,baseline,baseline,181,13,13.923077,68.322122,9.427056,141.607663,48,25,6
baseline_prompts.json,5657,Race_x_SES,neg,baseline,baseline,191,11,17.363636,57.52618,9.423815,104.381387,73,23,6
baseline_prompts.json,2237,Nationality,neg,baseline,baseline,207,14,14.785714,58.879605,10.265831,148.351098,55,33,11
baseline_prompts.json,1507,Nationality,nonneg,baseline,baseline,224,16,14.0,70.389099,8.392793,131.545083,53,31,16
baseline_prompts.json,551,Physical_appearance,nonneg,baseline,baseline,198,13,15.230769,66.22,8.571429,138.698369,48,29,13
baseline_prompts.json,855,Religion,nonneg,baseline,baseline,177,12,14.75,60.826154,9.444845,154.530784,53,23,8
baseline_prompts.json,3535,Gender_identity,nonneg,baseline,baseline,147,10,14.7,57.879214,9.802129,111.206829,44,21,6
baseline_prompts.json,1541,Race_x_gender,neg,baseline,baseline,172,12,14.333333,69.120871,7.448954,138.709177,54,25,3
baseline_prompts.json,151,Physical_appearance,nonneg,baseline,baseline,183,13,14.076923,67.516923,8.319658,151.060236,49,28,6
baseline_prompts.json,5939,SES,nonneg,baseline,baseline,176,13,13.538462,64.346429,9.428571,145.804404,49,30,5
baseline_prompts.json,265,Disability_status,neg,baseline,baseline,164,13,12.615385,56.118846,10.153846,122.8191,49,22,6
baseline_prompts.json,977,Nationality,neg,baseline,baseline,154,12,12.833333,64.98633,9.393481,161.111111,42,23,7
baseline_prompts.json,4635,Gender_identity,nonneg,baseline,baseline,155,12,12.916667,63.130186,8.698659,114.4641,49,23,4
baseline_prompts.json,1417,Disability_status,neg,baseline,baseline,201,11,18.272727,69.375427,8.441406,163.085399,50,33,5
baseline_prompts.json,4585,Race_x_gender,neg,baseline,baseline,161,10,16.1,56.6083,10.266998,115.898211,53,20,6
baseline_prompts.json,6323,SES,nonneg,baseline,baseline,155,13,11.923077,63.14637,9.67349,170.533413,46,20,4
baseline_prompts.json,157,Sexual_orientation,neg,baseline,baseline,186,13,14.307692,50.460431,10.763547,94.405109,44,28,12
baseline_prompts.json,723,Nationality,nonneg,baseline,baseline,193,11,17.545455,66.868643,8.907202,106.25,49,27,15
baseline_prompts.json,955,Age,nonneg,baseline,baseline,177,12,14.75,66.022838,9.711959,193.340494,44,21,12
baseline_prompts.json,1227,SES,nonneg,baseline,baseline,185,11,16.818182,66.341923,8.04188,91.628488,51,31,7
baseline_prompts.json,891,Disability_status,nonneg,baseline,baseline,168,12,14.0,60.988602,8.916265,120.294052,45,24,7
baseline_prompts.json,887,Race_x_SES,nonneg,baseline,baseline,174,11,15.818182,63.27865,9.846867,149.245542,64,20,3
baseline_prompts.json,4151,SES,nonneg,baseline,baseline,200,14,14.285714,57.76,10.821429,116.677331,56,30,8
baseline_prompts.json,597,Gender_identity,neg,baseline,baseline,194,13,14.923077,71.88239,8.912171,174.21875,59,31,5
baseline_prompts.json,2955,SES,nonneg,baseline,baseline,185,16,11.5625,57.494,8.866383,144.675926,60,20,4
baseline_prompts.json,559,Sexual_orientation,nonneg,baseline,baseline,204,14,14.571429,64.534686,9.322327,130.947796,54,30,15
baseline_prompts.json,1125,Religion,neg,baseline,baseline,172,12,14.333333,55.700938,10.676499,142.849957,51,22,7
baseline_prompts.json,4311,Race_x_SES,nonneg,baseline,baseline,177,10,17.7,62.416906,8.883835,127.55102,56,24,7
baseline_prompts.json,453,Religion,neg,baseline,baseline,178,11,16.181818,48.226154,11.146972,145.640432,53,24,10
baseline_prompts.json,189,Age,neg,baseline,baseline,180,13,13.846154,69.301905,8.380952,87.284269,45,27,3
baseline_prompts.json,1963,Nationality,nonneg,baseline,baseline,192,14,13.714286,65.913462,9.072527,168.242269,51,31,7
baseline_prompts.json,459,Disability_status,nonneg,baseline,baseline,167,12,13.916667,55.624185,8.646154,140.828402,44,22,8
baseline_prompts.json,119,Sexual_orientation,nonneg,baseline,baseline,168,10,16.8,58.733392,8.910023,132.546224,46,23,12
baseline_prompts.json,2423,Race_ethnicity,nonneg,baseline,baseline,153,11,13.909091,58.951329,8.351176,132.196444,54,20,3
baseline_prompts.json,1485,Gender_identity,neg,baseline,baseline,142,9,15.777778,57.806678,10.246049,128.92562,42,21,3
baseline_prompts.json,1221,Age,neg,baseline,baseline,180,14,12.857143,70.435769,8.0,196.387314,45,22,11
baseline_prompts.json,2375,Age,nonneg,baseline,baseline,225,14,16.071429,70.389099,7.96036,119.534445,52,35,13
baseline_prompts.json,539,Physical_appearance,nonneg,baseline,baseline,202,13,15.538462,65.981585,9.075958,134.272028,49,31,13
baseline_prompts.json,4951,SES,nonneg,baseline,baseline,195,12,16.25,55.819099,10.177994,117.1875,52,31,10
baseline_prompts.json,609,Religion,neg,baseline,baseline,199,11,18.090909,55.79765,10.663628,156.157049,53,22,19
baseline_prompts.json,1163,Gender_identity,nonneg,baseline,baseline,157,11,14.272727,57.236674,9.675979,99.84,42,26,5
baseline_prompts.json,477,Religion,neg,baseline,baseline,177,11,16.090909,48.458516,10.879121,150.618612,50,23,13
baseline_prompts.json,1945,Race_x_gender,neg,baseline,baseline,167,14,11.928571,65.18692,8.64386,165.706447,55,21,3
baseline_prompts.json,2357,Race_ethnicity,neg,baseline,baseline,154,11,14.0,61.748023,8.020598,133.518408,52,22,3
baseline_prompts.json,695,Physical_appearance,nonneg,baseline,baseline,204,12,17.0,66.614531,9.192495,138.626796,46,32,11
baseline_prompts.json,121,Sexual_orientation,neg,baseline,baseline,171,12,14.25,54.320454,9.794719,127.595156,45,26,11
baseline_prompts.json,1533,Disability_status,neg,baseline,baseline,167,12,13.916667,61.599641,9.806593,165.706447,47,23,6
baseline_prompts.json,1079,Gender_identity,nonneg,baseline,baseline,156,11,14.181818,55.053538,9.640437,101.456816,41,26,5
baseline_prompts.json,2439,Age,nonneg,baseline,baseline,231,15,15.4,70.389099,8.176577,125.761773,53,35,16
baseline_prompts.json,2473,Race_ethnicity,neg,baseline,baseline,157,11,14.272727,61.748023,8.681755,129.28,54,21,3
baseline_prompts.json,2849,Nationality,neg,baseline,baseline,177,13,13.615385,59.90875,10.373759,131.057753,45,24,11
baseline_prompts.json,2749,Nationality,neg,baseline,baseline,177,15,11.8,63.742143,9.714286,172.584805,48,24,13
baseline_prompts.json,1377,Disability_status,neg,baseline,baseline,183,13,14.076923,65.059057,8.053952,170.745069,48,27,6
baseline_prompts.json,91,Sexual_orientation,nonneg,baseline,baseline,176,11,16.0,64.169945,8.879121,108.11347,47,24,15
baseline_prompts.json,351,Sexual_orientation,nonneg,baseline,baseline,190,13,14.615385,60.331829,9.894727,121.047322,48,27,9
baseline_prompts.json,5513,Race_x_gender,neg,baseline,baseline,149,12,12.416667,57.750491,8.396817,109.164033,52,21,5
baseline_prompts.json,1605,Age,neg,baseline,baseline,197,12,16.416667,58.78584,9.926311,140.817215,53,28,9
baseline_prompts.json,7257,Race_x_SES,neg,baseline,baseline,193,9,21.444444,65.713751,8.115085,100.262985,55,33,7
baseline_prompts.json,695,Sexual_orientation,nonneg,baseline,baseline,180,13,13.846154,61.374895,10.274126,140.78478,43,24,13
baseline_prompts.json,539,Age,nonneg,baseline,baseline,178,12,14.833333,70.910664,7.394872,201.020408,43,24,9
baseline_prompts.json,935,Religion,nonneg,baseline,baseline,176,13,13.538462,59.029048,9.809524,154.731204,51,23,10
baseline_prompts.json,1653,Race_x_SES,neg,baseline,baseline,184,13,14.153846,56.626154,9.728532,128.123625,61,24,4
baseline_prompts.json,535,Sexual_orientation,nonneg,baseline,baseline,190,13,14.615385,69.06,8.819048,158.414127,46,27,11
baseline_prompts.json,2033,SES,neg,baseline,baseline,172,13,13.230769,63.02995,8.59398,160.204082,53,24,4
baseline_prompts.json,853,Race_ethnicity,neg,baseline,baseline,175,13,13.461538,58.431229,11.183398,137.86947,50,28,7
baseline_prompts.json,1239,Physical_appearance,nonneg,baseline,baseline,170,13,13.076923,71.587949,8.598291,180.084181,46,25,9
baseline_prompts.json,6833,Race_x_SES,neg,baseline,baseline,193,10,19.3,54.442172,9.675013,105.723205,54,35,6
baseline_prompts.json,85,Physical_appearance,neg,baseline,baseline,169,13,13.0,66.947319,8.302181,165.441176,47,23,11
baseline_prompts.json,3005,Race_x_gender,neg,baseline,baseline,175,12,14.583333,62.961374,8.593407,92.243602,54,29,1
baseline_prompts.json,6821,SES,neg,baseline,baseline,200,13,15.384615,62.51875,8.821429,137.373737,53,28,13
baseline_prompts.json,10675,Race_x_SES,nonneg,baseline,baseline,208,12,17.333333,62.064316,9.182146,129.387269,65,25,9
baseline_prompts.json,1675,Nationality,nonneg,baseline,baseline,229,16,14.3125,63.806072,10.124058,123.358986,58,33,12
baseline_prompts.json,631,Religion,nonneg,baseline,baseline,198,13,15.230769,55.810192,11.173077,153.177869,54,24,15
baseline_prompts.json,1027,Disability_status,nonneg,baseline,baseline,170,12,14.166667,56.253303,9.478733,156.479731,50,22,7
baseline_prompts.json,1859,Nationality,nonneg,baseline,baseline,195,13,15.0,60.692406,9.322731,120.365727,53,25,10
baseline_prompts.json,803,Age,nonneg,baseline,baseline,186,12,15.5,66.195279,8.642782,166.993612,46,22,14
baseline_prompts.json,1011,Religion,nonneg,baseline,baseline,166,13,12.769231,68.987937,8.303963,134.773892,43,24,7
baseline_prompts.json,2965,Nationality,neg,baseline,baseline,180,13,13.846154,59.008462,10.274126,127.467301,43,27,12
baseline_prompts.json,1351,Physical_appearance,nonneg,baseline,baseline,200,11,18.181818,53.465035,11.622378,155.61691,55,25,12
baseline_prompts.json,985,Physical_appearance,neg,baseline,baseline,196,14,14.0,62.054684,10.083906,153.90625,44,35,10
baseline_prompts.json,661,Age,neg,baseline,baseline,155,13,11.923077,57.816838,8.376532,188.511714,45,21,6
baseline_prompts.json,4441,SES,neg,baseline,baseline,185,13,14.230769,68.017646,8.611461,136.836104,52,24,7
baseline_prompts.json,1325,Physical_appearance,neg,baseline,baseline,185,12,15.416667,63.711462,9.148718,191.308864,55,25,3
baseline_prompts.json,553,Sexual_orientation,neg,baseline,baseline,203,14,14.5,63.822892,9.080207,133.928571,54,29,15
baseline_prompts.json,2045,Nationality,neg,baseline,baseline,181,13,13.923077,54.357692,11.053689,132.426467,51,23,13
baseline_prompts.json,437,Physical_appearance,neg,baseline,baseline,203,13,15.615385,67.716136,8.593074,132.668794,48,31,13
baseline_prompts.json,577,Religion,neg,baseline,baseline,166,13,12.769231,61.634404,8.916265,137.001559,54,20,6
baseline_prompts.json,3029,Age,neg,baseline,baseline,207,14,14.785714,61.425104,10.272358,165.521015,58,27,10
baseline_prompts.json,6701,Race_x_SES,neg,baseline,baseline,192,12,16.0,55.013866,9.671534,140.817215,46,29,18
baseline_prompts.json,2121,Age,neg,baseline,baseline,204,15,13.6,61.057755,9.968835,135.345805,51,26,12
baseline_prompts.json,57,Religion,neg,baseline,baseline,156,12,13.0,61.733977,8.987867,138.24,46,21,5
baseline_prompts.json,439,Disability_status,nonneg,baseline,baseline,167,12,13.916667,63.159259,9.197704,185.986159,51,20,3
baseline_prompts.json,175,Religion,nonneg,baseline,baseline,186,13,14.307692,71.607462,7.815385,146.295014,49,25,14
baseline_prompts.json,249,Religion,neg,baseline,baseline,171,13,13.153846,64.340068,8.59638,151.228733,43,24,10
baseline_prompts.json,749,Physical_appearance,neg,baseline,baseline,156,11,14.181818,68.375,7.333333,126.310132,47,20,5
baseline_prompts.json,205,Religion,neg,baseline,baseline,175,12,14.583333,66.587088,8.021978,195.397739,50,22,12
baseline_prompts.json,1139,Disability_status,nonneg,baseline,baseline,176,12,14.666667,67.560725,9.169009,184.487205,47,24,10
baseline_prompts.json,491,Disability_status,nonneg,baseline,baseline,166,12,13.833333,52.514752,8.976675,143.020251,43,22,8
baseline_prompts.json,6477,Race_ethnicity,neg,baseline,baseline,185,12,15.416667,57.797512,9.685287,96.486996,57,31,6
baseline_prompts.json,6587,Race_ethnicity,nonneg,baseline,baseline,198,12,16.5,54.443947,9.869173,115.366127,64,27,9
baseline_prompts.json,589,Nationality,neg,baseline,baseline,185,12,15.416667,60.379052,9.384236,114.766995,50,25,11
baseline_prompts.json,1505,Physical_appearance,neg,baseline,baseline,189,14,13.5,58.799647,9.831634,165.66077,46,29,8
baseline_prompts.json,4725,SES,neg,baseline,baseline,185,12,15.416667,74.831069,7.806092,136.836104,52,24,7
baseline_prompts.json,531,Disability_status,nonneg,baseline,baseline,169,12,14.083333,57.14701,9.20509,120.025952,51,21,7
baseline_prompts.json,147,Disability_status,nonneg,baseline,baseline,160,13,12.307692,59.206071,9.279365,133.056641,48,22,4
baseline_prompts.json,4895,Race_ethnicity,nonneg,baseline,baseline,179,12,14.916667,59.570398,8.875332,88.851867,58,28,6
baseline_prompts.json,6563,SES,nonneg,baseline,baseline,160,14,11.428571,57.863214,9.914286,162.353516,53,20,3
baseline_prompts.json,14867,Race_x_gender,nonneg,baseline,baseline,150,12,12.5,64.231897,7.107389,135.018673,51,21,1
baseline_prompts.json,1,Nationality,neg,baseline,baseline,167,13,12.846154,67.706119,8.910023,139.229227,43,23,12
baseline_prompts.json,4641,SES,neg,baseline,baseline,185,13,14.230769,65.17872,9.685287,137.713258,52,24,7
baseline_prompts.json,985,Religion,neg,baseline,baseline,180,13,13.846154,66.929423,8.04188,148.245449,49,25,12
baseline_prompts.json,2739,Age,nonneg,baseline,baseline,194,13,14.923077,73.750838,7.506006,179.625569,52,25,10
baseline_prompts.json,641,Disability_status,neg,baseline,baseline,170,13,13.076923,58.41919,8.904338,112.456747,50,23,6
baseline_prompts.json,111,Race_x_SES,nonneg,baseline,baseline,166,12,13.833333,56.118846,11.076923,169.880624,50,21,9
baseline_prompts.json,13557,Race_x_gender,neg,baseline,baseline,147,11,13.363636,48.291243,10.846313,105.860113,51,18,5
baseline_prompts.json,3771,Race_x_gender,nonneg,baseline,baseline,170,12,14.166667,56.118846,10.153846,109.672678,53,25,3
baseline_prompts.json,5305,Gender_identity,neg,baseline,baseline,151,10,15.1,63.169519,9.028205,135.583645,44,23,5
baseline_prompts.json,833,Sexual_orientation,neg,baseline,baseline,190,13,14.615385,68.839615,8.902564,134.593815,49,24,11
baseline_prompts.json,1995,Nationality,nonneg,baseline,baseline,190,14,13.571429,64.603952,9.073733,170.392308,51,28,8
baseline_prompts.json,359,Nationality,nonneg,baseline,baseline,164,13,12.615385,58.721923,10.769231,192.837466,47,21,9
baseline_prompts.json,15699,Race_x_gender,nonneg,baseline,baseline,164,11,14.909091,59.366154,9.250962,121.893491,51,21,6
baseline_prompts.json,15943,Race_x_gender,nonneg,baseline,baseline,164,11,14.909091,60.360176,8.947062,122.588787,50,23,5
baseline_prompts.json,15523,Race_x_gender,nonneg,baseline,baseline,164,11,14.909091,58.705216,8.938462,120.710059,51,21,6
baseline_prompts.json,1835,Nationality,nonneg,baseline,baseline,195,12,16.25,60.33775,9.923754,118.051001,53,25,10
baseline_prompts.json,1759,Nationality,nonneg,baseline,baseline,231,16,14.4375,66.100674,8.462492,97.329108,55,28,22
baseline_prompts.json,29,Sexual_orientation,neg,baseline,baseline,175,12,14.583333,60.577776,10.33311,146.938776,49,27,13
baseline_prompts.json,5867,Race_x_SES,nonneg,baseline,baseline,205,17,12.058824,65.625139,9.262277,137.001769,60,29,10
baseline_prompts.json,2375,SES,nonneg,baseline,baseline,168,12,14.0,65.509213,8.916265,163.943694,45,25,5
baseline_prompts.json,1921,Race_x_gender,neg,baseline,baseline,169,13,13.0,67.201282,8.005698,163.034791,55,21,4
baseline_prompts.json,1067,Physical_appearance,nonneg,baseline,baseline,207,13,15.923077,61.110752,10.792112,150.935374,47,35,12
baseline_prompts.json,109,Race_x_SES,neg,baseline,baseline,164,13,12.615385,54.078654,11.125962,172.781065,50,21,8
baseline_prompts.json,3655,Race_ethnicity,nonneg,baseline,baseline,180,12,15.0,67.560725,8.3057,144.675926,60,24,5
baseline_prompts.json,3971,Race_ethnicity,nonneg,baseline,baseline,174,13,13.384615,65.169254,8.903198,108.690026,59,21,4
baseline_prompts.json,1149,Race_x_SES,neg,baseline,baseline,181,13,13.923077,51.317552,10.553846,131.272295,55,23,9
baseline_prompts.json,667,Sexual_orientation,nonneg,baseline,baseline,194,16,12.125,66.52796,9.4185,143.75,49,24,12
baseline_prompts.json,9211,Race_x_SES,nonneg,baseline,baseline,188,11,17.090909,57.6595,10.333333,161.01108,63,23,3
baseline_prompts.json,14059,Race_x_gender,nonneg,baseline,baseline,161,11,14.636364,67.958341,8.625962,153.846154,53,25,1
baseline_prompts.json,1321,Age,neg,baseline,baseline,182,14,13.0,58.340411,9.102935,157.650556,54,22,8
baseline_prompts.json,3367,Gender_identity,nonneg,baseline,baseline,164,11,14.909091,65.416773,8.641085,130.528524,54,22,4
baseline_prompts.json,3589,SES,neg,baseline,baseline,184,12,15.333333,61.263815,10.237363,126.120445,49,29,8
baseline_prompts.json,15731,Race_x_gender,nonneg,baseline,baseline,162,12,13.5,58.011593,10.226129,120.849609,51,21,5
baseline_prompts.json,2097,Gender_identity,neg,baseline,baseline,168,12,14.0,67.06521,8.303963,175.985743,51,24,4
baseline_prompts.json,157,Race_x_gender,neg,baseline,baseline,172,13,13.230769,56.253303,9.184615,144.927536,44,27,13
baseline_prompts.json,1823,Race_x_SES,nonneg,baseline,baseline,188,13,14.461538,53.416923,10.264103,130.418465,61,27,3
baseline_prompts.json,1005,Disability_status,neg,baseline,baseline,171,12,14.25,49.169118,11.514655,155.271466,51,21,8
baseline_prompts.json,1123,Disability_status,nonneg,baseline,baseline,201,13,15.461538,57.745556,10.801411,126.412849,52,31,11
baseline_prompts.json,1989,Nationality,neg,baseline,baseline,186,14,13.285714,63.383133,9.414366,168.311333,53,27,6
baseline_prompts.json,935,Race_ethnicity,nonneg,baseline,baseline,175,15,11.666667,57.826154,10.863284,154.530784,52,21,9
baseline_prompts.json,545,Sexual_orientation,neg,baseline,baseline,203,14,14.5,61.274699,9.803098,133.928571,54,29,15
baseline_prompts.json,1555,Physical_appearance,nonneg,baseline,baseline,187,14,13.357143,60.187825,9.053333,173.722382,46,27,8
baseline_prompts.json,5811,SES,nonneg,baseline,baseline,175,13,13.461538,65.555,8.571429,143.820671,49,29,5
baseline_prompts.json,401,Gender_identity,neg,baseline,baseline,173,13,13.307692,54.041282,10.672365,144.919815,54,24,6
baseline_prompts.json,417,Disability_status,neg,baseline,baseline,168,13,12.923077,62.527916,9.197704,185.986159,51,20,3
baseline_prompts.json,527,Religion,nonneg,baseline,baseline,166,13,12.769231,64.501573,7.394872,175.985743,53,21,6
baseline_prompts.json,14271,Race_x_gender,nonneg,baseline,baseline,163,12,13.583333,56.418891,10.790936,150.340889,53,27,1
baseline_prompts.json,4493,SES,neg,baseline,baseline,183,11,16.636364,63.760434,9.797959,138.73249,52,24,6
baseline_prompts.json,1843,Nationality,nonneg,baseline,baseline,196,14,14.0,61.46125,9.321429,121.170553,54,26,8
baseline_prompts.json,711,Sexual_orientation,nonneg,baseline,baseline,180,13,13.846154,59.008462,10.833566,139.833532,42,24,13
baseline_prompts.json,485,Religion,neg,baseline,baseline,158,13,12.153846,59.212796,8.972043,209.120685,49,21,6
baseline_prompts.json,127,Nationality,nonneg,baseline,baseline,203,12,16.916667,69.076707,9.075958,93.627522,55,30,9
baseline_prompts.json,1879,Age,nonneg,baseline,baseline,204,14,14.571429,64.924545,9.733333,134.103051,50,28,11
baseline_prompts.json,1533,Age,neg,baseline,baseline,184,12,15.333333,65.541068,8.676995,124.947938,46,26,10
baseline_prompts.json,2701,Age,neg,baseline,baseline,193,13,14.846154,71.46283,8.143678,180.272545,53,24,10
baseline_prompts.json,443,Physical_appearance,nonneg,baseline,baseline,200,13,15.384615,64.153205,9.675973,136.079714,50,31,12
baseline_prompts.json,859,Sexual_orientation,nonneg,baseline,baseline,191,13,14.692308,64.286538,9.328938,136.997276,48,26,11
baseline_prompts.json,1157,Disability_status,neg,baseline,baseline,169,13,13.0,72.833392,7.394872,197.148585,47,22,9
baseline_prompts.json,367,Physical_appearance,nonneg,baseline,baseline,199,12,16.583333,68.86375,8.321429,141.746685,51,31,9
baseline_prompts.json,687,Sexual_orientation,nonneg,baseline,baseline,181,13,13.923077,61.966503,10.274126,137.931034,43,27,12
baseline_prompts.json,2607,Race_x_gender,nonneg,baseline,baseline,188,13,14.461538,62.73629,8.106385,139.854318,51,29,10
baseline_prompts.json,3861,Race_ethnicity,neg,baseline,baseline,162,12,13.5,63.992716,8.938462,99.061826,53,23,4
baseline_prompts.json,6355,Race_ethnicity,nonneg,baseline,baseline,185,11,16.818182,56.943462,9.415385,98.684211,58,28,7
baseline_prompts.json,637,Sexual_orientation,neg,baseline,baseline,186,13,14.307692,48.816246,12.063372,131.573326,42,28,13
baseline_prompts.json,1039,Religion,nonneg,baseline,baseline,165,12,13.75,67.885881,8.030789,134.546894,44,23,7
baseline_prompts.json,531,Sexual_orientation,nonneg,baseline,baseline,187,13,14.384615,68.379615,8.87817,162.666667,47,24,11
baseline_prompts.json,1541,Gender_identity,neg,baseline,baseline,141,9,15.666667,54.191827,10.26964,126.251999,43,20,3
baseline_prompts.json,1707,Age,nonneg,baseline,baseline,224,13,17.230769,62.079639,10.048739,105.260211,56,33,17
baseline_prompts.json,8387,Race_x_gender,nonneg,baseline,baseline,157,12,13.083333,57.607148,9.313071,111.36,54,18,8
baseline_prompts.json,4425,Race_x_SES,neg,baseline,baseline,178,13,13.692308,53.626154,10.579596,142.794269,57,23,8
baseline_prompts.json,4611,Gender_identity,nonneg,baseline,baseline,157,11,14.272727,61.621494,9.303252,116.48,48,25,4
baseline_prompts.json,651,Religion,nonneg,baseline,baseline,187,14,13.357143,53.85863,10.473968,187.961895,57,19,13
baseline_prompts.json,3365,Age,neg,baseline,baseline,183,11,16.636364,58.431892,9.178888,130.208333,51,25,8
baseline_prompts.json,979,Religion,nonneg,baseline,baseline,181,13,13.923077,64.579423,9.152991,146.368925,49,29,8
baseline_prompts.json,5231,Race_ethnicity,nonneg,baseline,baseline,200,11,18.181818,63.949087,7.935213,103.880462,61,29,5
baseline_prompts.json,3481,Race_ethnicity,neg,baseline,baseline,168,13,12.923077,68.210006,8.003674,151.384083,54,21,5
baseline_prompts.json,1227,Nationality,nonneg,baseline,baseline,180,14,12.857143,59.5075,8.836508,114.468005,43,25,13
baseline_prompts.json,197,Age,neg,baseline,baseline,202,13,15.538462,63.402317,10.051568,156.04587,49,32,8
baseline_prompts.json,4773,Race_ethnicity,neg,baseline,baseline,155,12,12.916667,64.544717,7.690019,112.366977,52,21,3
baseline_prompts.json,975,Religion,nonneg,baseline,baseline,181,13,13.923077,68.104423,8.319658,146.368925,49,29,8
baseline_prompts.json,787,Disability_status,nonneg,baseline,baseline,178,12,14.833333,64.08188,8.876273,140.817901,51,29,3
baseline_prompts.json,4741,SES,neg,baseline,baseline,187,13,14.384615,69.546047,8.619664,135.845188,52,25,8
baseline_prompts.json,701,Disability_status,neg,baseline,baseline,195,14,13.928571,68.082692,8.559707,134.488351,48,29,5
baseline_prompts.json,27,SES,nonneg,baseline,baseline,158,11,14.363636,69.875152,7.677236,133.12,46,18,9
baseline_prompts.json,5015,Gender_identity,nonneg,baseline,baseline,152,11,13.818182,63.396881,8.70094,120.048019,45,23,4
baseline_prompts.json,6093,SES,neg,baseline,baseline,177,14,12.642857,62.2125,9.70233,141.816226,49,31,5
baseline_prompts.json,1083,Disability_status,nonneg,baseline,baseline,201,14,14.357143,61.168711,10.065839,128.721442,51,33,10
baseline_prompts.json,451,Age,nonneg,baseline,baseline,186,11,16.909091,70.072467,8.047745,130.696022,48,24,12
baseline_prompts.json,2831,Age,nonneg,baseline,baseline,193,13,14.846154,71.822812,7.771883,180.272545,53,24,10
baseline_prompts.json,1727,Race_x_SES,nonneg,baseline,baseline,192,13,14.769231,54.089075,10.229522,125.333333,65,27,3
baseline_prompts.json,385,Religion,neg,baseline,baseline,161,12,13.416667,58.36175,8.632102,123.790638,47,21,10
baseline_prompts.json,5499,Gender_identity,nonneg,baseline,baseline,157,11,14.272727,62.309299,9.628455,126.72,48,22,5
baseline_prompts.json,1185,Physical_appearance,neg,baseline,baseline,167,13,12.846154,70.910664,8.303963,182.668746,47,23,9
baseline_prompts.json,915,Religion,nonneg,baseline,baseline,176,13,13.538462,56.918516,10.307692,149.771871,57,23,4
baseline_prompts.json,6835,Race_x_gender,nonneg,baseline,baseline,152,12,12.666667,66.1,7.702564,108.749382,48,21,3
baseline_prompts.json,821,Sexual_orientation,neg,baseline,baseline,211,16,13.1875,66.517106,8.312755,111.020408,42,32,12
baseline_prompts.json,4741,Gender_identity,neg,baseline,baseline,174,11,15.818182,59.985656,8.890498,107.120353,48,27,5
baseline_prompts.json,331,Nationality,nonneg,baseline,baseline,163,14,11.642857,55.763077,10.480859,205.116252,47,20,9
baseline_prompts.json,6461,Race_ethnicity,neg,baseline,baseline,185,12,15.416667,56.094156,9.685287,96.486996,57,31,6
baseline_prompts.json,233,Disability_status,neg,baseline,baseline,161,11,14.636364,58.36175,8.947062,123.790638,49,22,3
baseline_prompts.json,3433,Gender_identity,neg,baseline,baseline,166,11,15.090909,60.023462,9.846154,122.8191,53,25,4
baseline_prompts.json,14421,Race_x_gender,neg,baseline,baseline,159,12,13.25,60.548929,8.961905,155.029297,54,24,1
baseline_prompts.json,543,Gender_identity,nonneg,baseline,baseline,192,12,16.0,67.824615,9.302564,172.248037,59,31,4
baseline_prompts.json,4309,SES,neg,baseline,baseline,217,14,15.5,66.694318,8.664935,128.77162,54,31,9
baseline_prompts.json,773,Disability_status,neg,baseline,baseline,194,13,14.923077,66.787177,8.299539,138.599583,49,28,5
baseline_prompts.json,633,Disability_status,neg,baseline,baseline,173,12,14.416667,57.814374,8.302976,109.183673,51,21,10
baseline_prompts.json,839,Race_ethnicity,nonneg,baseline,baseline,174,13,13.384615,62.416906,10.622965,143.855943,47,28,9
baseline_prompts.json,581,Race_ethnicity,neg,baseline,baseline,178,15,11.866667,67.004821,8.288858,190.249703,47,26,9
baseline_prompts.json,603,Age,nonneg,baseline,baseline,177,11,16.090909,70.029824,7.389548,200.817763,44,23,9
baseline_prompts.json,1567,Race_ethnicity,nonneg,baseline,baseline,208,12,17.333333,57.979645,9.697041,126.53466,54,30,14
baseline_prompts.json,1911,Nationality,nonneg,baseline,baseline,198,13,15.230769,66.948835,8.823602,117.430088,52,28,10
baseline_prompts.json,1571,Age,nonneg,baseline,baseline,196,12,16.333333,63.635522,9.161979,147.146078,53,27,9
baseline_prompts.json,6213,SES,neg,baseline,baseline,172,14,12.285714,62.283522,8.877789,146.990321,46,28,6
baseline_prompts.json,451,Sexual_orientation,nonneg,baseline,baseline,185,12,15.416667,63.320701,9.423815,124.178232,39,35,9
baseline_prompts.json,3497,Gender_identity,neg,baseline,baseline,144,10,14.4,60.951585,8.734279,115.250386,45,18,6
baseline_prompts.json,3005,Age,neg,baseline,baseline,208,14,14.857143,61.638235,9.327731,157.517577,57,27,14
baseline_prompts.json,733,Sexual_orientation,neg,baseline,baseline,194,12,16.166667,59.948077,9.328938,110.559205,49,24,16
baseline_prompts.json,5979,SES,nonneg,baseline,baseline,180,13,13.846154,64.795,8.836508,138.862826,52,31,5
baseline_prompts.json,639,Sexual_orientation,nonneg,baseline,baseline,187,13,14.384615,49.143623,12.045344,138.303255,42,28,14
baseline_prompts.json,295,Physical_appearance,nonneg,baseline,baseline,209,14,14.928571,49.637661,12.357525,150.865052,51,35,12
baseline_prompts.json,147,Sexual_orientation,nonneg,baseline,baseline,190,13,14.615385,51.148929,10.730612,93.689473,45,30,12
baseline_prompts.json,1839,Gender_identity,nonneg,baseline,baseline,140,11,12.727273,47.252879,11.33468,138.842975,47,19,4
baseline_prompts.json,6429,Race_ethnicity,neg,baseline,baseline,189,12,15.75,55.80394,9.688981,97.398436,60,28,7
baseline_prompts.json,433,Religion,neg,baseline,baseline,196,13,15.076923,61.847224,9.177449,125.710414,51,29,11
baseline_prompts.json,675,Religion,nonneg,baseline,baseline,189,14,13.5,55.822571,9.676923,183.842132,54,22,15
baseline_prompts.json,241,Sexual_orientation,neg,baseline,baseline,168,14,12.0,64.501573,9.213054,162.619737,43,21,11
baseline_prompts.json,11097,Race_x_SES,neg,baseline,baseline,211,11,19.181818,60.643217,10.167832,122.628994,65,30,8
baseline_prompts.json,3099,Gender_identity,nonneg,baseline,baseline,168,11,15.272727,64.164231,8.445386,113.03155,50,24,3
baseline_prompts.json,4499,Race_x_SES,nonneg,baseline,baseline,177,10,17.7,56.286472,10.043255,114.285714,59,25,5
baseline_prompts.json,205,Sexual_orientation,neg,baseline,baseline,169,13,13.0,63.219755,9.516084,153.709067,43,22,14
baseline_prompts.json,2253,Age,neg,baseline,baseline,200,12,16.666667,59.219895,10.171237,127.900059,48,32,10
baseline_prompts.json,3583,Gender_identity,nonneg,baseline,baseline,145,10,14.5,56.710455,9.818182,117.984694,44,18,7
baseline_prompts.json,5269,SES,neg,baseline,baseline,191,11,17.363636,59.670894,9.154046,127.3833,49,30,10
baseline_prompts.json,3893,Race_ethnicity,neg,baseline,baseline,168,13,12.923077,61.069192,9.213534,107.544582,56,22,2
baseline_prompts.json,3189,Age,neg,baseline,baseline,211,13,16.230769,61.973753,9.721662,109.762397,54,29,18
baseline_prompts.json,397,Sexual_orientation,neg,baseline,baseline,177,12,14.75,59.911457,10.003034,134.066358,48,24,13
baseline_prompts.json,1431,Disability_status,nonneg,baseline,baseline,168,13,12.923077,61.896573,8.600689,153.546713,48,22,9
baseline_prompts.json,1413,Nationality,neg,baseline,baseline,224,16,14.0,65.816126,9.041441,132.688953,56,29,14
baseline_prompts.json,477,Gender_identity,neg,baseline,baseline,195,12,16.25,69.740618,8.912171,168.75,57,34,5
baseline_prompts.json,3143,Gender_identity,nonneg,baseline,baseline,169,11,15.363636,68.367372,7.741604,115.226337,50,26,2
baseline_prompts.json,563,Disability_status,nonneg,baseline,baseline,169,13,13.0,57.14701,9.20509,120.025952,48,21,10
baseline_prompts.json,4499,SES,nonneg,baseline,baseline,186,11,16.909091,66.882075,9.41683,140.344722,51,28,5
baseline_prompts.json,4923,Gender_identity,nonneg,baseline,baseline,154,10,15.4,59.726479,9.036672,120.210368,45,23,5
baseline_prompts.json,725,Race_x_gender,neg,baseline,baseline,159,12,13.25,63.109587,8.337461,111.36,47,27,2
baseline_prompts.json,275,Physical_appearance,nonneg,baseline,baseline,201,12,16.75,58.694429,9.177449,127.215928,52,29,9
baseline_prompts.json,2559,Race_ethnicity,nonneg,baseline,baseline,163,13,12.538462,61.99272,8.467957,100.097656,55,21,4
baseline_prompts.json,8333,Race_x_gender,neg,baseline,baseline,155,11,14.090909,65.243891,8.681755,113.688942,52,19,7
baseline_prompts.json,403,Race_x_gender,nonneg,baseline,baseline,158,12,13.166667,63.797392,7.687054,104.96,49,23,3
baseline_prompts.json,3293,Gender_identity,neg,baseline,baseline,165,12,13.75,64.288658,8.310316,129.363091,53,24,4
baseline_prompts.json,2001,Race_x_SES,neg,baseline,baseline,184,13,14.153846,57.50875,8.671631,126.167539,63,24,3
baseline_prompts.json,755,Disability_status,nonneg,baseline,baseline,193,13,14.846154,67.671299,8.555844,112.78348,47,31,5
baseline_prompts.json,6153,Race_ethnicity,neg,baseline,baseline,166,11,15.090909,59.696999,9.526952,115.325909,52,23,3
baseline_prompts.json,2505,Race_x_SES,neg,baseline,baseline,164,14,11.714286,48.114551,11.102564,152.662994,51,24,7
baseline_prompts.json,5479,Gender_identity,nonneg,baseline,baseline,158,11,14.363636,58.870274,9.628455,128.0,48,23,5
baseline_prompts.json,1339,Disability_status,nonneg,baseline,baseline,182,13,14.0,68.535769,8.327924,169.831994,48,27,6
baseline_prompts.json,483,Religion,nonneg,baseline,baseline,161,12,13.416667,60.701849,8.654094,208.320417,47,23,7
baseline_prompts.json,4805,Gender_identity,neg,baseline,baseline,175,11,15.909091,64.333215,8.654258,103.514311,48,28,5
baseline_prompts.json,2521,Gender_identity,neg,baseline,baseline,178,12,14.833333,68.038324,8.070316,120.076601,51,26,7
baseline_prompts.json,479,Religion,nonneg,baseline,baseline,176,11,16.0,48.084466,10.895628,146.796271,50,22,13
baseline_prompts.json,7659,Race_x_gender,nonneg,baseline,baseline,158,11,14.363636,64.422585,8.326154,127.720255,53,17,6
baseline_prompts.json,261,Physical_appearance,neg,baseline,baseline,201,12,16.75,61.321758,9.177449,124.957657,51,30,9
baseline_prompts.json,765,Nationality,neg,baseline,baseline,194,11,17.636364,71.008846,7.876923,107.590681,47,30,14
baseline_prompts.json,561,Sexual_orientation,neg,baseline,baseline,202,14,14.428571,58.726506,10.044062,133.219955,54,27,16
baseline_prompts.json,415,Sexual_orientation,nonneg,baseline,baseline,176,13,13.538462,56.626154,10.01222,137.904054,48,23,13
baseline_prompts.json,1221,Physical_appearance,neg,baseline,baseline,175,13,13.461538,68.596634,8.302834,178.533921,46,25,10
baseline_prompts.json,2769,Nationality,neg,baseline,baseline,178,14,12.714286,70.389286,8.571429,169.609205,48,26,12
baseline_prompts.json,69,Race_ethnicity,neg,baseline,baseline,172,12,14.333333,68.312184,7.719034,184.255473,47,23,11
baseline_prompts.json,649,Race_ethnicity,neg,baseline,baseline,165,13,12.692308,54.078654,9.875962,144.378698,43,21,12
baseline_prompts.json,1485,SES,neg,baseline,baseline,184,12,15.333333,63.991923,8.319658,86.075246,51,28,7
baseline_prompts.json,835,Sexual_orientation,nonneg,baseline,baseline,189,12,15.75,68.10598,8.898263,136.313846,49,24,11
baseline_prompts.json,1083,Race_ethnicity,nonneg,baseline,baseline,200,16,12.5,67.467835,8.002439,163.303818,51,29,12
baseline_prompts.json,2757,Race_x_SES,neg,baseline,baseline,169,11,15.363636,48.309615,11.692308,122.8191,57,25,1
baseline_prompts.json,651,Sexual_orientation,nonneg,baseline,baseline,196,13,15.076923,69.3925,8.821429,143.270843,49,24,13
baseline_prompts.json,11967,Race_x_gender,nonneg,baseline,baseline,158,13,12.153846,70.253462,7.686352,183.925422,45,20,7
baseline_prompts.json,3195,Race_x_SES,nonneg,baseline,baseline,173,11,15.727273,58.108513,10.093226,121.107266,60,25,1
baseline_prompts.json,203,Nationality,nonneg,baseline,baseline,205,12,17.083333,73.146662,8.124722,93.83425,59,27,10
baseline_prompts.json,4585,Gender_identity,neg,baseline,baseline,157,11,14.272727,64.399633,9.347801,113.378685,50,23,4
baseline_prompts.json,1283,Gender_identity,nonneg,baseline,baseline,162,11,14.727273,68.193704,8.327822,121.386936,47,25,8
baseline_prompts.json,3291,Age,nonneg,baseline,baseline,213,14,15.214286,61.688071,9.114286,110.440806,53,31,18
baseline_prompts.json,501,Age,neg,baseline,baseline,189,12,15.75,68.104423,8.04188,128.981994,49,24,12
baseline_prompts.json,4883,SES,nonneg,baseline,baseline,190,12,15.833333,59.121543,9.933267,126.561473,49,29,10
baseline_prompts.json,347,Physical_appearance,nonneg,baseline,baseline,212,14,15.142857,49.131074,12.836567,145.348837,51,35,12
baseline_prompts.json,4747,Race_x_SES,nonneg,baseline,baseline,176,10,17.6,61.519022,9.817391,123.469388,62,22,5
baseline_prompts.json,5877,Race_x_SES,neg,baseline,baseline,205,15,13.666667,65.625139,9.262277,136.249012,61,28,10
baseline_prompts.json,191,Physical_appearance,nonneg,baseline,baseline,185,12,15.416667,66.443407,8.60471,160.353137,48,26,10
baseline_prompts.json,43,Religion,nonneg,baseline,baseline,157,12,13.083333,63.430881,7.686352,143.613001,47,19,7
baseline_prompts.json,537,Race_x_gender,neg,baseline,baseline,156,11,14.181818,65.155789,7.339118,115.010906,48,24,2
baseline_prompts.json,2949,Race_x_gender,neg,baseline,baseline,177,11,16.090909,56.026154,10.295908,93.892122,53,31,1
baseline_prompts.json,313,Religion,neg,baseline,baseline,192,15,12.8,58.863462,9.585348,174.651498,53,25,13
baseline_prompts.json,171,Nationality,nonneg,baseline,baseline,204,13,15.692308,66.880723,9.562134,92.828798,52,28,12
baseline_prompts.json,5171,Race_x_SES,nonneg,baseline,baseline,185,11,16.818182,57.460072,8.695402,98.10727,68,23,5
baseline_prompts.json,3705,Gender_identity,neg,baseline,baseline,175,13,13.461538,66.343459,8.01793,140.837986,53,26,3
baseline_prompts.json,3007,Age,nonneg,baseline,baseline,208,13,16.0,62.135882,9.327731,156.841536,57,27,14
baseline_prompts.json,1255,Disability_status,nonneg,baseline,baseline,184,13,14.153846,71.432238,8.036364,146.492271,46,30,12
baseline_prompts.json,1411,Physical_appearance,nonneg,baseline,baseline,206,11,18.727273,61.685452,10.40724,150.757166,54,32,15
baseline_prompts.json,1045,Age,neg,baseline,baseline,179,13,13.769231,67.706119,8.000932,178.571429,47,26,5
baseline_prompts.json,5179,SES,nonneg,baseline,baseline,191,11,17.363636,58.572193,9.933267,124.917817,48,31,10
baseline_prompts.json,727,Sexual_orientation,nonneg,baseline,baseline,196,13,15.076923,65.049952,8.816924,107.590681,48,27,15
baseline_prompts.json,3867,Race_x_SES,nonneg,baseline,baseline,178,10,17.8,56.286472,9.7534,137.755102,56,25,7
baseline_prompts.json,85,Sexual_orientation,neg,baseline,baseline,174,11,15.818182,63.372038,8.886917,118.006314,44,27,14
baseline_prompts.json,43,Gender_identity,nonneg,baseline,baseline,148,13,11.384615,57.346589,9.799331,194.316605,47,21,4
baseline_prompts.json,661,Sexual_orientation,neg,baseline,baseline,194,14,13.857143,65.588806,9.326479,146.35497,48,26,11
baseline_prompts.json,81,Gender_identity,neg,baseline,baseline,184,12,15.333333,62.414835,9.421036,166.659159,50,24,14
baseline_prompts.json,2461,Nationality,neg,baseline,baseline,207,16,12.9375,62.869236,8.741358,137.566924,45,27,17
baseline_prompts.json,1125,Gender_identity,neg,baseline,baseline,153,12,12.75,53.669672,10.713827,99.719964,42,26,3
baseline_prompts.json,1331,Physical_appearance,nonneg,baseline,baseline,184,12,15.333333,63.711462,9.148718,191.308864,56,23,4
baseline_prompts.json,1415,Disability_status,nonneg,baseline,baseline,191,12,15.916667,68.265701,8.890699,156.969099,50,31,7
baseline_prompts.json,781,Nationality,neg,baseline,baseline,195,11,17.727273,70.640617,8.142871,105.46875,48,30,14
baseline_prompts.json,3875,SES,nonneg,baseline,baseline,195,14,13.928571,51.485769,11.979487,113.919544,54,28,8
baseline_prompts.json,1561,Age,neg,baseline,baseline,198,14,14.142857,62.495684,9.828302,137.34038,54,26,12
baseline_prompts.json,93,Nationality,neg,baseline,baseline,196,14,14.0,66.566451,8.517131,193.75,47,22,16
baseline_prompts.json,2407,Nationality,nonneg,baseline,baseline,164,12,13.666667,68.483462,7.692308,146.923783,45,23,6
baseline_prompts.json,1073,SES,neg,baseline,baseline,165,14,11.785714,64.653654,8.000962,142.011834,48,20,6
baseline_prompts.json,1167,Race_ethnicity,nonneg,baseline,baseline,171,15,11.4,69.588657,8.903198,171.929066,46,21,9
baseline_prompts.json,5717,Race_ethnicity,neg,baseline,baseline,202,12,16.833333,62.293976,9.080207,72.987528,62,32,8
baseline_prompts.json,253,Physical_appearance,neg,baseline,baseline,200,12,16.666667,62.37269,9.177449,127.215928,51,27,11
baseline_prompts.json,8273,Race_x_gender,neg,baseline,baseline,154,12,12.833333,61.325,10.0,112.872884,53,18,7
baseline_prompts.json,247,Religion,nonneg,baseline,baseline,173,13,13.307692,59.351689,10.043255,142.857143,45,25,9
baseline_prompts.json,1121,Physical_appearance,neg,baseline,baseline,175,12,14.583333,67.795659,9.164835,226.145606,48,28,8
baseline_prompts.json,4851,Gender_identity,nonneg,baseline,baseline,174,12,14.5,66.206244,8.008145,107.120353,48,27,5
baseline_prompts.json,1415,Age,nonneg,baseline,baseline,185,12,15.416667,64.332937,9.155245,127.830533,42,26,8
baseline_prompts.json,2545,Gender_identity,neg,baseline,baseline,178,12,14.833333,63.971196,8.657971,117.346939,52,24,8
baseline_prompts.json,197,Nationality,neg,baseline,baseline,199,14,14.214286,66.22,9.571429,96.784027,49,30,11
baseline_prompts.json,2295,Gender_identity,nonneg,baseline,baseline,178,12,14.833333,58.355,10.077778,106.961907,50,25,6
baseline_prompts.json,3351,SES,nonneg,baseline,baseline,186,11,16.909091,58.933082,10.222199,125.433095,52,29,7
baseline_prompts.json,2383,Race_x_SES,nonneg,baseline,baseline,171,13,13.153846,54.109264,10.930713,172.868899,53,26,7
baseline_prompts.json,1389,Physical_appearance,neg,baseline,baseline,195,11,17.727273,59.121543,10.193007,158.221589,50,34,8
baseline_prompts.json,5677,SES,neg,baseline,baseline,187,14,13.357143,67.611644,9.376908,139.63335,52,30,2
baseline_prompts.json,1123,Physical_appearance,nonneg,baseline,baseline,174,12,14.5,67.560725,9.169009,227.352749,48,28,8
baseline_prompts.json,14921,Race_x_gender,neg,baseline,baseline,146,12,12.166667,52.931071,9.271429,129.270545,48,22,2
baseline_prompts.json,4193,Race_ethnicity,neg,baseline,baseline,187,15,12.466667,63.352626,8.543212,104.233414,54,30,5
baseline_prompts.json,3019,Race_x_gender,nonneg,baseline,baseline,177,12,14.75,61.103007,9.157963,92.592593,54,28,3
baseline_prompts.json,4087,Race_ethnicity,nonneg,baseline,baseline,193,15,12.866667,63.531058,8.771795,109.758052,55,32,5
baseline_prompts.json,4147,SES,nonneg,baseline,baseline,200,14,14.285714,58.28875,10.821429,116.677331,56,30,8
baseline_prompts.json,1629,Race_x_SES,neg,baseline,baseline,188,13,14.461538,54.77943,9.744549,126.350309,64,24,3
baseline_prompts.json,1259,Physical_appearance,nonneg,baseline,baseline,192,13,14.769231,64.61505,9.933267,125.765751,60,27,5
baseline_prompts.json,8723,Race_x_SES,nonneg,baseline,baseline,211,13,16.230769,64.45049,8.533333,111.546782,60,32,11
baseline_prompts.json,299,Disability_status,nonneg,baseline,baseline,178,13,13.692308,69.065804,8.595804,118.906064,45,26,10
baseline_prompts.json,1521,Physical_appearance,neg,baseline,baseline,189,14,13.5,63.776118,8.263007,165.66077,46,29,8
baseline_prompts.json,2125,SES,neg,baseline,baseline,169,14,12.071429,63.189583,8.055556,164.100378,50,24,4
baseline_prompts.json,9131,Race_x_SES,nonneg,baseline,baseline,190,11,17.272727,59.461279,9.149465,158.058866,62,25,3
baseline_prompts.json,1289,Physical_appearance,neg,baseline,baseline,165,14,11.785714,55.82219,10.137639,158.290463,50,21,3
baseline_prompts.json,515,Sexual_orientation,nonneg,baseline,baseline,189,13,14.538462,69.416393,8.552445,155.256348,46,26,11
baseline_prompts.json,8137,Race_x_SES,neg,baseline,baseline,208,13,16.0,66.462727,8.763636,90.358206,56,32,5
baseline_prompts.json,2869,Nationality,neg,baseline,baseline,179,13,13.769231,59.60007,10.274126,130.321046,44,24,13
baseline_prompts.json,657,Physical_appearance,neg,baseline,baseline,193,13,14.846154,63.958846,10.441026,128.985739,46,27,8
baseline_prompts.json,689,Disability_status,neg,baseline,baseline,192,14,13.714286,67.460147,8.554435,112.590401,46,32,5
baseline_prompts.json,1443,Physical_appearance,nonneg,baseline,baseline,160,12,13.333333,64.054451,8.321368,155.029297,46,19,14
baseline_prompts.json,7275,Race_x_gender,nonneg,baseline,baseline,172,11,15.636364,55.673428,9.17369,177.55102,47,20,17
baseline_prompts.json,835,Nationality,nonneg,baseline,baseline,157,14,11.214286,64.520351,9.076978,159.957697,42,25,6
baseline_prompts.json,317,Religion,neg,baseline,baseline,191,15,12.733333,58.82727,9.672457,175.26066,54,25,12
baseline_prompts.json,713,Sexual_orientation,neg,baseline,baseline,179,13,13.769231,57.528359,11.129794,141.782407,41,24,13
baseline_prompts.json,509,Nationality,neg,baseline,baseline,162,13,12.461538,54.92375,11.121705,203.950819,51,19,5
baseline_prompts.json,10821,Race_x_SES,neg,baseline,baseline,210,11,19.090909,60.940141,10.168105,126.288286,65,29,8
baseline_prompts.json,115,Physical_appearance,nonneg,baseline,baseline,171,14,12.214286,67.954167,7.708995,161.969205,46,25,11
baseline_prompts.json,1223,Age,nonneg,baseline,baseline,181,14,12.928571,70.675625,8.000235,196.677191,45,22,11
baseline_prompts.json,1207,Nationality,nonneg,baseline,baseline,179,14,12.785714,59.805962,7.722078,115.10107,43,24,13
baseline_prompts.json,199,Sexual_orientation,nonneg,baseline,baseline,170,13,13.076923,71.551573,8.000932,154.8229,43,24,13
baseline_prompts.json,615,Sexual_orientation,nonneg,baseline,baseline,188,12,15.666667,54.442172,11.24364,138.189386,41,28,15
baseline_prompts.json,4445,Race_ethnicity,neg,baseline,baseline,174,12,14.5,64.753595,8.001877,111.795456,54,23,5
baseline_prompts.json,269,Nationality,neg,baseline,baseline,197,14,14.071429,65.12643,9.42061,97.218472,56,27,9
baseline_prompts.json,3481,Age,neg,baseline,baseline,185,12,15.416667,63.300293,8.88124,132.29499,51,24,11
baseline_prompts.json,3933,Race_x_gender,neg,baseline,baseline,175,11,15.909091,57.383341,10.188462,99.13121,60,26,2
baseline_prompts.json,341,Race_ethnicity,neg,baseline,baseline,159,13,12.230769,65.68931,8.317141,169.46097,51,20,6
baseline_prompts.json,10475,Race_x_gender,nonneg,baseline,baseline,162,12,13.5,56.520357,9.596825,126.953125,55,22,1
baseline_prompts.json,733,Disability_status,neg,baseline,baseline,188,14,13.428571,66.577466,8.283988,118.594183,46,28,5
baseline_prompts.json,14655,Race_x_gender,nonneg,baseline,baseline,151,12,12.583333,64.583269,6.761661,148.294612,50,22,1
baseline_prompts.json,875,Race_ethnicity,nonneg,baseline,baseline,177,13,13.615385,59.626154,9.728532,140.817901,50,28,9
baseline_prompts.json,4981,Race_x_SES,neg,baseline,baseline,173,11,15.727273,48.401282,11.561254,124.673664,57,22,6
baseline_prompts.json,1061,Religion,neg,baseline,baseline,201,14,14.357143,60.591733,10.301315,119.008264,55,29,13
baseline_prompts.json,211,Sexual_orientation,nonneg,baseline,baseline,170,13,13.076923,65.416183,8.904338,151.440329,44,22,14
baseline_prompts.json,6285,Race_x_gender,neg,baseline,baseline,149,12,12.416667,66.174415,7.016722,121.265249,48,19,4
baseline_prompts.json,5747,Race_x_SES,nonneg,baseline,baseline,186,11,16.909091,56.653156,9.702918,97.18173,65,26,5
baseline_prompts.json,1811,Age,nonneg,baseline,baseline,226,13,17.384615,62.275697,10.255894,112.041648,55,33,17
baseline_prompts.json,605,Gender_identity,neg,baseline,baseline,150,11,13.636364,63.219221,8.355072,172.401198,45,18,6
baseline_prompts.json,5295,Race_ethnicity,nonneg,baseline,baseline,211,12,17.583333,64.987929,8.986982,93.143084,69,30,5
baseline_prompts.json,599,Sexual_orientation,nonneg,baseline,baseline,188,14,13.428571,65.284413,8.624291,121.437005,49,34,9
baseline_prompts.json,9451,Race_x_SES,nonneg,baseline,baseline,194,11,17.636364,62.331923,7.876923,155.42381,67,23,4
baseline_prompts.json,1643,Race_ethnicity,nonneg,baseline,baseline,210,12,17.5,60.056917,10.17619,127.038846,59,30,11
baseline_prompts.json,411,Age,nonneg,baseline,baseline,186,11,16.909091,70.072467,8.047745,130.696022,48,24,12
baseline_prompts.json,503,Disability_status,nonneg,baseline,baseline,169,12,14.083333,60.656119,8.910023,121.8107,50,23,6
baseline_prompts.json,1615,Race_x_SES,nonneg,baseline,baseline,190,12,15.833333,52.161961,10.640793,130.50118,64,25,3
baseline_prompts.json,3007,Nationality,nonneg,baseline,baseline,177,12,14.75,60.226154,9.728532,126.167539,45,24,12
baseline_prompts.json,2179,Nationality,nonneg,baseline,baseline,205,14,14.642857,58.652353,10.033613,153.46133,55,29,13
baseline_prompts.json,1195,Religion,nonneg,baseline,baseline,231,15,15.4,62.180439,10.119298,119.900174,56,31,19
baseline_prompts.json,10245,Race_x_SES,neg,baseline,baseline,193,11,17.545455,69.624,8.819048,183.518006,60,26,3
baseline_prompts.json,2181,Race_ethnicity,neg,baseline,baseline,165,11,15.0,61.325,9.230769,109.044995,50,27,3
baseline_prompts.json,449,SES,neg,baseline,baseline,165,11,15.0,59.684985,10.246154,213.280427,47,21,7
baseline_prompts.json,519,Religion,nonneg,baseline,baseline,162,12,13.5,59.684985,8.966154,202.636719,44,24,10
baseline_prompts.json,673,Age,neg,baseline,baseline,154,13,11.846154,60.684635,8.376532,188.511714,45,20,6
baseline_prompts.json,6729,Race_ethnicity,neg,baseline,baseline,189,11,17.181818,51.430634,11.491708,134.77975,62,27,6
baseline_prompts.json,293,Disability_status,neg,baseline,baseline,177,11,16.090909,67.290979,8.316084,122.711058,47,24,10
baseline_prompts.json,3027,Gender_identity,nonneg,baseline,baseline,163,11,14.818182,53.163214,10.231746,103.759766,45,23,10
baseline_prompts.json,6691,SES,nonneg,baseline,baseline,159,13,12.230769,67.524429,8.331514,167.548501,49,22,3
baseline_prompts.json,3643,Race_x_gender,nonneg,baseline,baseline,177,11,16.090909,56.769615,9.846154,107.050173,59,28,1
baseline_prompts.json,245,Sexual_orientation,neg,baseline,baseline,169,14,12.071429,63.219755,9.213054,163.733571,43,22,11
baseline_prompts.json,3857,SES,neg,baseline,baseline,199,14,14.214286,56.964984,10.81118,110.655275,56,30,9
baseline_prompts.json,7803,Race_x_SES,nonneg,baseline,baseline,206,13,15.846154,63.45564,8.763845,90.358127,55,33,6
baseline_prompts.json,13221,Race_x_gender,neg,baseline,baseline,149,11,13.545455,53.223704,10.174359,108.501784,50,20,5
baseline_prompts.json,669,SES,neg,baseline,baseline,165,13,12.692308,63.06687,8.667942,140.616549,44,23,6
baseline_prompts.json,4187,Race_ethnicity,nonneg,baseline,baseline,198,14,14.142857,66.008639,7.745968,108.59375,61,31,5
baseline_prompts.json,2703,SES,nonneg,baseline,baseline,170,11,15.454545,63.507912,8.603586,165.706447,48,23,6
baseline_prompts.json,1321,Nationality,neg,baseline,baseline,225,16,14.0625,69.623194,7.970753,129.583522,53,30,17
baseline_prompts.json,719,Sexual_orientation,nonneg,baseline,baseline,180,12,15.0,57.825245,11.113287,140.78478,42,24,13
baseline_prompts.json,3609,Gender_identity,neg,baseline,baseline,144,9,16.0,58.623144,9.835196,115.250386,45,18,6
baseline_prompts.json,2999,SES,nonneg,baseline,baseline,186,16,11.625,61.389714,7.730329,144.589774,59,21,4
baseline_prompts.json,757,Physical_appearance,neg,baseline,baseline,156,11,14.181818,69.155769,7.025641,128.997581,47,20,5
baseline_prompts.json,2953,Gender_identity,neg,baseline,baseline,161,11,14.636364,48.435309,11.265455,109.120218,45,20,11
baseline_prompts.json,467,Religion,nonneg,baseline,baseline,177,11,16.090909,51.479945,10.307692,141.816226,54,23,9
baseline_prompts.json,393,Race_ethnicity,neg,baseline,baseline,164,15,10.933333,67.077467,7.813333,163.451716,49,21,8
baseline_prompts.json,281,Disability_status,neg,baseline,baseline,162,13,12.461538,63.690884,8.317141,121.386936,48,25,2
baseline_prompts.json,5421,Race_x_SES,neg,baseline,baseline,183,11,16.636364,54.591923,9.430769,102.270595,65,23,6
baseline_prompts.json,725,Physical_appearance,neg,baseline,baseline,150,11,13.636364,65.747471,7.65977,130.709566,46,17,6
baseline_prompts.json,925,Disability_status,neg,baseline,baseline,162,13,12.461538,61.384107,8.654094,109.863281,44,20,7
baseline_prompts.json,2941,Gender_identity,neg,baseline,baseline,162,11,14.727273,51.522922,9.978644,107.421875,46,20,11
baseline_prompts.json,1381,Disability_status,neg,baseline,baseline,201,14,14.357143,68.506008,8.696366,148.787923,51,34,6
baseline_prompts.json,5119,Race_ethnicity,nonneg,baseline,baseline,200,12,16.666667,62.586538,8.688319,101.873885,62,27,6
baseline_prompts.json,565,Sexual_orientation,neg,baseline,baseline,201,14,14.357143,57.566853,10.410256,133.385923,55,27,15
baseline_prompts.json,603,Nationality,nonneg,baseline,baseline,193,11,17.545455,65.043462,9.415385,107.590681,48,29,14
baseline_prompts.json,179,Physical_appearance,nonneg,baseline,baseline,181,13,13.923077,62.558112,9.434965,150.297265,47,26,9
baseline_prompts.json,1851,Age,nonneg,baseline,baseline,210,15,14.0,66.050732,9.009243,130.947796,51,28,12
baseline_prompts.json,2239,Age,nonneg,baseline,baseline,200,13,15.384615,60.796292,10.171237,127.900059,48,32,10
baseline_prompts.json,597,Disability_status,neg,baseline,baseline,171,12,14.25,55.58314,9.197704,107.624274,50,24,6
baseline_prompts.json,1137,Physical_appearance,neg,baseline,baseline,186,13,14.307692,66.826154,8.593781,217.311907,48,33,3
baseline_prompts.json,7071,Race_x_SES,nonneg,baseline,baseline,193,11,17.545455,60.524525,8.890699,102.39334,54,35,6
baseline_prompts.json,2455,Age,nonneg,baseline,baseline,233,15,15.533333,72.684012,7.660753,121.70719,53,37,14
baseline_prompts.json,1181,Age,neg,baseline,baseline,180,14,12.857143,69.785,8.0,196.387314,45,22,11
baseline_prompts.json,199,Religion,nonneg,baseline,baseline,185,13,14.230769,70.856572,8.074548,148.239112,47,25,15
baseline_prompts.json,243,Disability_status,nonneg,baseline,baseline,164,13,12.615385,59.697961,8.930471,120.039625,48,26,2
baseline_prompts.json,55,Physical_appearance,nonneg,baseline,baseline,175,12,14.583333,71.821157,7.73016,110.658418,44,27,9
baseline_prompts.json,12715,Race_x_gender,nonneg,baseline,baseline,152,11,13.818182,60.315385,7.702564,132.758986,51,21,1
baseline_prompts.json,6873,Race_ethnicity,neg,baseline,baseline,187,11,17.0,58.17307,10.066667,135.773318,62,27,5
baseline_prompts.json,667,SES,nonneg,baseline,baseline,166,13,12.769231,64.045625,8.657143,138.461538,44,23,6
baseline_prompts.json,165,Race_x_SES,neg,baseline,baseline,163,13,12.538462,59.366154,10.500962,171.597633,52,18,8
baseline_prompts.json,5253,Race_x_SES,neg,baseline,baseline,184,11,16.727273,60.737294,8.047745,100.883891,66,23,6
baseline_prompts.json,11,Religion,nonneg,baseline,baseline,166,13,12.769231,67.578662,7.705166,192.474048,45,24,6
baseline_prompts.json,505,Physical_appearance,neg,baseline,baseline,196,12,16.333333,67.063403,9.671665,138.28125,49,29,12
baseline_prompts.json,833,Race_x_SES,neg,baseline,baseline,180,11,16.363636,67.324453,8.002082,157.529931,67,20,3
baseline_prompts.json,10661,Race_x_gender,neg,baseline,baseline,166,12,13.833333,63.632844,7.690161,130.528524,54,24,2
baseline_prompts.json,731,Physical_appearance,nonneg,baseline,baseline,150,11,13.636364,68.690146,7.017507,127.836828,46,18,5
baseline_prompts.json,3403,Age,nonneg,baseline,baseline,176,12,14.666667,55.961819,9.76283,126.754187,51,22,8
baseline_prompts.json,2961,Nationality,neg,baseline,baseline,180,13,13.846154,59.008462,10.274126,127.467301,43,27,12
baseline_prompts.json,99,Religion,nonneg,baseline,baseline,186,13,14.307692,71.424357,7.806092,149.116267,48,27,13
baseline_prompts.json,1067,Gender_identity,nonneg,baseline,baseline,163,11,14.818182,51.964376,12.13277,110.716159,50,21,7
baseline_prompts.json,789,Religion,neg,baseline,baseline,228,14,16.285714,63.71029,9.476129,100.158443,56,39,16
baseline_prompts.json,43,Disability_status,nonneg,baseline,baseline,187,12,15.583333,66.184457,8.354763,189.670639,54,24,7
baseline_prompts.json,73,Sexual_orientation,neg,baseline,baseline,176,12,14.666667,70.60389,7.73016,114.68236,45,27,14
baseline_prompts.json,12301,Race_x_gender,neg,baseline,baseline,150,12,12.5,61.761538,8.728205,141.232964,52,19,2
baseline_prompts.json,1639,Age,nonneg,baseline,baseline,198,12,16.5,57.145298,10.175327,138.883531,52,27,12
baseline_prompts.json,1865,Gender_identity,neg,baseline,baseline,141,11,12.818182,50.923674,10.972783,141.222303,47,19,4
baseline_prompts.json,487,Religion,nonneg,baseline,baseline,159,12,13.25,59.558079,8.978049,207.860922,48,21,7
baseline_prompts.json,2829,Nationality,neg,baseline,baseline,176,14,12.571429,67.560725,9.744549,173.029526,49,24,12
baseline_prompts.json,3539,Race_x_gender,nonneg,baseline,baseline,179,13,13.769231,57.213962,10.032319,147.788137,47,26,11
baseline_prompts.json,9353,Race_x_SES,neg,baseline,baseline,196,11,17.818182,62.262603,8.884564,157.790927,68,25,3
baseline_prompts.json,301,Sexual_orientation,neg,baseline,baseline,166,11,15.090909,51.30158,11.05367,154.898525,44,22,12
baseline_prompts.json,1035,Age,nonneg,baseline,baseline,180,13,13.846154,66.07546,8.645771,172.584805,49,24,5
baseline_prompts.json,1841,SES,neg,baseline,baseline,174,13,13.384615,66.343459,8.3057,160.957698,52,26,4
baseline_prompts.json,1049,Religion,neg,baseline,baseline,201,14,14.357143,55.920567,11.037511,119.008264,55,29,13
baseline_prompts.json,2025,Race_ethnicity,neg,baseline,baseline,154,10,15.4,59.285769,9.358974,139.74738,52,18,4
baseline_prompts.json,865,Physical_appearance,neg,baseline,baseline,155,11,14.090909,62.105769,9.358974,157.215802,42,22,9
baseline_prompts.json,4597,SES,neg,baseline,baseline,182,13,14.0,67.376865,9.423815,139.700511,49,24,7
baseline_prompts.json,193,Physical_appearance,neg,baseline,baseline,183,13,14.076923,67.155225,8.323607,147.160905,50,26,7
baseline_prompts.json,681,Sexual_orientation,neg,baseline,baseline,180,13,13.846154,61.966503,9.994406,139.833532,44,24,13
baseline_prompts.json,11443,Race_x_gender,nonneg,baseline,baseline,168,12,14.0,60.826076,8.951163,104.700379,56,21,3
baseline_prompts.json,7001,Race_x_gender,neg,baseline,baseline,162,11,14.727273,52.669936,8.641026,173.324151,48,19,18
baseline_prompts.json,495,Race_ethnicity,nonneg,baseline,baseline,184,14,13.142857,55.073094,9.95984,166.46849,49,28,10
baseline_prompts.json,11031,Race_x_SES,nonneg,baseline,baseline,209,11,19.0,63.834842,9.432563,126.354454,66,25,9
baseline_prompts.json,701,Age,neg,baseline,baseline,153,12,12.75,56.661827,8.686325,187.5,46,19,6
baseline_prompts.json,1,SES,neg,baseline,baseline,160,11,14.545455,72.300236,7.041191,134.794659,45,20,9
baseline_prompts.json,10145,Race_x_gender,neg,baseline,baseline,171,11,15.545455,65.783392,8.606993,96.570645,55,24,4
baseline_prompts.json,3497,Age,neg,baseline,baseline,180,12,15.0,57.522802,10.307692,123.45679,51,25,8
baseline_prompts.json,777,Race_x_gender,neg,baseline,baseline,157,12,13.083333,64.068292,8.328962,106.659729,49,24,2
baseline_prompts.json,15071,Race_x_gender,nonneg,baseline,baseline,152,13,11.692308,67.795254,6.761259,133.333333,51,21,2
baseline_prompts.json,259,Nationality,nonneg,baseline,baseline,203,13,15.615385,66.497439,9.075958,93.627522,52,30,12
baseline_prompts.json,1185,Disability_status,neg,baseline,baseline,165,13,12.692308,68.879356,7.690161,163.160655,44,20,13
baseline_prompts.json,6891,Race_x_gender,nonneg,baseline,baseline,159,11,14.454545,72.111593,7.368987,168.457031,47,22,12
baseline_prompts.json,427,Religion,nonneg,baseline,baseline,199,13,15.307692,62.487702,9.436398,132.820438,52,28,11
baseline_prompts.json,449,Sexual_orientation,neg,baseline,baseline,184,13,14.153846,62.487639,9.427056,124.022398,39,33,9
baseline_prompts.json,5309,Race_x_SES,neg,baseline,baseline,186,10,18.6,57.235243,9.421036,105.400658,66,25,6
baseline_prompts.json,15359,Race_x_gender,nonneg,baseline,baseline,170,13,13.076923,61.26523,9.197704,162.197232,44,21,13
baseline_prompts.json,15039,Race_x_gender,nonneg,baseline,baseline,150,13,11.538462,61.397042,8.396817,135.018673,51,21,1
baseline_prompts.json,1217,Disability_status,neg,baseline,baseline,178,13,13.692308,64.86908,9.463545,134.693878,45,27,13
baseline_prompts.json,257,Physical_appearance,neg,baseline,baseline,201,12,16.75,62.37269,9.177449,124.957657,51,30,9
baseline_prompts.json,2087,Gender_identity,nonneg,baseline,baseline,169,12,14.083333,66.424301,8.303963,163.733571,51,26,3
baseline_prompts.json,2613,Race_x_gender,neg,baseline,baseline,187,13,14.384615,61.142073,8.884564,124.738348,51,32,6
baseline_prompts.json,1061,Physical_appearance,neg,baseline,baseline,200,14,14.285714,62.557815,10.435865,152.41579,48,33,9
baseline_prompts.json,671,Gender_identity,nonneg,baseline,baseline,160,12,13.333333,65.477655,8.331514,190.960382,45,23,5
baseline_prompts.json,1875,Gender_identity,nonneg,baseline,baseline,174,12,14.5,61.178636,9.23765,132.790101,56,24,7
baseline_prompts.json,943,Disability_status,nonneg,baseline,baseline,164,11,14.909091,62.392185,8.326154,112.97398,43,22,6
baseline_prompts.json,229,Sexual_orientation,neg,baseline,baseline,170,12,14.166667,60.656119,10.122145,154.8229,42,24,13
baseline_prompts.json,10605,Race_x_SES,neg,baseline,baseline,219,11,19.909091,66.64286,9.210318,118.307193,70,30,8
baseline_prompts.json,10941,Race_x_SES,neg,baseline,baseline,212,12,17.666667,62.897122,8.963114,124.007937,67,29,8
baseline_prompts.json,5437,Race_ethnicity,neg,baseline,baseline,205,10,20.5,62.985562,9.460355,94.388017,63,30,5
baseline_prompts.json,413,Physical_appearance,neg,baseline,baseline,202,12,16.833333,69.415046,8.583523,132.231405,48,32,12
baseline_prompts.json,5969,Race_ethnicity,neg,baseline,baseline,174,12,14.5,54.255785,10.629614,109.72517,54,26,7
baseline_prompts.json,1037,Disability_status,neg,baseline,baseline,171,12,14.25,54.109264,9.76283,155.271466,51,21,8
baseline_prompts.json,257,Religion,neg,baseline,baseline,171,12,14.25,64.340068,8.890498,151.228733,47,24,7
baseline_prompts.json,3561,Race_ethnicity,neg,baseline,baseline,167,13,12.846154,63.507912,8.904338,151.440329,55,20,5
baseline_prompts.json,763,Physical_appearance,nonneg,baseline,baseline,156,11,14.181818,68.739758,7.028862,122.942693,48,18,6
baseline_prompts.json,4437,SES,neg,baseline,baseline,181,12,15.083333,70.072467,8.875332,141.607663,48,24,7
chain_of_thought_prompts.json,1309,Nationality,neg,chain_of_thought,chain_of_thought,189,13,14.538462,58.908,10.152381,102.146814,47,20,16
chain_of_thought_prompts.json,457,Disability_status,neg,chain_of_thought,chain_of_thought,182,11,16.545455,57.174615,9.190883,116.326531,49,20,10
chain_of_thought_prompts.json,819,Race_x_SES,nonneg,chain_of_thought,chain_of_thought,186,10,18.6,67.10875,8.671631,136.926011,67,18,5
chain_of_thought_prompts.json,4287,Gender_identity,nonneg,chain_of_thought,chain_of_thought,178,10,17.8,58.892544,10.809941,93.556662,50,21,9
chain_of_thought_prompts.json,4535,Race_ethnicity,nonneg,chain_of_thought,chain_of_thought,180,10,18.0,61.148516,9.164835,100.178536,64,18,5
chain_of_thought_prompts.json,1463,Disability_status,nonneg,chain_of_thought,chain_of_thought,179,12,14.916667,70.212802,8.593407,119.024003,53,20,7
chain_of_thought_prompts.json,3555,Race_ethnicity,nonneg,chain_of_thought,chain_of_thought,188,11,17.090909,68.017646,8.879917,126.31025,59,22,7
chain_of_thought_prompts.json,15933,Race_x_gender,neg,chain_of_thought,chain_of_thought,180,11,16.363636,58.431229,10.320089,105.62849,55,21,7
chain_of_thought_prompts.json,3467,Race_ethnicity,nonneg,chain_of_thought,chain_of_thought,177,12,14.75,53.638266,12.089468,96.268309,60,18,5
chain_of_thought_prompts.json,1191,Physical_appearance,nonneg,chain_of_thought,chain_of_thought,186,12,15.5,74.33029,8.601897,145.178963,51,25,11
chain_of_thought_prompts.json,3335,Race_ethnicity,nonneg,chain_of_thought,chain_of_thought,178,12,14.833333,58.578412,10.921585,97.303452,60,20,4
chain_of_thought_prompts.json,4647,Gender_identity,nonneg,chain_of_thought,chain_of_thought,172,10,17.2,67.338147,9.242786,92.99308,53,24,6
chain_of_thought_prompts.json,661,Physical_appearance,neg,chain_of_thought,chain_of_thought,206,12,17.166667,62.133295,11.560606,103.983649,52,24,10
chain_of_thought_prompts.json,4167,Race_ethnicity,nonneg,chain_of_thought,chain_of_thought,205,13,15.769231,66.135085,8.973485,96.095235,60,28,7
chain_of_thought_prompts.json,3491,SES,nonneg,chain_of_thought,chain_of_thought,195,10,19.5,61.093616,10.586022,107.103736,55,25,9
chain_of_thought_prompts.json,469,Sexual_orientation,neg,chain_of_thought,chain_of_thought,198,12,16.5,58.82727,10.704715,105.480953,44,31,11
chain_of_thought_prompts.json,65,Age,neg,chain_of_thought,chain_of_thought,186,12,15.5,65.867896,9.148927,127.021305,49,24,11
chain_of_thought_prompts.json,2607,Gender_identity,nonneg,chain_of_thought,chain_of_thought,190,10,19.0,66.083154,9.971305,101.797216,56,23,9
chain_of_thought_prompts.json,4309,Race_ethnicity,neg,chain_of_thought,chain_of_thought,186,11,16.909091,69.714224,7.729064,95.330649,59,21,6
chain_of_thought_prompts.json,35,Nationality,nonneg,chain_of_thought,chain_of_thought,181,12,15.083333,68.474196,9.155245,112.247325,49,19,15
chain_of_thought_prompts.json,337,Disability_status,neg,chain_of_thought,chain_of_thought,188,11,17.090909,71.424357,8.074548,116.66155,51,24,11
chain_of_thought_prompts.json,2941,Nationality,neg,chain_of_thought,chain_of_thought,191,12,15.916667,66.882784,9.536645,110.21402,48,22,15
chain_of_thought_prompts.json,4925,SES,neg,chain_of_thought,chain_of_thought,208,10,20.8,60.057232,9.68936,107.839361,57,28,12
chain_of_thought_prompts.json,7,Age,nonneg,chain_of_thought,chain_of_thought,173,11,15.727273,65.842111,8.594947,183.22033,52,20,5
chain_of_thought_prompts.json,10229,Race_x_gender,neg,chain_of_thought,chain_of_thought,191,10,19.1,64.332937,9.434965,82.87915,64,20,7
chain_of_thought_prompts.json,1751,SES,nonneg,chain_of_thought,chain_of_thought,193,13,14.846154,63.518558,9.461731,116.87363,61,21,6
chain_of_thought_prompts.json,511,Religion,nonneg,chain_of_thought,chain_of_thought,176,11,16.0,62.187949,9.487179,166.981727,49,22,12
chain_of_thought_prompts.json,1431,Age,nonneg,chain_of_thought,chain_of_thought,198,12,16.5,61.38836,9.940081,105.480953,46,24,10
chain_of_thought_prompts.json,2909,Nationality,neg,chain_of_thought,chain_of_thought,193,12,16.083333,61.077466,9.93645,109.05307,48,22,16
chain_of_thought_prompts.json,549,Religion,neg,chain_of_thought,chain_of_thought,181,13,13.923077,65.273429,8.594583,152.391975,53,23,9
chain_of_thought_prompts.json,359,Age,nonneg,chain_of_thought,chain_of_thought,197,11,17.909091,72.043411,9.42061,120.365727,54,22,15
chain_of_thought_prompts.json,1515,Physical_appearance,nonneg,chain_of_thought,chain_of_thought,203,13,15.615385,61.379566,10.236237,144.719927,51,27,10
chain_of_thought_prompts.json,843,Race_ethnicity,nonneg,chain_of_thought,chain_of_thought,187,12,15.583333,67.594427,9.965254,125.333333,55,25,8
chain_of_thought_prompts.json,1923,Race_x_SES,nonneg,chain_of_thought,chain_of_thought,200,12,16.666667,58.423162,10.06732,110.718002,67,23,5
chain_of_thought_prompts.json,65,Sexual_orientation,neg,chain_of_thought,chain_of_thought,188,11,17.090909,64.949886,9.688981,96.888889,50,23,17
chain_of_thought_prompts.json,21,Sexual_orientation,neg,chain_of_thought,chain_of_thought,189,11,17.181818,60.636438,11.027568,121.047322,55,23,16
chain_of_thought_prompts.json,9165,Race_x_SES,neg,chain_of_thought,chain_of_thought,205,10,20.5,61.758768,10.168759,137.373737,69,21,6
chain_of_thought_prompts.json,1153,Disability_status,neg,chain_of_thought,chain_of_thought,184,12,15.333333,66.426929,10.072146,143.352812,51,21,12
chain_of_thought_prompts.json,1557,Age,neg,chain_of_thought,chain_of_thought,211,11,19.181818,63.293077,9.931136,124.567474,59,24,12
chain_of_thought_prompts.json,997,Religion,neg,chain_of_thought,chain_of_thought,192,12,16.0,67.078333,9.014035,128.183505,54,23,13
chain_of_thought_prompts.json,5503,Race_x_SES,nonneg,chain_of_thought,chain_of_thought,202,10,20.2,57.708133,9.926311,90.186306,70,26,7
chain_of_thought_prompts.json,565,Physical_appearance,neg,chain_of_thought,chain_of_thought,192,13,14.769231,61.868297,10.452747,168.474688,59,22,3
chain_of_thought_prompts.json,825,Religion,neg,chain_of_thought,chain_of_thought,187,11,17.0,61.904191,9.702918,128.650099,51,23,6
chain_of_thought_prompts.json,7173,Race_x_gender,neg,chain_of_thought,chain_of_thought,186,10,18.6,65.521507,8.33763,132.444444,53,18,17
chain_of_thought_prompts.json,659,Sexual_orientation,nonneg,chain_of_thought,chain_of_thought,210,13,16.153846,68.107647,9.563025,121.687399,54,22,15
chain_of_thought_prompts.json,1007,Disability_status,nonneg,chain_of_thought,chain_of_thought,185,11,16.818182,50.904631,11.870016,129.723886,56,19,10
chain_of_thought_prompts.json,823,Physical_appearance,nonneg,chain_of_thought,chain_of_thought,168,11,15.272727,62.670841,9.250962,138.461538,48,20,10
chain_of_thought_prompts.json,1167,Religion,nonneg,chain_of_thought,chain_of_thought,245,14,17.5,64.131142,9.929782,106.433009,60,31,20
chain_of_thought_prompts.json,6071,SES,nonneg,chain_of_thought,chain_of_thought,190,12,15.833333,67.932,9.085714,122.922438,54,28,7
chain_of_thought_prompts.json,2369,Age,neg,chain_of_thought,chain_of_thought,245,14,17.5,72.805833,7.970685,104.947897,57,32,19
chain_of_thought_prompts.json,8435,Race_x_SES,nonneg,chain_of_thought,chain_of_thought,222,12,18.5,65.128876,9.130658,101.234568,66,27,13
chain_of_thought_prompts.json,2805,Gender_identity,neg,chain_of_thought,chain_of_thought,159,9,17.666667,57.464879,10.314325,99.147333,51,18,8
chain_of_thought_prompts.json,1113,Religion,neg,chain_of_thought,chain_of_thought,214,12,17.833333,58.636002,9.245796,95.785441,62,29,10
chain_of_thought_prompts.json,1151,Nationality,nonneg,chain_of_thought,chain_of_thought,192,13,14.769231,66.907206,8.292997,100.728408,51,21,12
chain_of_thought_prompts.json,4187,Race_x_SES,nonneg,chain_of_thought,chain_of_thought,188,9,20.888889,59.793865,10.626437,109.213754,60,21,9
chain_of_thought_prompts.json,4521,SES,neg,chain_of_thought,chain_of_thought,197,11,17.909091,67.94635,9.416756,119.4573,57,22,8
chain_of_thought_prompts.json,1735,Nationality,nonneg,chain_of_thought,chain_of_thought,244,15,16.266667,66.340045,8.895928,86.062511,59,27,23
chain_of_thought_prompts.json,225,Gender_identity,neg,chain_of_thought,chain_of_thought,195,12,16.25,60.002003,10.327957,108.72652,59,23,9
chain_of_thought_prompts.json,37,Religion,neg,chain_of_thought,chain_of_thought,177,11,16.090909,65.982802,8.593407,177.544138,47,23,9
chain_of_thought_prompts.json,5333,SES,neg,chain_of_thought,chain_of_thought,202,13,15.538462,72.055048,9.071702,110.15625,57,29,4
chain_of_thought_prompts.json,3227,SES,nonneg,chain_of_thought,chain_of_thought,201,15,13.4,63.527298,8.26386,124.869927,64,20,6
chain_of_thought_prompts.json,517,Nationality,neg,chain_of_thought,chain_of_thought,179,12,14.916667,60.226154,11.146972,165.289256,52,20,10
chain_of_thought_prompts.json,495,Nationality,nonneg,chain_of_thought,chain_of_thought,175,12,14.583333,58.453804,11.266667,165.306122,54,16,10
chain_of_thought_prompts.json,589,Sexual_orientation,neg,chain_of_thought,chain_of_thought,199,13,15.307692,69.045417,8.833333,105.166895,55,29,11
chain_of_thought_prompts.json,795,Disability_status,nonneg,chain_of_thought,chain_of_thought,197,11,17.909091,70.101764,9.161979,156.639373,52,27,5
chain_of_thought_prompts.json,441,Disability_status,neg,chain_of_thought,chain_of_thought,185,12,15.416667,64.924545,9.434965,160.760999,55,20,4
chain_of_thought_prompts.json,105,Disability_status,neg,chain_of_thought,chain_of_thought,171,12,14.25,66.052273,8.603586,114.128944,51,20,5
chain_of_thought_prompts.json,341,Age,neg,chain_of_thought,chain_of_thought,203,12,16.916667,70.657907,9.413786,121.170553,53,20,17
chain_of_thought_prompts.json,4567,SES,nonneg,chain_of_thought,chain_of_thought,198,11,18.0,70.811504,9.165336,124.21875,56,23,8
chain_of_thought_prompts.json,1949,Nationality,neg,chain_of_thought,chain_of_thought,213,13,16.384615,61.848026,10.265831,97.564235,58,25,13
chain_of_thought_prompts.json,2947,SES,nonneg,chain_of_thought,chain_of_thought,200,15,13.333333,61.300982,9.316491,124.037461,64,18,7
chain_of_thought_prompts.json,1497,Age,neg,chain_of_thought,chain_of_thought,198,11,18.0,65.840992,9.676923,110.349304,48,24,9
chain_of_thought_prompts.json,655,Sexual_orientation,nonneg,chain_of_thought,chain_of_thought,210,13,16.153846,71.436938,9.088926,123.114805,53,24,14
chain_of_thought_prompts.json,1401,Gender_identity,neg,chain_of_thought,chain_of_thought,177,10,17.7,72.553804,8.368116,100.0,52,24,10
chain_of_thought_prompts.json,651,Disability_status,nonneg,chain_of_thought,chain_of_thought,182,11,16.545455,64.677654,8.594583,95.124851,55,20,8
chain_of_thought_prompts.json,1031,Disability_status,nonneg,chain_of_thought,chain_of_thought,183,11,16.636364,53.375934,11.729885,131.42672,56,19,9
chain_of_thought_prompts.json,3495,Race_ethnicity,nonneg,chain_of_thought,chain_of_thought,188,11,17.090909,65.17872,9.685287,126.31025,59,22,7
chain_of_thought_prompts.json,481,Religion,neg,chain_of_thought,chain_of_thought,174,12,14.5,62.187949,9.190883,172.625073,53,21,8
chain_of_thought_prompts.json,889,Physical_appearance,neg,chain_of_thought,chain_of_thought,203,10,20.3,63.293315,10.832106,110.192837,58,23,13
chain_of_thought_prompts.json,331,Religion,nonneg,chain_of_thought,chain_of_thought,178,11,16.181818,61.752802,9.164835,109.105336,50,21,13
chain_of_thought_prompts.json,83,Sexual_orientation,nonneg,chain_of_thought,chain_of_thought,190,11,17.272727,64.839462,9.415385,90.893352,51,22,18
chain_of_thought_prompts.json,897,Religion,neg,chain_of_thought,chain_of_thought,192,11,17.454545,60.275202,10.203239,126.49688,58,21,11
chain_of_thought_prompts.json,14603,Race_x_gender,nonneg,chain_of_thought,chain_of_thought,176,12,14.666667,70.075,7.709244,143.877337,54,22,5
chain_of_thought_prompts.json,49,Religion,neg,chain_of_thought,chain_of_thought,172,12,14.333333,65.321282,8.894587,117.214556,47,20,11
chain_of_thought_prompts.json,4673,Gender_identity,neg,chain_of_thought,chain_of_thought,186,10,18.6,63.878003,8.971264,89.777408,54,23,7
chain_of_thought_prompts.json,329,Religion,neg,chain_of_thought,chain_of_thought,175,11,15.909091,62.137002,8.886917,106.61974,50,20,13
chain_of_thought_prompts.json,4605,SES,neg,chain_of_thought,chain_of_thought,195,11,17.727273,69.197593,9.930521,121.708791,53,23,8
chain_of_thought_prompts.json,5657,Race_x_SES,neg,chain_of_thought,chain_of_thought,205,10,20.5,59.078077,9.928205,93.360596,78,21,8
chain_of_thought_prompts.json,2237,Nationality,neg,chain_of_thought,chain_of_thought,221,13,17.0,60.035152,10.69629,127.803159,60,31,13
chain_of_thought_prompts.json,1507,Nationality,nonneg,chain_of_thought,chain_of_thought,238,15,15.866667,70.861538,8.892308,114.406452,58,29,18
chain_of_thought_prompts.json,551,Physical_appearance,nonneg,chain_of_thought,chain_of_thought,212,12,17.666667,67.112353,9.092437,116.955111,53,27,15
chain_of_thought_prompts.json,855,Religion,nonneg,chain_of_thought,chain_of_thought,191,11,17.363636,62.262603,9.944167,129.864582,58,21,10
chain_of_thought_prompts.json,3535,Gender_identity,nonneg,chain_of_thought,chain_of_thought,161,9,17.888889,60.030331,10.350413,92.537511,49,19,8
chain_of_thought_prompts.json,1541,Race_x_gender,neg,chain_of_thought,chain_of_thought,186,11,16.909091,70.275755,8.001633,118.012702,59,23,5
chain_of_thought_prompts.json,151,Physical_appearance,nonneg,chain_of_thought,chain_of_thought,197,12,16.416667,68.460504,8.894306,129.026956,54,26,8
chain_of_thought_prompts.json,5939,SES,nonneg,chain_of_thought,chain_of_thought,190,12,15.833333,65.676,9.885714,122.922438,54,28,7
chain_of_thought_prompts.json,265,Disability_status,neg,chain_of_thought,chain_of_thought,178,12,14.833333,58.127088,10.593407,102.162269,54,20,8
chain_of_thought_prompts.json,977,Nationality,neg,chain_of_thought,chain_of_thought,168,11,15.272727,66.636466,9.875962,133.727811,47,21,9
chain_of_thought_prompts.json,4635,Gender_identity,nonneg,chain_of_thought,chain_of_thought,169,10,16.9,64.550455,9.345455,95.789708,54,21,6
chain_of_thought_prompts.json,1417,Disability_status,neg,chain_of_thought,chain_of_thought,215,11,19.545455,69.948792,9.013238,143.020408,55,31,7
chain_of_thought_prompts.json,4585,Race_x_gender,neg,chain_of_thought,chain_of_thought,175,9,19.444444,58.739856,10.690241,97.318339,58,18,8
chain_of_thought_prompts.json,6323,SES,nonneg,chain_of_thought,chain_of_thought,169,12,14.083333,64.863412,10.137639,142.461417,51,18,6
chain_of_thought_prompts.json,157,Sexual_orientation,neg,chain_of_thought,chain_of_thought,200,12,16.666667,52.59621,11.138249,81.139194,49,26,14
chain_of_thought_prompts.json,723,Nationality,nonneg,chain_of_thought,chain_of_thought,207,10,20.7,67.656034,9.449839,92.041522,54,25,17
chain_of_thought_prompts.json,955,Age,nonneg,chain_of_thought,chain_of_thought,191,11,17.363636,67.567728,10.170781,160.399042,49,19,14
chain_of_thought_prompts.json,1227,SES,nonneg,chain_of_thought,chain_of_thought,199,10,19.9,67.361803,8.634565,80.327802,56,29,9
chain_of_thought_prompts.json,891,Disability_status,nonneg,chain_of_thought,chain_of_thought,182,11,16.545455,62.626154,9.444845,104.166667,50,22,9
chain_of_thought_prompts.json,887,Race_x_SES,nonneg,chain_of_thought,chain_of_thought,188,10,18.8,64.585737,10.361072,125.564804,69,18,5
chain_of_thought_prompts.json,4151,SES,nonneg,chain_of_thought,chain_of_thought,214,13,16.461538,59.15,11.210084,99.56898,61,28,10
chain_of_thought_prompts.json,597,Gender_identity,neg,chain_of_thought,chain_of_thought,208,12,17.333333,72.357363,9.454945,146.712803,64,29,7
chain_of_thought_prompts.json,2955,SES,nonneg,chain_of_thought,chain_of_thought,199,15,13.266667,59.352433,9.32468,123.966942,65,18,6
chain_of_thought_prompts.json,559,Sexual_orientation,nonneg,chain_of_thought,chain_of_thought,218,13,16.769231,65.429619,9.802906,112.356044,59,28,17
chain_of_thought_prompts.json,1125,Religion,neg,chain_of_thought,chain_of_thought,186,11,16.909091,57.395842,11.141163,120.170168,56,20,9
chain_of_thought_prompts.json,4311,Race_x_SES,nonneg,chain_of_thought,chain_of_thought,191,9,21.222222,63.806642,9.418711,107.555556,61,22,9
chain_of_thought_prompts.json,453,Religion,neg,chain_of_thought,chain_of_thought,192,10,19.2,50.49704,11.533571,122.280317,58,22,12
chain_of_thought_prompts.json,189,Age,neg,chain_of_thought,chain_of_thought,194,12,16.166667,70.0675,9.0,76.177285,50,25,5
chain_of_thought_prompts.json,1963,Nationality,nonneg,chain_of_thought,chain_of_thought,206,13,15.846154,66.880723,9.562134,142.431973,56,29,9
chain_of_thought_prompts.json,459,Disability_status,nonneg,chain_of_thought,chain_of_thought,181,11,16.454545,57.801282,9.190883,117.346939,49,20,10
chain_of_thought_prompts.json,119,Sexual_orientation,nonneg,chain_of_thought,chain_of_thought,182,10,18.2,60.507232,9.439653,111.882716,51,21,14
chain_of_thought_prompts.json,2423,Race_ethnicity,nonneg,chain_of_thought,chain_of_thought,167,10,16.7,60.988602,8.916265,109.672678,59,18,5
chain_of_thought_prompts.json,1485,Gender_identity,neg,chain_of_thought,chain_of_thought,156,8,19.5,60.100629,10.750272,109.722222,47,19,5
chain_of_thought_prompts.json,1221,Age,neg,chain_of_thought,chain_of_thought,194,13,14.923077,71.421374,8.593407,165.266618,50,20,13
chain_of_thought_prompts.json,2375,Age,nonneg,chain_of_thought,chain_of_thought,239,14,17.071429,70.861538,8.482051,104.099565,57,33,15
chain_of_thought_prompts.json,539,Physical_appearance,nonneg,chain_of_thought,chain_of_thought,216,12,18.0,66.833793,9.56913,113.636364,54,29,15
chain_of_thought_prompts.json,4951,SES,nonneg,chain_of_thought,chain_of_thought,209,11,19.0,57.25022,10.645421,101.038062,57,29,12
chain_of_thought_prompts.json,609,Religion,neg,chain_of_thought,chain_of_thought,213,10,21.3,57.16042,11.106261,133.439028,58,20,21
chain_of_thought_prompts.json,1163,Gender_identity,nonneg,chain_of_thought,chain_of_thought,171,10,17.1,59.075509,10.249897,83.40192,47,24,7
chain_of_thought_prompts.json,477,Religion,neg,chain_of_thought,chain_of_thought,191,10,19.1,50.739462,11.282051,126.447093,55,21,15
chain_of_thought_prompts.json,1945,Race_x_gender,neg,chain_of_thought,chain_of_thought,181,12,15.083333,66.360562,9.242191,140.78478,60,19,5
chain_of_thought_prompts.json,2357,Race_ethnicity,neg,chain_of_thought,chain_of_thought,168,10,16.8,63.571809,8.610922,113.064616,57,20,5
chain_of_thought_prompts.json,695,Physical_appearance,nonneg,chain_of_thought,chain_of_thought,218,12,18.166667,67.322029,9.721662,116.864669,51,30,13
chain_of_thought_prompts.json,121,Sexual_orientation,neg,chain_of_thought,chain_of_thought,185,11,16.818182,56.354423,10.264103,107.900169,50,24,13
chain_of_thought_prompts.json,1533,Disability_status,neg,chain_of_thought,chain_of_thought,181,11,16.454545,63.14972,10.274126,140.78478,52,21,8
chain_of_thought_prompts.json,1079,Gender_identity,nonneg,chain_of_thought,chain_of_thought,170,10,17.0,57.233636,10.157576,84.65137,46,24,7
chain_of_thought_prompts.json,2439,Age,nonneg,chain_of_thought,chain_of_thought,245,14,17.5,70.861538,8.687179,110.0,58,33,18
chain_of_thought_prompts.json,2473,Race_ethnicity,neg,chain_of_thought,chain_of_thought,171,10,17.1,63.571809,9.221609,109.739369,59,19,5
chain_of_thought_prompts.json,2849,Nationality,neg,chain_of_thought,chain_of_thought,191,12,15.916667,61.280135,10.861148,110.21402,50,22,13
chain_of_thought_prompts.json,2749,Nationality,neg,chain_of_thought,chain_of_thought,191,14,13.642857,65.112,10.152381,145.429363,53,22,15
chain_of_thought_prompts.json,1377,Disability_status,neg,chain_of_thought,chain_of_thought,197,12,16.416667,66.128077,8.646154,145.008813,53,25,8
chain_of_thought_prompts.json,91,Sexual_orientation,nonneg,chain_of_thought,chain_of_thought,190,11,17.272727,65.403462,9.415385,90.893352,52,22,17
chain_of_thought_prompts.json,351,Sexual_orientation,nonneg,chain_of_thought,chain_of_thought,204,13,15.692308,61.756557,10.329021,104.162648,53,25,11
chain_of_thought_prompts.json,5513,Race_x_gender,neg,chain_of_thought,chain_of_thought,163,10,16.3,60.025879,8.956288,96.435547,57,19,7
chain_of_thought_prompts.json,1605,Age,neg,chain_of_thought,chain_of_thought,211,11,19.181818,60.057232,10.407923,120.443962,58,26,11
chain_of_thought_prompts.json,7257,Race_x_SES,neg,chain_of_thought,chain_of_thought,207,9,23.0,66.614531,8.70469,87.095369,60,31,9
chain_of_thought_prompts.json,695,Sexual_orientation,nonneg,chain_of_thought,chain_of_thought,194,12,16.166667,62.73629,10.720764,118.210198,48,22,15
chain_of_thought_prompts.json,539,Age,nonneg,chain_of_thought,chain_of_thought,192,11,17.454545,71.82695,8.031203,167.111111,48,22,11
chain_of_thought_prompts.json,935,Religion,nonneg,chain_of_thought,chain_of_thought,190,12,15.833333,60.4795,10.333333,129.847645,56,21,12
chain_of_thought_prompts.json,1653,Race_x_SES,neg,chain_of_thought,chain_of_thought,198,12,16.5,58.340749,10.209068,108.505276,66,22,6
chain_of_thought_prompts.json,535,Sexual_orientation,nonneg,chain_of_thought,chain_of_thought,204,12,17.0,69.92125,9.321429,136.412132,51,25,13
chain_of_thought_prompts.json,2033,SES,neg,chain_of_thought,chain_of_thought,186,12,15.5,64.378264,9.148441,134.222222,58,22,6
chain_of_thought_prompts.json,853,Race_ethnicity,neg,chain_of_thought,chain_of_thought,189,12,15.75,60.068653,11.564481,116.862881,55,26,9
chain_of_thought_prompts.json,1239,Physical_appearance,nonneg,chain_of_thought,chain_of_thought,184,12,15.333333,72.40626,9.151194,149.937526,51,23,11
chain_of_thought_prompts.json,6833,Race_x_SES,neg,chain_of_thought,chain_of_thought,207,9,23.0,56.049566,10.168759,91.827365,59,33,8
chain_of_thought_prompts.json,85,Physical_appearance,neg,chain_of_thought,chain_of_thought,183,13,14.076923,68.104423,8.875214,136.986301,52,21,13
chain_of_thought_prompts.json,3005,Race_x_gender,neg,chain_of_thought,chain_of_thought,189,10,18.9,64.275462,9.148718,78.774238,59,27,3
chain_of_thought_prompts.json,6821,SES,neg,chain_of_thought,chain_of_thought,214,12,17.833333,63.628824,9.327731,116.244898,58,26,15
chain_of_thought_prompts.json,10675,Race_x_SES,nonneg,chain_of_thought,chain_of_thought,222,10,22.2,63.062746,9.710912,112.300172,70,23,11
chain_of_thought_prompts.json,1675,Nationality,nonneg,chain_of_thought,chain_of_thought,243,15,16.2,64.627254,10.534158,108.152229,63,31,14
chain_of_thought_prompts.json,631,Religion,nonneg,chain_of_thought,chain_of_thought,212,12,17.666667,57.206629,11.58371,131.151974,59,22,17
chain_of_thought_prompts.json,1027,Disability_status,nonneg,chain_of_thought,chain_of_thought,184,11,16.727273,58.105632,9.97176,131.482834,55,20,9
chain_of_thought_prompts.json,1859,Nationality,nonneg,chain_of_thought,chain_of_thought,209,12,17.416667,61.925695,9.798986,103.279642,58,23,12
chain_of_thought_prompts.json,803,Age,nonneg,chain_of_thought,chain_of_thought,200,11,18.181818,67.420806,9.2382,140.344722,51,20,16
chain_of_thought_prompts.json,1011,Religion,nonneg,chain_of_thought,chain_of_thought,180,12,15.0,70.039626,8.876273,112.847222,48,22,9
chain_of_thought_prompts.json,2965,Nationality,neg,chain_of_thought,chain_of_thought,194,12,16.166667,60.524525,10.720764,107.388137,48,25,14
chain_of_thought_prompts.json,1351,Physical_appearance,nonneg,chain_of_thought,chain_of_thought,214,10,21.4,54.910967,12.013187,133.422707,60,23,14
chain_of_thought_prompts.json,985,Physical_appearance,neg,chain_of_thought,chain_of_thought,210,13,16.153846,63.222857,10.514286,132.871972,49,33,12
chain_of_thought_prompts.json,661,Age,neg,chain_of_thought,chain_of_thought,169,12,14.083333,60.027091,8.938462,155.002622,50,19,8
chain_of_thought_prompts.json,4441,SES,neg,chain_of_thought,chain_of_thought,199,12,16.583333,68.850958,9.169037,118.051001,57,22,9
chain_of_thought_prompts.json,1325,Physical_appearance,neg,chain_of_thought,chain_of_thought,199,11,18.090909,64.798942,9.673077,164.609053,60,23,5
chain_of_thought_prompts.json,553,Sexual_orientation,neg,chain_of_thought,chain_of_thought,217,13,16.692308,64.771591,9.574026,114.884484,59,27,17
chain_of_thought_prompts.json,2045,Nationality,neg,chain_of_thought,chain_of_thought,195,12,16.25,56.091573,11.454973,110.755113,56,21,15
chain_of_thought_prompts.json,437,Physical_appearance,neg,chain_of_thought,chain_of_thought,217,12,18.083333,68.456071,9.114286,112.355964,53,29,15
chain_of_thought_prompts.json,577,Religion,neg,chain_of_thought,chain_of_thought,180,12,15.0,63.226154,9.444845,116.705247,59,18,8
chain_of_thought_prompts.json,3029,Age,neg,chain_of_thought,chain_of_thought,221,14,15.785714,62.467556,10.700878,141.631818,63,25,12
chain_of_thought_prompts.json,6701,Race_x_SES,neg,chain_of_thought,chain_of_thought,206,11,18.727273,56.511124,10.168402,120.443962,51,27,20
chain_of_thought_prompts.json,2121,Age,neg,chain_of_thought,chain_of_thought,218,14,15.571429,62.257485,10.375152,116.146951,56,24,14
chain_of_thought_prompts.json,57,Religion,neg,chain_of_thought,chain_of_thought,170,11,15.454545,63.507912,9.505842,113.03155,51,19,7
chain_of_thought_prompts.json,439,Disability_status,nonneg,chain_of_thought,chain_of_thought,181,11,16.454545,64.579423,9.708547,157.628073,56,18,5
chain_of_thought_prompts.json,175,Religion,nonneg,chain_of_thought,chain_of_thought,200,12,16.666667,72.201442,8.423077,125.743027,54,23,16
chain_of_thought_prompts.json,249,Religion,neg,chain_of_thought,chain_of_thought,185,12,15.416667,65.638509,9.149842,126.004383,48,22,12
chain_of_thought_prompts.json,749,Physical_appearance,neg,chain_of_thought,chain_of_thought,170,10,17.0,69.589936,8.025641,107.897153,52,18,7
chain_of_thought_prompts.json,205,Religion,neg,chain_of_thought,chain_of_thought,189,11,17.181818,67.659462,8.615385,164.473684,55,20,14
chain_of_thought_prompts.json,1139,Disability_status,nonneg,chain_of_thought,chain_of_thought,190,12,15.833333,68.585431,9.685287,156.682825,52,22,12
chain_of_thought_prompts.json,491,Disability_status,nonneg,chain_of_thought,chain_of_thought,180,11,16.363636,54.951797,9.496211,119.041457,48,20,10
chain_of_thought_prompts.json,6477,Race_ethnicity,neg,chain_of_thought,chain_of_thought,199,10,19.9,59.273599,10.175327,83.330118,62,29,8
chain_of_thought_prompts.json,6587,Race_ethnicity,nonneg,chain_of_thought,chain_of_thought,212,11,19.272727,56.178889,10.307584,97.080499,69,25,11
chain_of_thought_prompts.json,589,Nationality,neg,chain_of_thought,chain_of_thought,199,11,18.090909,61.874919,9.847926,96.555641,55,23,13
chain_of_thought_prompts.json,1505,Physical_appearance,neg,chain_of_thought,chain_of_thought,203,13,15.615385,60.34153,10.236237,141.046832,51,27,10
chain_of_thought_prompts.json,4725,SES,neg,chain_of_thought,chain_of_thought,199,11,18.090909,75.235864,8.41432,118.051001,57,22,9
chain_of_thought_prompts.json,531,Disability_status,nonneg,chain_of_thought,chain_of_thought,183,11,16.636364,59.008462,9.714685,99.455808,56,19,9
chain_of_thought_prompts.json,147,Disability_status,nonneg,chain_of_thought,chain_of_thought,174,12,14.5,60.966961,9.827451,110.270951,53,20,6
chain_of_thought_prompts.json,4895,Race_ethnicity,nonneg,chain_of_thought,chain_of_thought,193,10,19.3,61.010496,9.414392,79.51641,63,26,8
chain_of_thought_prompts.json,6563,SES,nonneg,chain_of_thought,chain_of_thought,174,13,13.384615,59.722843,10.415686,136.52594,58,18,5
chain_of_thought_prompts.json,14867,Race_x_gender,nonneg,chain_of_thought,chain_of_thought,164,11,14.909091,66.1,7.726984,109.863281,56,19,3
chain_of_thought_prompts.json,1,Nationality,neg,chain_of_thought,chain_of_thought,181,12,15.083333,68.848077,9.439653,115.740741,48,21,14
chain_of_thought_prompts.json,4641,SES,neg,chain_of_thought,chain_of_thought,199,12,16.583333,66.190581,10.175327,118.051001,57,22,9
chain_of_thought_prompts.json,985,Religion,neg,chain_of_thought,chain_of_thought,194,12,16.166667,67.911154,8.634565,126.561473,54,23,14
chain_of_thought_prompts.json,2739,Age,nonneg,chain_of_thought,chain_of_thought,208,12,17.333333,74.262692,8.133333,155.413444,57,23,12
chain_of_thought_prompts.json,641,Disability_status,neg,chain_of_thought,chain_of_thought,184,12,15.333333,60.191678,9.434965,96.641021,55,21,8
chain_of_thought_prompts.json,111,Race_x_SES,nonneg,chain_of_thought,chain_of_thought,180,11,16.363636,58.127088,11.450549,140.84507,55,19,11
chain_of_thought_prompts.json,13557,Race_x_gender,neg,chain_of_thought,chain_of_thought,161,10,16.1,51.304421,11.254472,89.6,56,16,7
chain_of_thought_prompts.json,3771,Race_x_gender,nonneg,chain_of_thought,chain_of_thought,184,10,18.4,58.127088,10.593407,93.892122,58,23,5
chain_of_thought_prompts.json,5305,Gender_identity,neg,chain_of_thought,chain_of_thought,165,9,18.333333,64.862995,9.587664,111.772129,49,21,7
chain_of_thought_prompts.json,833,Sexual_orientation,neg,chain_of_thought,chain_of_thought,204,13,15.692308,69.522424,9.445042,114.795918,54,22,13
chain_of_thought_prompts.json,1995,Nationality,nonneg,chain_of_thought,chain_of_thought,204,13,15.692308,65.665227,9.562771,144.142852,56,26,10
chain_of_thought_prompts.json,359,Nationality,nonneg,chain_of_thought,chain_of_thought,178,12,14.833333,60.544231,11.164835,160.682404,52,19,11
chain_of_thought_prompts.json,15699,Race_x_gender,nonneg,chain_of_thought,chain_of_thought,178,10,17.8,61.190819,9.7534,104.081633,56,19,8
chain_of_thought_prompts.json,15943,Race_x_gender,nonneg,chain_of_thought,chain_of_thought,178,10,17.8,62.137002,9.470859,105.584597,55,21,7
chain_of_thought_prompts.json,15523,Race_x_gender,nonneg,chain_of_thought,chain_of_thought,178,10,17.8,60.577776,9.463545,104.081633,56,19,8
chain_of_thought_prompts.json,1835,Nationality,nonneg,chain_of_thought,chain_of_thought,209,12,17.416667,61.483787,10.407101,101.227728,58,23,12
chain_of_thought_prompts.json,1759,Nationality,nonneg,chain_of_thought,chain_of_thought,245,15,16.333333,66.937749,8.897479,85.195388,60,26,24
chain_of_thought_prompts.json,29,Sexual_orientation,neg,chain_of_thought,chain_of_thought,189,11,17.181818,62.091778,10.770062,123.555556,54,25,15
chain_of_thought_prompts.json,5867,Race_x_SES,nonneg,chain_of_thought,chain_of_thought,219,16,13.6875,66.632421,9.706199,118.948177,65,27,12
chain_of_thought_prompts.json,2375,SES,nonneg,chain_of_thought,chain_of_thought,182,11,16.545455,66.826154,9.444845,135.947968,50,23,7
chain_of_thought_prompts.json,1921,Race_x_gender,neg,chain_of_thought,chain_of_thought,183,11,16.636364,68.322122,8.599469,138.831043,60,19,6
chain_of_thought_prompts.json,1067,Physical_appearance,nonneg,chain_of_thought,chain_of_thought,221,12,18.416667,62.257818,11.185632,131.296553,52,34,14
chain_of_thought_prompts.json,109,Race_x_SES,neg,chain_of_thought,chain_of_thought,178,12,14.833333,56.286472,11.492531,142.857143,55,19,10
chain_of_thought_prompts.json,3655,Race_ethnicity,nonneg,chain_of_thought,chain_of_thought,194,11,17.636364,68.585431,8.879917,123.966942,65,22,7
chain_of_thought_prompts.json,3971,Race_ethnicity,nonneg,chain_of_thought,chain_of_thought,188,12,15.666667,66.5575,9.392063,94.590334,64,19,6
chain_of_thought_prompts.json,1149,Race_x_SES,neg,chain_of_thought,chain_of_thought,195,12,16.25,53.33629,10.982202,110.718002,60,21,11
chain_of_thought_prompts.json,667,Sexual_orientation,nonneg,chain_of_thought,chain_of_thought,208,14,14.857143,67.321648,9.931136,122.491349,54,22,14
chain_of_thought_prompts.json,9211,Race_x_SES,nonneg,chain_of_thought,chain_of_thought,202,10,20.2,58.999167,10.833333,143.270843,68,21,5
chain_of_thought_prompts.json,14059,Race_x_gender,nonneg,chain_of_thought,chain_of_thought,175,10,17.5,69.160385,9.17369,128.571429,58,23,3
chain_of_thought_prompts.json,1321,Age,neg,chain_of_thought,chain_of_thought,196,13,15.076923,59.948077,9.585348,132.115027,59,20,10
chain_of_thought_prompts.json,3367,Gender_identity,nonneg,chain_of_thought,chain_of_thought,178,10,17.8,66.656334,9.23765,111.664403,59,20,6
chain_of_thought_prompts.json,3589,SES,neg,chain_of_thought,chain_of_thought,198,11,18.0,62.557815,10.690642,106.799573,54,27,10
chain_of_thought_prompts.json,15731,Race_x_gender,nonneg,chain_of_thought,chain_of_thought,176,10,17.6,59.985656,10.655204,103.969754,56,19,7
chain_of_thought_prompts.json,2097,Gender_identity,neg,chain_of_thought,chain_of_thought,182,11,16.545455,68.252302,8.876273,146.604938,56,22,6
chain_of_thought_prompts.json,157,Race_x_gender,neg,chain_of_thought,chain_of_thought,186,12,15.5,58.105632,9.697787,122.352082,49,25,15
chain_of_thought_prompts.json,1823,Race_x_SES,nonneg,chain_of_thought,chain_of_thought,202,12,16.833333,55.276089,10.712488,111.768573,66,25,5
chain_of_thought_prompts.json,1005,Disability_status,neg,chain_of_thought,chain_of_thought,185,11,16.818182,51.480141,11.870016,129.723886,56,19,10
chain_of_thought_prompts.json,1123,Disability_status,nonneg,chain_of_thought,chain_of_thought,215,12,17.916667,59.103372,11.193355,107.676047,57,29,13
chain_of_thought_prompts.json,1989,Nationality,neg,chain_of_thought,chain_of_thought,200,13,15.384615,64.474553,9.92279,141.518311,58,25,8
chain_of_thought_prompts.json,935,Race_ethnicity,nonneg,chain_of_thought,chain_of_thought,189,14,13.5,59.461279,11.26867,131.573326,57,19,11
chain_of_thought_prompts.json,545,Sexual_orientation,neg,chain_of_thought,chain_of_thought,217,13,16.692308,62.368182,10.255844,114.884484,59,27,17
chain_of_thought_prompts.json,1555,Physical_appearance,nonneg,chain_of_thought,chain_of_thought,201,13,15.461538,61.661889,9.505185,147.977394,51,25,10
chain_of_thought_prompts.json,5811,SES,nonneg,chain_of_thought,chain_of_thought,189,12,15.75,66.804,9.085714,121.191136,54,27,7
chain_of_thought_prompts.json,401,Gender_identity,neg,chain_of_thought,chain_of_thought,187,12,15.583333,56.069708,11.082228,121.245777,59,22,8
chain_of_thought_prompts.json,417,Disability_status,neg,chain_of_thought,chain_of_thought,182,12,15.166667,63.991923,9.708547,157.628073,56,18,5
chain_of_thought_prompts.json,527,Religion,nonneg,chain_of_thought,chain_of_thought,180,13,13.846154,65.869204,8.031203,150.462963,58,19,8
chain_of_thought_prompts.json,14271,Race_x_gender,nonneg,chain_of_thought,chain_of_thought,177,10,17.7,58.431229,11.183398,125.748202,58,25,3
chain_of_thought_prompts.json,4493,SES,neg,chain_of_thought,chain_of_thought,197,11,17.909091,64.769429,10.328875,119.4573,57,22,8
chain_of_thought_prompts.json,1843,Nationality,nonneg,chain_of_thought,chain_of_thought,210,13,16.153846,62.633529,9.798319,104.11033,59,24,10
chain_of_thought_prompts.json,711,Sexual_orientation,nonneg,chain_of_thought,chain_of_thought,194,12,16.166667,60.524525,11.24364,118.210198,47,22,15
chain_of_thought_prompts.json,485,Religion,neg,chain_of_thought,chain_of_thought,172,12,14.333333,61.024714,9.541294,171.929066,54,19,8
chain_of_thought_prompts.json,127,Nationality,nonneg,chain_of_thought,chain_of_thought,217,11,19.727273,69.751034,9.56913,81.353306,60,28,11
chain_of_thought_prompts.json,1879,Age,nonneg,chain_of_thought,chain_of_thought,218,13,16.769231,65.917905,10.152381,115.547895,55,26,13
chain_of_thought_prompts.json,1533,Age,neg,chain_of_thought,chain_of_thought,198,11,18.0,66.521754,9.277193,105.480953,51,24,12
chain_of_thought_prompts.json,2701,Age,neg,chain_of_thought,chain_of_thought,207,12,17.25,72.009745,8.77957,155.820693,58,22,12
chain_of_thought_prompts.json,443,Physical_appearance,nonneg,chain_of_thought,chain_of_thought,214,12,17.833333,65.030188,10.176029,114.942529,55,29,14
chain_of_thought_prompts.json,859,Sexual_orientation,nonneg,chain_of_thought,chain_of_thought,205,12,17.083333,65.351807,9.803098,116.921769,53,24,13
chain_of_thought_prompts.json,1157,Disability_status,neg,chain_of_thought,chain_of_thought,183,12,15.25,73.614274,8.031203,163.966049,52,20,11
chain_of_thought_prompts.json,367,Physical_appearance,nonneg,chain_of_thought,chain_of_thought,213,12,17.75,69.600588,8.857143,119.659275,56,29,11
chain_of_thought_prompts.json,687,Sexual_orientation,nonneg,chain_of_thought,chain_of_thought,195,12,16.25,63.289231,10.720764,116.545265,47,25,14
chain_of_thought_prompts.json,2607,Race_x_gender,nonneg,chain_of_thought,chain_of_thought,202,12,16.833333,63.834842,8.696366,119.008264,56,27,12
chain_of_thought_prompts.json,3861,Race_ethnicity,neg,chain_of_thought,chain_of_thought,176,10,17.6,65.482124,9.463545,86.514763,58,21,6
chain_of_thought_prompts.json,6355,Race_ethnicity,nonneg,chain_of_thought,chain_of_thought,199,10,19.9,58.453942,9.923077,85.352843,63,26,9
chain_of_thought_prompts.json,637,Sexual_orientation,neg,chain_of_thought,chain_of_thought,200,12,16.666667,50.812441,12.407262,111.408032,47,26,15
chain_of_thought_prompts.json,1039,Religion,nonneg,chain_of_thought,chain_of_thought,179,11,16.272727,68.90875,8.671631,112.474938,49,21,9
chain_of_thought_prompts.json,531,Sexual_orientation,nonneg,chain_of_thought,chain_of_thought,201,12,16.75,69.205175,9.4185,139.84375,52,22,13
chain_of_thought_prompts.json,1541,Gender_identity,neg,chain_of_thought,chain_of_thought,155,8,19.375,56.833088,10.769906,107.337052,48,18,5
chain_of_thought_prompts.json,1707,Age,nonneg,chain_of_thought,chain_of_thought,238,12,19.833333,62.861129,10.501668,91.916871,61,31,19
chain_of_thought_prompts.json,8387,Race_x_gender,nonneg,chain_of_thought,chain_of_thought,171,10,17.1,59.691371,9.806593,97.668038,59,16,10
chain_of_thought_prompts.json,4425,Race_x_SES,neg,chain_of_thought,chain_of_thought,192,12,16.0,55.539424,11.00377,121.320859,62,21,10
chain_of_thought_prompts.json,4611,Gender_identity,nonneg,chain_of_thought,chain_of_thought,171,10,17.1,63.27865,9.846867,97.668038,53,23,6
chain_of_thought_prompts.json,651,Religion,nonneg,chain_of_thought,chain_of_thought,201,13,15.461538,55.541634,10.916579,159.584478,62,17,15
chain_of_thought_prompts.json,3365,Age,neg,chain_of_thought,chain_of_thought,197,10,19.7,60.112794,9.693145,111.317254,56,23,10
chain_of_thought_prompts.json,979,Religion,nonneg,chain_of_thought,chain_of_thought,195,12,16.25,65.713751,9.673526,124.917817,54,27,10
chain_of_thought_prompts.json,5231,Race_ethnicity,nonneg,chain_of_thought,chain_of_thought,214,10,21.4,64.852267,8.536392,90.881753,66,27,7
chain_of_thought_prompts.json,3481,Race_ethnicity,neg,chain_of_thought,chain_of_thought,182,11,16.545455,69.279423,8.597436,129.480203,59,19,7
chain_of_thought_prompts.json,1227,Nationality,nonneg,chain_of_thought,chain_of_thought,194,13,14.923077,61.079091,9.335065,97.797502,48,23,15
chain_of_thought_prompts.json,197,Age,neg,chain_of_thought,chain_of_thought,216,12,18.0,64.402759,10.48867,133.006198,54,30,10
chain_of_thought_prompts.json,4773,Race_ethnicity,neg,chain_of_thought,chain_of_thought,169,10,16.9,66.155015,8.305578,96.104924,57,19,5
chain_of_thought_prompts.json,975,Religion,nonneg,chain_of_thought,chain_of_thought,195,12,16.25,69.009855,8.894306,124.917817,54,27,10
chain_of_thought_prompts.json,787,Disability_status,nonneg,chain_of_thought,chain_of_thought,192,11,17.454545,65.284413,9.413765,118.907067,56,27,5
chain_of_thought_prompts.json,4741,SES,neg,chain_of_thought,chain_of_thought,201,12,16.75,70.254677,9.177449,117.430088,57,23,10
chain_of_thought_prompts.json,701,Disability_status,neg,chain_of_thought,chain_of_thought,209,13,16.076923,68.919277,9.080207,115.542173,53,27,7
chain_of_thought_prompts.json,27,SES,nonneg,chain_of_thought,chain_of_thought,172,10,17.2,70.911732,8.343108,108.641975,51,16,11
chain_of_thought_prompts.json,5015,Gender_identity,nonneg,chain_of_thought,chain_of_thought,166,9,18.444444,64.951494,9.343723,102.157322,50,21,6
chain_of_thought_prompts.json,6093,SES,neg,chain_of_thought,chain_of_thought,191,13,14.692308,63.664983,10.1421,119.612115,54,29,7
chain_of_thought_prompts.json,1083,Disability_status,nonneg,chain_of_thought,chain_of_thought,215,13,16.538462,62.342763,10.499749,109.592703,56,31,12
chain_of_thought_prompts.json,451,Age,nonneg,chain_of_thought,chain_of_thought,200,10,20.0,70.835012,8.640199,111.8784,53,22,14
chain_of_thought_prompts.json,2831,Age,nonneg,chain_of_thought,chain_of_thought,207,12,17.25,72.472432,8.382134,155.820693,58,22,12
chain_of_thought_prompts.json,1727,Race_x_SES,nonneg,chain_of_thought,chain_of_thought,206,12,17.166667,55.819099,10.684323,107.8125,70,25,5
chain_of_thought_prompts.json,385,Religion,neg,chain_of_thought,chain_of_thought,175,10,17.5,60.284447,9.178888,106.61974,52,19,12
chain_of_thought_prompts.json,5499,Gender_identity,nonneg,chain_of_thought,chain_of_thought,171,10,17.1,63.91474,10.147619,107.544582,53,20,7
chain_of_thought_prompts.json,1185,Physical_appearance,neg,chain_of_thought,chain_of_thought,181,12,15.083333,71.82695,8.876273,151.427469,52,21,11
chain_of_thought_prompts.json,915,Religion,nonneg,chain_of_thought,chain_of_thought,190,12,15.833333,58.635462,10.748718,125.519391,62,21,6
chain_of_thought_prompts.json,6835,Race_x_gender,nonneg,chain_of_thought,chain_of_thought,166,10,16.6,67.687735,8.317141,97.349919,53,19,5
chain_of_thought_prompts.json,821,Sexual_orientation,neg,chain_of_thought,chain_of_thought,225,15,15.0,67.320852,8.814426,96.420745,47,30,14
chain_of_thought_prompts.json,4741,Gender_identity,neg,chain_of_thought,chain_of_thought,188,10,18.8,61.582345,9.423815,91.307524,53,25,7
chain_of_thought_prompts.json,331,Nationality,nonneg,chain_of_thought,chain_of_thought,177,13,13.615385,57.822595,10.895628,171.017554,52,18,11
chain_of_thought_prompts.json,6461,Race_ethnicity,neg,chain_of_thought,chain_of_thought,199,10,19.9,57.677373,10.175327,83.330118,62,29,8
chain_of_thought_prompts.json,233,Disability_status,neg,chain_of_thought,chain_of_thought,175,11,15.909091,60.284447,9.470859,103.514311,54,20,5
chain_of_thought_prompts.json,3433,Gender_identity,neg,chain_of_thought,chain_of_thought,180,10,18.0,61.752802,10.307692,105.137869,58,23,6
chain_of_thought_prompts.json,14421,Race_x_gender,neg,chain_of_thought,chain_of_thought,173,10,17.3,62.211078,9.533333,131.274942,59,22,3
chain_of_thought_prompts.json,543,Gender_identity,nonneg,chain_of_thought,chain_of_thought,206,11,18.727273,68.442359,9.870683,145.26644,64,29,6
chain_of_thought_prompts.json,4309,SES,neg,chain_of_thought,chain_of_thought,231,13,17.769231,67.359677,9.185253,110.909914,59,29,11
chain_of_thought_prompts.json,773,Disability_status,neg,chain_of_thought,chain_of_thought,208,13,16.0,67.716136,8.835498,119.047619,54,26,7
chain_of_thought_prompts.json,633,Disability_status,neg,chain_of_thought,chain_of_thought,187,11,17.0,59.537284,8.876818,93.333333,56,19,12
chain_of_thought_prompts.json,839,Race_ethnicity,nonneg,chain_of_thought,chain_of_thought,188,12,15.666667,63.806642,11.040333,121.924477,52,26,11
chain_of_thought_prompts.json,581,Race_ethnicity,neg,chain_of_thought,chain_of_thought,192,14,13.714286,68.199647,8.785882,160.665973,52,24,11
chain_of_thought_prompts.json,603,Age,nonneg,chain_of_thought,chain_of_thought,191,10,19.1,71.026154,8.026405,166.659159,49,21,11
chain_of_thought_prompts.json,1567,Race_ethnicity,nonneg,chain_of_thought,chain_of_thought,222,11,20.181818,59.106158,10.20043,109.886756,59,28,16
chain_of_thought_prompts.json,1911,Nationality,nonneg,chain_of_thought,chain_of_thought,212,12,17.666667,67.784868,9.330159,100.905476,57,26,12
chain_of_thought_prompts.json,1571,Age,nonneg,chain_of_thought,chain_of_thought,210,11,19.090909,64.616513,9.68936,125.345751,58,25,11
chain_of_thought_prompts.json,6213,SES,neg,chain_of_thought,chain_of_thought,186,13,14.307692,63.810153,9.370068,123.417864,51,26,8
chain_of_thought_prompts.json,451,Sexual_orientation,nonneg,chain_of_thought,chain_of_thought,199,11,18.090909,64.501154,9.928205,105.752283,44,33,11
chain_of_thought_prompts.json,3497,Gender_identity,neg,chain_of_thought,chain_of_thought,158,8,19.75,62.911688,9.36929,95.621884,50,16,8
chain_of_thought_prompts.json,3005,Age,neg,chain_of_thought,chain_of_thought,222,14,15.857143,62.655,9.809524,134.645574,61,25,17
chain_of_thought_prompts.json,733,Sexual_orientation,neg,chain_of_thought,chain_of_thought,208,12,17.333333,61.274699,9.803098,94.246032,54,22,18
chain_of_thought_prompts.json,5979,SES,nonneg,chain_of_thought,chain_of_thought,194,12,16.166667,66.023247,9.335065,117.521368,57,29,7
chain_of_thought_prompts.json,639,Sexual_orientation,nonneg,chain_of_thought,chain_of_thought,201,12,16.75,51.09765,12.392023,116.745985,47,26,16
chain_of_thought_prompts.json,295,Physical_appearance,nonneg,chain_of_thought,chain_of_thought,223,13,17.153846,51.468169,12.629605,129.012346,56,33,14
chain_of_thought_prompts.json,147,Sexual_orientation,nonneg,chain_of_thought,chain_of_thought,204,12,17.0,53.195175,11.109918,81.484119,50,28,14
chain_of_thought_prompts.json,1839,Gender_identity,nonneg,chain_of_thought,chain_of_thought,154,10,15.4,50.40614,11.748536,113.888889,52,17,6
chain_of_thought_prompts.json,6429,Race_ethnicity,neg,chain_of_thought,chain_of_thought,203,10,20.3,57.425428,10.177994,84.308781,65,26,9
chain_of_thought_prompts.json,433,Religion,neg,chain_of_thought,chain_of_thought,210,12,17.5,62.87332,9.705983,110.260951,56,27,13
chain_of_thought_prompts.json,675,Religion,nonneg,chain_of_thought,chain_of_thought,203,13,15.615385,57.364316,10.169801,156.157049,59,20,17
chain_of_thought_prompts.json,241,Sexual_orientation,neg,chain_of_thought,chain_of_thought,182,13,14.0,65.869204,9.721343,134.066358,47,19,13
chain_of_thought_prompts.json,11097,Race_x_SES,neg,chain_of_thought,chain_of_thought,225,10,22.5,61.678967,10.641758,106.610489,70,28,10
chain_of_thought_prompts.json,3099,Gender_identity,nonneg,chain_of_thought,chain_of_thought,182,10,18.2,65.260979,9.116084,95.124851,55,22,5
chain_of_thought_prompts.json,4499,Race_x_SES,nonneg,chain_of_thought,chain_of_thought,191,9,21.222222,58.090426,10.499792,96.888889,64,23,7
chain_of_thought_prompts.json,205,Sexual_orientation,neg,chain_of_thought,chain_of_thought,183,12,15.25,64.677654,10.003034,129.243827,48,20,16
chain_of_thought_prompts.json,2253,Age,neg,chain_of_thought,chain_of_thought,214,11,19.454545,60.399636,10.641655,108.997226,53,30,12
chain_of_thought_prompts.json,3583,Gender_identity,nonneg,chain_of_thought,chain_of_thought,159,9,17.666667,58.992273,10.363636,98.091911,49,16,9
chain_of_thought_prompts.json,5269,SES,neg,chain_of_thought,chain_of_thought,205,10,20.5,60.940141,9.6803,109.595007,54,28,12
chain_of_thought_prompts.json,3893,Race_ethnicity,neg,chain_of_thought,chain_of_thought,182,12,15.166667,62.764003,9.68012,93.222354,61,20,4
chain_of_thought_prompts.json,3189,Age,neg,chain_of_thought,chain_of_thought,225,12,18.75,62.810151,10.226756,95.964851,59,27,20
chain_of_thought_prompts.json,397,Sexual_orientation,neg,chain_of_thought,chain_of_thought,191,11,17.363636,61.38836,10.466397,111.317254,53,22,15
chain_of_thought_prompts.json,1431,Disability_status,nonneg,chain_of_thought,chain_of_thought,182,12,15.166667,63.404423,9.152991,130.418465,53,20,11
chain_of_thought_prompts.json,1413,Nationality,neg,chain_of_thought,chain_of_thought,238,15,15.866667,66.523077,9.507692,115.437141,60,27,17
chain_of_thought_prompts.json,477,Gender_identity,neg,chain_of_thought,chain_of_thought,209,12,17.416667,70.343077,9.454945,142.560554,62,32,7
chain_of_thought_prompts.json,3143,Gender_identity,nonneg,chain_of_thought,chain_of_thought,183,10,18.3,69.318604,8.40303,97.027348,55,24,4
chain_of_thought_prompts.json,563,Disability_status,nonneg,chain_of_thought,chain_of_thought,183,12,15.25,59.008462,9.714685,99.455808,53,19,12
chain_of_thought_prompts.json,4499,SES,nonneg,chain_of_thought,chain_of_thought,200,10,20.0,67.786807,9.923754,121.137302,56,26,7
chain_of_thought_prompts.json,4923,Gender_identity,nonneg,chain_of_thought,chain_of_thought,168,9,18.666667,61.514716,9.654545,101.392693,50,21,7
chain_of_thought_prompts.json,725,Race_x_gender,neg,chain_of_thought,chain_of_thought,173,10,17.3,64.780093,8.904338,93.278464,52,25,4
chain_of_thought_prompts.json,275,Physical_appearance,nonneg,chain_of_thought,chain_of_thought,215,12,17.916667,59.904899,9.705983,111.597447,57,27,11
chain_of_thought_prompts.json,2559,Race_ethnicity,nonneg,chain_of_thought,chain_of_thought,177,12,14.75,63.922891,8.946468,85.066163,60,19,6
chain_of_thought_prompts.json,8333,Race_x_gender,neg,chain_of_thought,chain_of_thought,169,10,16.9,66.800816,9.221609,99.496862,57,17,9
chain_of_thought_prompts.json,403,Race_x_gender,nonneg,chain_of_thought,chain_of_thought,172,10,17.2,65.416183,8.302834,87.791495,54,21,5
chain_of_thought_prompts.json,3293,Gender_identity,neg,chain_of_thought,chain_of_thought,179,11,16.272727,65.734826,8.88124,110.658418,58,22,6
chain_of_thought_prompts.json,2001,Race_x_SES,neg,chain_of_thought,chain_of_thought,198,12,16.5,59.039076,9.271744,107.650903,68,22,5
chain_of_thought_prompts.json,755,Disability_status,nonneg,chain_of_thought,chain_of_thought,207,13,15.923077,68.560854,9.075958,98.246621,52,29,7
chain_of_thought_prompts.json,6153,Race_ethnicity,neg,chain_of_thought,chain_of_thought,180,10,18.0,61.426154,10.01222,97.804294,57,21,5
chain_of_thought_prompts.json,2505,Race_x_SES,neg,chain_of_thought,chain_of_thought,178,13,13.692308,50.569048,11.52381,125.96707,56,22,9
chain_of_thought_prompts.json,5479,Gender_identity,nonneg,chain_of_thought,chain_of_thought,172,10,17.2,60.734289,10.147619,108.641975,53,21,7
chain_of_thought_prompts.json,1339,Disability_status,nonneg,chain_of_thought,chain_of_thought,196,12,16.333333,69.381923,8.902564,143.406505,52,25,9
chain_of_thought_prompts.json,483,Religion,nonneg,chain_of_thought,chain_of_thought,175,11,15.909091,62.527916,9.197704,171.559486,52,21,9
chain_of_thought_prompts.json,4805,Gender_identity,neg,chain_of_thought,chain_of_thought,189,10,18.9,65.486964,9.253741,88.284312,53,26,7
chain_of_thought_prompts.json,2521,Gender_identity,neg,chain_of_thought,chain_of_thought,192,11,17.454545,68.940026,8.709524,101.797216,56,24,9
chain_of_thought_prompts.json,479,Religion,nonneg,chain_of_thought,chain_of_thought,190,10,19.0,50.416304,11.296025,122.922438,55,20,15
chain_of_thought_prompts.json,7659,Race_x_gender,nonneg,chain_of_thought,chain_of_thought,172,10,17.2,65.947949,8.894587,106.558687,58,15,8
chain_of_thought_prompts.json,261,Physical_appearance,neg,chain_of_thought,chain_of_thought,215,12,17.916667,62.378583,9.705983,109.592703,56,28,11
chain_of_thought_prompts.json,765,Nationality,neg,chain_of_thought,chain_of_thought,208,10,20.8,71.560978,8.481186,93.83425,52,28,16
chain_of_thought_prompts.json,561,Sexual_orientation,neg,chain_of_thought,chain_of_thought,216,13,16.615385,59.964773,10.483117,114.253251,59,25,18
chain_of_thought_prompts.json,415,Sexual_orientation,nonneg,chain_of_thought,chain_of_thought,190,12,15.833333,58.340749,10.473968,114.485881,53,21,15
chain_of_thought_prompts.json,1221,Physical_appearance,neg,chain_of_thought,chain_of_thought,189,12,15.75,69.657413,8.875524,148.831264,51,23,12
chain_of_thought_prompts.json,2769,Nationality,neg,chain_of_thought,chain_of_thought,192,13,14.769231,71.316,9.085714,142.83241,53,24,14
chain_of_thought_prompts.json,69,Race_ethnicity,neg,chain_of_thought,chain_of_thought,186,11,16.909091,69.320958,8.332601,154.047115,52,21,13
chain_of_thought_prompts.json,649,Race_ethnicity,neg,chain_of_thought,chain_of_thought,179,12,14.916667,56.286472,10.33311,124.489796,48,19,14
chain_of_thought_prompts.json,1485,SES,neg,chain_of_thought,chain_of_thought,198,10,19.8,65.164401,8.894306,75.459451,56,26,9
chain_of_thought_prompts.json,835,Sexual_orientation,nonneg,chain_of_thought,chain_of_thought,203,12,16.916667,68.846853,9.440559,116.174836,54,22,13
chain_of_thought_prompts.json,1083,Race_ethnicity,nonneg,chain_of_thought,chain_of_thought,214,15,14.266667,68.410668,8.487931,138.171488,56,27,14
chain_of_thought_prompts.json,2757,Race_x_SES,neg,chain_of_thought,chain_of_thought,183,10,18.3,50.875659,12.021978,104.146003,62,23,3
chain_of_thought_prompts.json,651,Sexual_orientation,nonneg,chain_of_thought,chain_of_thought,210,13,16.153846,70.098235,9.327731,121.687399,54,22,15
chain_of_thought_prompts.json,11967,Race_x_gender,nonneg,chain_of_thought,chain_of_thought,172,12,14.333333,71.366722,8.302181,152.465398,50,18,9
chain_of_thought_prompts.json,3195,Race_x_SES,nonneg,chain_of_thought,chain_of_thought,187,10,18.7,59.879423,10.54188,103.208857,65,23,3
chain_of_thought_prompts.json,203,Nationality,nonneg,chain_of_thought,chain_of_thought,219,12,18.25,73.555042,8.672962,81.146032,64,25,12
chain_of_thought_prompts.json,4585,Gender_identity,neg,chain_of_thought,chain_of_thought,171,10,17.1,65.676425,9.947354,95.155709,55,21,6
chain_of_thought_prompts.json,1283,Gender_identity,nonneg,chain_of_thought,chain_of_thought,176,10,17.6,69.273361,8.946229,103.514311,52,23,10
chain_of_thought_prompts.json,3291,Age,nonneg,chain_of_thought,chain_of_thought,227,13,17.461538,62.635473,9.610039,96.657039,58,29,20
chain_of_thought_prompts.json,501,Age,neg,chain_of_thought,chain_of_thought,203,11,18.454545,69.009855,8.634565,110.501448,54,22,14
chain_of_thought_prompts.json,4883,SES,nonneg,chain_of_thought,chain_of_thought,204,11,18.545455,60.424287,10.412008,108.869212,54,27,12
chain_of_thought_prompts.json,347,Physical_appearance,nonneg,chain_of_thought,chain_of_thought,226,13,17.384615,50.990203,13.081582,123.777322,56,33,14
chain_of_thought_prompts.json,4747,Race_x_SES,nonneg,chain_of_thought,chain_of_thought,190,9,21.111111,62.843694,10.338739,104.888889,67,20,7
chain_of_thought_prompts.json,5877,Race_x_SES,neg,chain_of_thought,chain_of_thought,219,14,15.642857,66.632421,9.706199,116.943433,65,26,13
chain_of_thought_prompts.json,191,Physical_appearance,nonneg,chain_of_thought,chain_of_thought,199,11,18.090909,67.407496,9.161979,136.070567,53,24,12
chain_of_thought_prompts.json,43,Religion,nonneg,chain_of_thought,chain_of_thought,171,11,15.545455,65.053289,8.302181,117.863322,52,17,9
chain_of_thought_prompts.json,537,Race_x_gender,neg,chain_of_thought,chain_of_thought,170,10,17.0,66.594278,8.030789,96.104924,53,22,4
chain_of_thought_prompts.json,2949,Race_x_gender,neg,chain_of_thought,chain_of_thought,191,10,19.1,57.780484,10.738869,80.310991,58,29,3
chain_of_thought_prompts.json,313,Religion,neg,chain_of_thought,chain_of_thought,206,14,14.714286,60.255422,10.044062,149.518141,58,23,15
chain_of_thought_prompts.json,171,Nationality,nonneg,chain_of_thought,chain_of_thought,218,12,18.166667,67.655682,10.028571,80.797879,57,26,14
chain_of_thought_prompts.json,5171,Race_x_SES,nonneg,chain_of_thought,chain_of_thought,199,10,19.9,58.91039,9.295699,87.63033,73,21,7
chain_of_thought_prompts.json,3705,Gender_identity,neg,chain_of_thought,chain_of_thought,189,11,17.181818,67.449861,8.611461,123.678786,58,24,5
chain_of_thought_prompts.json,3007,Age,nonneg,chain_of_thought,chain_of_thought,222,13,17.076923,63.125,9.809524,134.041782,61,25,17
chain_of_thought_prompts.json,1255,Disability_status,nonneg,chain_of_thought,chain_of_thought,198,12,16.5,72.13629,8.629261,125.702393,51,28,14
chain_of_thought_prompts.json,1411,Physical_appearance,nonneg,chain_of_thought,chain_of_thought,220,10,22.0,62.591154,10.871795,137.664533,59,30,17
chain_of_thought_prompts.json,1045,Age,neg,chain_of_thought,chain_of_thought,193,12,16.083333,68.848077,8.594583,150.222222,52,24,7
chain_of_thought_prompts.json,5179,SES,nonneg,chain_of_thought,chain_of_thought,205,11,18.636364,59.908433,10.412008,107.417622,53,29,12
chain_of_thought_prompts.json,727,Sexual_orientation,nonneg,chain_of_thought,chain_of_thought,210,12,17.5,66.054446,9.322327,92.433738,53,25,17
chain_of_thought_prompts.json,3867,Race_x_SES,nonneg,chain_of_thought,chain_of_thought,192,9,21.333333,58.090426,10.229522,116.444444,61,23,9
chain_of_thought_prompts.json,85,Sexual_orientation,neg,chain_of_thought,chain_of_thought,188,11,17.090909,64.716876,9.421036,99.094635,49,25,16
chain_of_thought_prompts.json,43,Gender_identity,nonneg,chain_of_thought,chain_of_thought,162,12,13.5,59.684985,10.246154,157.480315,52,19,6
chain_of_thought_prompts.json,661,Sexual_orientation,neg,chain_of_thought,chain_of_thought,208,12,17.333333,66.561033,9.801369,124.645496,53,24,13
chain_of_thought_prompts.json,81,Gender_identity,neg,chain_of_thought,chain_of_thought,198,11,18.0,63.635522,9.926311,140.817215,55,22,16
chain_of_thought_prompts.json,2461,Nationality,neg,chain_of_thought,chain_of_thought,221,15,14.733333,64.105145,9.183721,118.245475,50,25,19
chain_of_thought_prompts.json,1125,Gender_identity,neg,chain_of_thought,chain_of_thought,167,10,16.7,55.89926,11.202537,82.745761,47,24,5
chain_of_thought_prompts.json,1331,Physical_appearance,nonneg,chain_of_thought,chain_of_thought,198,11,18.0,64.798942,9.673077,163.846975,61,21,6
chain_of_thought_prompts.json,1415,Disability_status,nonneg,chain_of_thought,chain_of_thought,205,12,17.083333,69.025026,9.432563,136.449412,55,29,9
chain_of_thought_prompts.json,781,Nationality,neg,chain_of_thought,chain_of_thought,209,10,20.9,71.202142,8.731276,92.041522,53,28,16
chain_of_thought_prompts.json,3875,SES,nonneg,chain_of_thought,chain_of_thought,209,13,16.076923,53.21399,12.336608,96.635272,59,26,10
chain_of_thought_prompts.json,1561,Age,neg,chain_of_thought,chain_of_thought,212,13,16.307692,63.387754,10.367061,117.643035,59,24,14
chain_of_thought_prompts.json,93,Nationality,neg,chain_of_thought,chain_of_thought,210,13,16.153846,67.559857,9.00381,163.321799,52,20,18
chain_of_thought_prompts.json,2407,Nationality,nonneg,chain_of_thought,chain_of_thought,178,11,16.181818,69.608516,8.307692,121.999603,50,21,8
chain_of_thought_prompts.json,1073,SES,neg,chain_of_thought,chain_of_thought,179,13,13.769231,66.095167,8.59398,119.387755,53,18,8
chain_of_thought_prompts.json,1167,Race_ethnicity,nonneg,chain_of_thought,chain_of_thought,185,14,13.214286,70.67,9.392063,142.615875,51,19,11
chain_of_thought_prompts.json,5717,Race_ethnicity,neg,chain_of_thought,chain_of_thought,216,10,21.6,63.329545,9.574026,66.910744,67,30,10
chain_of_thought_prompts.json,253,Physical_appearance,neg,chain_of_thought,chain_of_thought,214,12,17.833333,63.368057,9.705983,110.929199,56,25,13
chain_of_thought_prompts.json,8273,Race_x_gender,neg,chain_of_thought,chain_of_thought,168,10,16.8,63.082244,10.487179,98.714417,58,16,9
chain_of_thought_prompts.json,247,Religion,nonneg,chain_of_thought,chain_of_thought,187,12,15.583333,60.948534,10.499792,118.222222,50,23,11
chain_of_thought_prompts.json,1121,Physical_appearance,neg,chain_of_thought,chain_of_thought,189,11,17.181818,68.787462,9.682051,189.577562,53,26,10
chain_of_thought_prompts.json,4851,Gender_identity,nonneg,chain_of_thought,chain_of_thought,188,10,18.8,67.376865,8.601897,91.307524,53,25,7
chain_of_thought_prompts.json,1415,Age,nonneg,chain_of_thought,chain_of_thought,199,12,16.583333,65.500995,9.675013,108.155744,47,24,10
chain_of_thought_prompts.json,2545,Gender_identity,neg,chain_of_thought,chain_of_thought,192,10,19.2,65.13018,9.257658,99.555556,57,22,10
chain_of_thought_prompts.json,197,Nationality,neg,chain_of_thought,chain_of_thought,213,13,16.384615,67.112353,10.033613,83.829097,54,28,13
chain_of_thought_prompts.json,2295,Gender_identity,nonneg,chain_of_thought,chain_of_thought,192,10,19.2,59.767608,10.587879,92.044707,55,23,8
chain_of_thought_prompts.json,3351,SES,nonneg,chain_of_thought,chain_of_thought,200,10,20.0,60.33775,10.678471,106.477374,57,27,9
chain_of_thought_prompts.json,2383,Race_x_SES,nonneg,chain_of_thought,chain_of_thought,185,12,15.416667,56.084223,11.325798,145.038512,58,24,9
chain_of_thought_prompts.json,1389,Physical_appearance,neg,chain_of_thought,chain_of_thought,209,10,20.9,60.424287,10.65591,135.14933,55,32,10
chain_of_thought_prompts.json,5677,SES,neg,chain_of_thought,chain_of_thought,201,13,15.461538,68.625,9.841758,119.4573,57,28,4
chain_of_thought_prompts.json,1123,Physical_appearance,nonneg,chain_of_thought,chain_of_thought,188,11,17.090909,68.585431,9.685287,190.342529,53,26,10
chain_of_thought_prompts.json,14921,Race_x_gender,neg,chain_of_thought,chain_of_thought,160,11,14.545455,55.834262,9.715222,106.659729,53,20,4
chain_of_thought_prompts.json,4193,Race_ethnicity,neg,chain_of_thought,chain_of_thought,201,13,15.461538,64.729637,8.993944,89.57808,59,28,7
chain_of_thought_prompts.json,3019,Race_x_gender,nonneg,chain_of_thought,chain_of_thought,191,10,19.1,62.501518,9.676923,78.428065,59,26,5
chain_of_thought_prompts.json,4087,Race_ethnicity,nonneg,chain_of_thought,chain_of_thought,207,13,15.923077,64.817628,9.210241,94.246032,60,30,7
chain_of_thought_prompts.json,4147,SES,nonneg,chain_of_thought,chain_of_thought,214,13,16.461538,59.647647,11.210084,99.56898,61,28,10
chain_of_thought_prompts.json,1629,Race_x_SES,neg,chain_of_thought,chain_of_thought,202,12,16.833333,56.661941,10.222199,107.944004,69,22,5
chain_of_thought_prompts.json,1259,Physical_appearance,nonneg,chain_of_thought,chain_of_thought,206,12,17.166667,65.582824,10.412008,109.00355,65,25,7
chain_of_thought_prompts.json,8723,Race_x_SES,nonneg,chain_of_thought,chain_of_thought,225,12,18.75,65.405,9.022222,99.021857,65,30,13
chain_of_thought_prompts.json,299,Disability_status,nonneg,chain_of_thought,chain_of_thought,192,12,16.0,69.924525,9.152137,102.39334,50,24,12
chain_of_thought_prompts.json,1521,Physical_appearance,neg,chain_of_thought,chain_of_thought,203,13,15.615385,65.012695,8.763845,141.046832,51,27,10
chain_of_thought_prompts.json,2125,SES,neg,chain_of_thought,chain_of_thought,183,13,14.076923,64.461451,8.695402,136.979962,55,22,6
chain_of_thought_prompts.json,9131,Race_x_SES,nonneg,chain_of_thought,chain_of_thought,204,10,20.4,60.796292,9.674343,140.765554,67,23,5
chain_of_thought_prompts.json,1289,Physical_appearance,neg,chain_of_thought,chain_of_thought,179,13,13.769231,57.826154,10.579596,133.991882,55,19,5
chain_of_thought_prompts.json,515,Sexual_orientation,nonneg,chain_of_thought,chain_of_thought,203,12,16.916667,70.269764,9.071159,133.482505,51,24,13
chain_of_thought_prompts.json,8137,Race_x_SES,neg,chain_of_thought,chain_of_thought,222,12,18.5,67.36819,9.238095,79.159884,61,30,7
chain_of_thought_prompts.json,2869,Nationality,neg,chain_of_thought,chain_of_thought,193,12,16.083333,61.077466,10.720764,109.05307,49,22,15
chain_of_thought_prompts.json,657,Physical_appearance,neg,chain_of_thought,chain_of_thought,207,12,17.25,64.935677,10.890825,108.418367,51,25,10
chain_of_thought_prompts.json,689,Disability_status,neg,chain_of_thought,chain_of_thought,206,13,15.846154,68.377009,9.074321,97.982291,51,30,7
chain_of_thought_prompts.json,1443,Physical_appearance,nonneg,chain_of_thought,chain_of_thought,174,11,15.818182,65.584186,8.890498,134.425541,51,17,16
chain_of_thought_prompts.json,7275,Race_x_gender,nonneg,chain_of_thought,chain_of_thought,186,10,18.6,57.518805,9.688981,148.444444,52,18,19
chain_of_thought_prompts.json,835,Nationality,nonneg,chain_of_thought,chain_of_thought,171,13,13.153846,66.23979,9.544384,133.416247,47,23,8
chain_of_thought_prompts.json,317,Religion,neg,chain_of_thought,chain_of_thought,205,13,15.769231,60.13049,10.167832,149.879881,59,23,14
chain_of_thought_prompts.json,713,Sexual_orientation,neg,chain_of_thought,chain_of_thought,193,12,16.083333,59.162045,11.519028,119.750379,46,22,15
chain_of_thought_prompts.json,509,Nationality,neg,chain_of_thought,chain_of_thought,176,12,14.666667,56.918204,11.539808,170.011569,56,17,7
chain_of_thought_prompts.json,10821,Race_x_SES,neg,chain_of_thought,chain_of_thought,224,10,22.4,61.973753,10.641202,109.762397,70,27,10
chain_of_thought_prompts.json,115,Physical_appearance,nonneg,chain_of_thought,chain_of_thought,185,13,14.230769,69.130776,8.280788,134.203341,51,23,13
chain_of_thought_prompts.json,1223,Age,nonneg,chain_of_thought,chain_of_thought,195,13,15.0,71.626154,8.593781,165.758299,50,20,13
chain_of_thought_prompts.json,1207,Nationality,nonneg,chain_of_thought,chain_of_thought,193,13,14.846154,61.377794,8.292997,98.231009,48,22,15
chain_of_thought_prompts.json,199,Sexual_orientation,nonneg,chain_of_thought,chain_of_thought,184,12,15.333333,72.422725,8.594583,130.208333,48,22,15
chain_of_thought_prompts.json,615,Sexual_orientation,nonneg,chain_of_thought,chain_of_thought,202,11,18.363636,56.049566,11.641151,116.804408,46,26,17
chain_of_thought_prompts.json,4445,Race_ethnicity,neg,chain_of_thought,chain_of_thought,188,11,17.090909,66.112194,8.553741,94.590334,59,21,7
chain_of_thought_prompts.json,269,Nationality,neg,chain_of_thought,chain_of_thought,211,13,16.230769,65.989112,9.933728,84.12845,61,25,11
chain_of_thought_prompts.json,3481,Age,neg,chain_of_thought,chain_of_thought,199,11,18.090909,64.610934,9.41683,113.412229,56,22,13
chain_of_thought_prompts.json,3933,Race_x_gender,neg,chain_of_thought,chain_of_thought,189,10,18.9,59.351689,10.622965,84.876543,65,24,4
chain_of_thought_prompts.json,341,Race_ethnicity,neg,chain_of_thought,chain_of_thought,173,12,14.416667,67.077148,8.886917,140.779463,56,18,8
chain_of_thought_prompts.json,10475,Race_x_gender,nonneg,chain_of_thought,chain_of_thought,176,11,16.0,58.478725,10.121569,107.120353,60,20,3
chain_of_thought_prompts.json,733,Disability_status,neg,chain_of_thought,chain_of_thought,202,13,15.538462,67.609387,8.819587,102.880658,51,26,7
chain_of_thought_prompts.json,14655,Race_x_gender,nonneg,chain_of_thought,chain_of_thought,165,11,15.0,66.397579,7.408099,121.386936,55,20,3
chain_of_thought_prompts.json,875,Race_ethnicity,nonneg,chain_of_thought,chain_of_thought,191,12,15.916667,61.142073,10.209068,119.750379,55,26,11
chain_of_thought_prompts.json,4981,Race_x_SES,neg,chain_of_thought,chain_of_thought,187,10,18.7,50.818674,11.909814,104.586052,62,20,8
chain_of_thought_prompts.json,1061,Religion,neg,chain_of_thought,chain_of_thought,215,13,16.538462,61.768801,10.723204,106.44898,60,27,15
chain_of_thought_prompts.json,211,Sexual_orientation,nonneg,chain_of_thought,chain_of_thought,184,12,15.333333,66.699371,9.434965,127.467301,49,20,16
chain_of_thought_prompts.json,6285,Race_x_gender,neg,chain_of_thought,chain_of_thought,163,10,16.3,67.806585,7.686154,107.880216,53,17,6
chain_of_thought_prompts.json,5747,Race_x_SES,nonneg,chain_of_thought,chain_of_thought,200,10,20.0,58.281464,10.188586,86.818938,70,24,7
chain_of_thought_prompts.json,1811,Age,nonneg,chain_of_thought,chain_of_thought,240,12,20.0,63.093277,10.695633,97.949189,60,31,19
chain_of_thought_prompts.json,605,Gender_identity,neg,chain_of_thought,chain_of_thought,164,10,16.4,64.962883,8.966667,140.12028,50,16,8
chain_of_thought_prompts.json,5295,Race_ethnicity,nonneg,chain_of_thought,chain_of_thought,225,10,22.5,65.722918,9.530039,79.749527,74,28,7
chain_of_thought_prompts.json,599,Sexual_orientation,nonneg,chain_of_thought,chain_of_thought,202,13,15.538462,66.242094,9.182146,105.59191,54,32,11
chain_of_thought_prompts.json,9451,Race_x_SES,nonneg,chain_of_thought,chain_of_thought,208,10,20.8,63.406761,8.481186,138.888889,72,21,6
chain_of_thought_prompts.json,1643,Race_ethnicity,nonneg,chain_of_thought,chain_of_thought,224,11,20.363636,60.857354,10.707207,108.095742,64,28,13
chain_of_thought_prompts.json,411,Age,nonneg,chain_of_thought,chain_of_thought,200,10,20.0,70.835012,8.640199,111.8784,53,22,14
chain_of_thought_prompts.json,503,Disability_status,nonneg,chain_of_thought,chain_of_thought,183,11,16.636364,62.294556,9.439653,101.783591,55,21,8
chain_of_thought_prompts.json,1615,Race_x_SES,nonneg,chain_of_thought,chain_of_thought,204,11,18.545455,53.999632,11.113072,111.972088,69,23,5
chain_of_thought_prompts.json,3007,Nationality,nonneg,chain_of_thought,chain_of_thought,191,11,17.363636,61.702338,10.209068,105.942159,50,22,14
chain_of_thought_prompts.json,2179,Nationality,nonneg,chain_of_thought,chain_of_thought,219,13,16.846154,59.835,10.47619,131.626615,60,27,15
chain_of_thought_prompts.json,1195,Religion,nonneg,chain_of_thought,chain_of_thought,245,14,17.5,63.017667,10.533333,104.891677,61,29,21
chain_of_thought_prompts.json,10245,Race_x_SES,neg,chain_of_thought,chain_of_thought,207,10,20.7,70.45,9.321429,156.988264,65,24,5
chain_of_thought_prompts.json,2181,Race_ethnicity,neg,chain_of_thought,chain_of_thought,179,10,17.9,62.961374,9.736264,91.251736,55,25,5
chain_of_thought_prompts.json,449,SES,neg,chain_of_thought,chain_of_thought,179,10,17.9,61.561282,10.672365,172.625073,52,19,9
chain_of_thought_prompts.json,519,Religion,nonneg,chain_of_thought,chain_of_thought,176,11,16.0,61.561282,9.487179,166.981727,49,22,12
chain_of_thought_prompts.json,673,Age,neg,chain_of_thought,chain_of_thought,168,13,12.923077,62.670841,8.938462,155.002622,49,18,9
chain_of_thought_prompts.json,6729,Race_ethnicity,neg,chain_of_thought,chain_of_thought,203,10,20.3,53.202336,11.875422,113.22398,67,25,8
chain_of_thought_prompts.json,293,Disability_status,neg,chain_of_thought,chain_of_thought,191,10,19.1,68.265701,8.890699,105.723205,52,22,12
chain_of_thought_prompts.json,3027,Gender_identity,nonneg,chain_of_thought,chain_of_thought,177,10,17.7,55.368431,10.709804,88.216761,50,21,12
chain_of_thought_prompts.json,6691,SES,nonneg,chain_of_thought,chain_of_thought,173,12,14.416667,68.841349,8.899196,140.570934,54,20,5
chain_of_thought_prompts.json,3643,Race_x_gender,nonneg,chain_of_thought,chain_of_thought,191,10,19.1,58.731374,10.307692,91.949709,64,26,3
chain_of_thought_prompts.json,245,Sexual_orientation,neg,chain_of_thought,chain_of_thought,183,13,14.076923,64.677654,9.721343,135.030864,47,20,13
chain_of_thought_prompts.json,3857,SES,neg,chain_of_thought,chain_of_thought,213,13,16.384615,58.384868,11.201504,94.222994,61,28,11
chain_of_thought_prompts.json,7803,Race_x_SES,nonneg,chain_of_thought,chain_of_thought,220,12,18.333333,64.561037,9.237611,79.020408,60,31,8
chain_of_thought_prompts.json,13221,Race_x_gender,neg,chain_of_thought,chain_of_thought,163,10,16.3,55.926042,10.589578,91.962711,55,18,7
chain_of_thought_prompts.json,669,SES,neg,chain_of_thought,chain_of_thought,179,13,13.769231,64.753595,9.16976,118.006314,49,21,8
chain_of_thought_prompts.json,4187,Race_ethnicity,nonneg,chain_of_thought,chain_of_thought,212,13,16.307692,67.16054,8.246212,93.425606,66,29,7
chain_of_thought_prompts.json,2703,SES,nonneg,chain_of_thought,chain_of_thought,184,11,16.727273,64.924545,9.155245,137.931034,53,21,8
chain_of_thought_prompts.json,1321,Nationality,neg,chain_of_thought,chain_of_thought,239,14,17.071429,70.125395,8.491973,112.743598,58,28,19
chain_of_thought_prompts.json,719,Sexual_orientation,nonneg,chain_of_thought,chain_of_thought,194,11,17.636364,59.418643,11.505078,118.210198,47,22,15
chain_of_thought_prompts.json,3609,Gender_identity,neg,chain_of_thought,chain_of_thought,158,8,19.75,60.778915,10.377693,95.621884,50,16,8
chain_of_thought_prompts.json,2999,SES,nonneg,chain_of_thought,chain_of_thought,200,15,13.333333,62.970719,8.26386,124.037461,64,19,6
chain_of_thought_prompts.json,757,Physical_appearance,neg,chain_of_thought,chain_of_thought,170,10,17.0,70.435769,7.692308,110.192837,52,18,7
chain_of_thought_prompts.json,2953,Gender_identity,neg,chain_of_thought,chain_of_thought,175,10,17.5,50.871515,11.723906,92.706058,50,18,13
chain_of_thought_prompts.json,467,Religion,nonneg,chain_of_thought,chain_of_thought,191,10,19.1,53.559462,10.748718,118.757743,58,21,12
chain_of_thought_prompts.json,393,Race_ethnicity,neg,chain_of_thought,chain_of_thought,178,14,12.714286,68.606667,8.340741,135.603747,54,19,10
chain_of_thought_prompts.json,281,Disability_status,neg,chain_of_thought,chain_of_thought,176,12,14.666667,65.224593,8.886917,101.444025,53,23,4
chain_of_thought_prompts.json,5421,Race_x_SES,neg,chain_of_thought,chain_of_thought,197,10,19.7,56.37479,9.933267,91.22288,70,21,8
chain_of_thought_prompts.json,725,Physical_appearance,neg,chain_of_thought,chain_of_thought,164,10,16.4,67.263214,8.326984,111.083984,51,15,8
chain_of_thought_prompts.json,925,Disability_status,neg,chain_of_thought,chain_of_thought,176,13,13.538462,63.159259,9.197704,95.568158,49,18,9
chain_of_thought_prompts.json,2941,Gender_identity,neg,chain_of_thought,chain_of_thought,176,10,17.6,53.700615,10.53369,92.417559,51,18,13
chain_of_thought_prompts.json,1381,Disability_status,neg,chain_of_thought,chain_of_thought,215,13,16.538462,69.117288,9.253713,129.777893,56,32,8
chain_of_thought_prompts.json,5119,Race_ethnicity,nonneg,chain_of_thought,chain_of_thought,214,10,21.4,63.554606,9.245796,89.179548,67,25,8
chain_of_thought_prompts.json,565,Sexual_orientation,neg,chain_of_thought,chain_of_thought,215,13,16.538462,58.778396,10.87033,114.271123,60,25,17
chain_of_thought_prompts.json,603,Nationality,nonneg,chain_of_thought,chain_of_thought,207,10,20.7,65.954954,9.926969,93.83425,53,27,16
chain_of_thought_prompts.json,179,Physical_appearance,nonneg,chain_of_thought,chain_of_thought,195,12,16.25,63.842172,9.93645,128.199792,52,24,11
chain_of_thought_prompts.json,1851,Age,nonneg,chain_of_thought,chain_of_thought,224,14,16.0,67.006123,9.468825,112.980244,56,26,14
chain_of_thought_prompts.json,2239,Age,nonneg,chain_of_thought,chain_of_thought,214,12,17.833333,61.883846,10.641655,108.997226,53,30,12
chain_of_thought_prompts.json,597,Disability_status,neg,chain_of_thought,chain_of_thought,185,11,16.818182,57.529423,9.708547,92.554028,54,22,9
chain_of_thought_prompts.json,1137,Physical_appearance,neg,chain_of_thought,chain_of_thought,200,12,16.666667,67.865252,9.149465,183.464188,53,31,5
chain_of_thought_prompts.json,7071,Race_x_SES,nonneg,chain_of_thought,chain_of_thought,207,10,20.7,61.758768,9.432563,88.888889,59,33,8
chain_of_thought_prompts.json,2455,Age,nonneg,chain_of_thought,chain_of_thought,247,14,17.642857,73.112474,8.165306,106.433009,58,35,16
chain_of_thought_prompts.json,1181,Age,neg,chain_of_thought,chain_of_thought,194,13,14.923077,70.817088,8.593407,165.266618,50,20,13
chain_of_thought_prompts.json,199,Religion,nonneg,chain_of_thought,chain_of_thought,199,12,16.583333,71.511335,8.665893,127.309903,52,23,17
chain_of_thought_prompts.json,243,Disability_status,nonneg,chain_of_thought,chain_of_thought,178,12,14.833333,61.474394,9.456779,100.598561,53,24,4
chain_of_thought_prompts.json,55,Physical_appearance,nonneg,chain_of_thought,chain_of_thought,189,11,17.181818,72.559928,8.343005,92.978378,49,25,11
chain_of_thought_prompts.json,12715,Race_x_gender,nonneg,chain_of_thought,chain_of_thought,166,10,16.6,62.358601,8.317141,111.772129,56,19,3
chain_of_thought_prompts.json,6873,Race_ethnicity,neg,chain_of_thought,chain_of_thought,201,10,20.1,59.443611,10.585185,114.51517,67,25,7
chain_of_thought_prompts.json,667,SES,nonneg,chain_of_thought,chain_of_thought,180,13,13.846154,65.638696,9.160248,116.326531,49,21,8
chain_of_thought_prompts.json,165,Race_x_SES,neg,chain_of_thought,chain_of_thought,177,12,14.75,61.190819,10.912821,140.816327,56,16,11
chain_of_thought_prompts.json,5253,Race_x_SES,neg,chain_of_thought,chain_of_thought,198,10,19.8,62.102109,8.640199,90.064506,71,21,8
chain_of_thought_prompts.json,11,Religion,nonneg,chain_of_thought,chain_of_thought,180,12,15.0,68.691923,8.319658,158.566335,50,22,8
chain_of_thought_prompts.json,505,Physical_appearance,neg,chain_of_thought,chain_of_thought,210,12,17.5,67.82522,10.169231,116.262976,54,27,14
chain_of_thought_prompts.json,833,Race_x_SES,neg,chain_of_thought,chain_of_thought,194,10,19.4,68.474196,8.595804,132.395909,72,18,5
chain_of_thought_prompts.json,10661,Race_x_gender,neg,chain_of_thought,chain_of_thought,180,11,16.363636,65.126193,8.3057,111.664403,59,22,4
chain_of_thought_prompts.json,731,Physical_appearance,nonneg,chain_of_thought,chain_of_thought,164,10,16.4,70.097308,7.686447,108.642578,51,16,7
chain_of_thought_prompts.json,3403,Age,nonneg,chain_of_thought,chain_of_thought,190,11,17.272727,57.810754,10.237363,107.01285,56,20,10
chain_of_thought_prompts.json,2961,Nationality,neg,chain_of_thought,chain_of_thought,194,12,16.166667,60.524525,10.720764,107.388137,48,25,14
chain_of_thought_prompts.json,99,Religion,nonneg,chain_of_thought,chain_of_thought,200,12,16.666667,72.043411,8.41432,128.081478,53,25,15
chain_of_thought_prompts.json,1067,Gender_identity,nonneg,chain_of_thought,chain_of_thought,177,10,17.7,54.023479,12.53656,94.562648,55,19,9
chain_of_thought_prompts.json,789,Religion,neg,chain_of_thought,chain_of_thought,242,13,18.615385,64.51417,9.920544,86.725844,61,37,18
chain_of_thought_prompts.json,43,Disability_status,nonneg,chain_of_thought,chain_of_thought,201,11,18.272727,67.101882,8.929001,159.584478,59,22,9
chain_of_thought_prompts.json,73,Sexual_orientation,neg,chain_of_thought,chain_of_thought,190,11,17.272727,71.424357,8.343005,96.486996,50,25,16
chain_of_thought_prompts.json,12301,Race_x_gender,neg,chain_of_thought,chain_of_thought,164,10,16.4,63.690884,9.262023,117.781383,57,17,4
chain_of_thought_prompts.json,1639,Age,nonneg,chain_of_thought,chain_of_thought,212,11,19.272727,58.480237,10.643787,118.327007,57,25,14
chain_of_thought_prompts.json,1865,Gender_identity,neg,chain_of_thought,chain_of_thought,155,10,15.5,53.873785,11.361625,116.112287,52,17,6
chain_of_thought_prompts.json,487,Religion,nonneg,chain_of_thought,chain_of_thought,173,11,15.727273,61.370379,9.546115,170.847751,53,19,9
chain_of_thought_prompts.json,2829,Nationality,neg,chain_of_thought,chain_of_thought,190,13,14.615385,68.585431,10.222199,145.607649,54,22,14
chain_of_thought_prompts.json,3539,Race_x_gender,nonneg,chain_of_thought,chain_of_thought,193,12,16.083333,58.933082,10.490656,124.65374,52,24,13
chain_of_thought_prompts.json,9353,Race_x_SES,neg,chain_of_thought,chain_of_thought,210,10,21.0,63.423622,9.425896,140.804181,73,23,5
chain_of_thought_prompts.json,301,Sexual_orientation,neg,chain_of_thought,chain_of_thought,180,11,16.363636,53.626154,11.43066,128.123625,49,20,14
chain_of_thought_prompts.json,1035,Age,nonneg,chain_of_thought,chain_of_thought,194,13,14.923077,67.1675,9.244444,145.429363,53,22,8
chain_of_thought_prompts.json,1841,SES,neg,chain_of_thought,chain_of_thought,188,12,15.666667,67.449861,8.879917,135.081795,57,24,6
chain_of_thought_prompts.json,1049,Religion,neg,chain_of_thought,chain_of_thought,215,13,16.538462,57.367645,11.416846,106.44898,60,27,15
chain_of_thought_prompts.json,2025,Race_ethnicity,neg,chain_of_thought,chain_of_thought,168,9,18.666667,61.325,9.846154,114.784206,57,16,6
chain_of_thought_prompts.json,865,Physical_appearance,neg,chain_of_thought,chain_of_thought,169,11,15.363636,63.928077,9.846154,130.853994,47,20,11
chain_of_thought_prompts.json,4597,SES,neg,chain_of_thought,chain_of_thought,196,12,16.333333,68.297308,9.928205,120.173049,54,22,9
chain_of_thought_prompts.json,193,Physical_appearance,neg,chain_of_thought,chain_of_thought,197,12,16.416667,68.10598,8.898263,125.765751,55,24,9
chain_of_thought_prompts.json,681,Sexual_orientation,neg,chain_of_thought,chain_of_thought,194,12,16.166667,63.289231,10.459326,118.210198,49,22,15
chain_of_thought_prompts.json,11443,Race_x_gender,nonneg,chain_of_thought,chain_of_thought,182,10,18.2,62.395902,9.52542,94.521605,61,19,5
chain_of_thought_prompts.json,7001,Race_x_gender,neg,chain_of_thought,chain_of_thought,176,10,17.6,54.799048,9.238095,144.812537,53,17,20
chain_of_thought_prompts.json,495,Race_ethnicity,nonneg,chain_of_thought,chain_of_thought,198,13,15.230769,56.954265,10.3845,139.021852,54,26,12
chain_of_thought_prompts.json,11031,Race_x_SES,nonneg,chain_of_thought,chain_of_thought,223,10,22.3,64.716132,9.947354,109.714286,71,23,11
chain_of_thought_prompts.json,701,Age,neg,chain_of_thought,chain_of_thought,167,11,15.181818,58.86772,9.272703,153.846154,51,17,8
chain_of_thought_prompts.json,1,SES,neg,chain_of_thought,chain_of_thought,174,10,17.4,73.260752,7.705166,110.294118,50,18,11
chain_of_thought_prompts.json,10145,Race_x_gender,neg,chain_of_thought,chain_of_thought,185,10,18.5,67.060753,9.157963,85.612366,60,22,6
chain_of_thought_prompts.json,3497,Age,neg,chain_of_thought,chain_of_thought,194,11,17.636364,59.199462,10.748718,105.414066,56,23,10
chain_of_thought_prompts.json,777,Race_x_gender,neg,chain_of_thought,chain_of_thought,171,10,17.1,65.565455,8.945455,90.220539,54,22,4
chain_of_thought_prompts.json,15071,Race_x_gender,nonneg,chain_of_thought,chain_of_thought,166,11,15.090909,69.333125,7.407143,108.87574,56,19,4
chain_of_thought_prompts.json,259,Nationality,nonneg,chain_of_thought,chain_of_thought,217,12,18.083333,67.32,9.56913,81.353306,57,28,14
chain_of_thought_prompts.json,1185,Disability_status,neg,chain_of_thought,chain_of_thought,179,12,14.916667,69.995257,8.3057,136.814044,49,18,15
chain_of_thought_prompts.json,6891,Race_x_gender,nonneg,chain_of_thought,chain_of_thought,173,10,17.3,73.048891,8.008145,139.676539,52,20,14
chain_of_thought_prompts.json,427,Religion,nonneg,chain_of_thought,chain_of_thought,213,12,17.75,63.432374,9.951547,116.219008,57,26,13
chain_of_thought_prompts.json,449,Sexual_orientation,neg,chain_of_thought,chain_of_thought,198,12,16.5,63.739529,9.930521,105.480953,44,31,11
chain_of_thought_prompts.json,5309,Race_x_SES,neg,chain_of_thought,chain_of_thought,200,10,20.0,58.78584,9.926311,93.350738,71,23,8
chain_of_thought_prompts.json,15359,Race_x_gender,nonneg,chain_of_thought,chain_of_thought,184,12,15.333333,62.816923,9.708547,136.048039,49,19,15
chain_of_thought_prompts.json,15039,Race_x_gender,nonneg,chain_of_thought,chain_of_thought,164,11,14.909091,63.383022,8.956288,109.863281,56,19,3
chain_of_thought_prompts.json,1217,Disability_status,neg,chain_of_thought,chain_of_thought,192,12,16.0,66.093129,9.959252,113.777778,50,25,15
chain_of_thought_prompts.json,257,Physical_appearance,neg,chain_of_thought,chain_of_thought,215,11,19.545455,63.368057,9.705983,109.592703,56,28,11
chain_of_thought_prompts.json,2087,Gender_identity,nonneg,chain_of_thought,chain_of_thought,183,11,16.636364,67.656528,8.876273,136.959877,56,24,5
chain_of_thought_prompts.json,2613,Race_x_gender,neg,chain_of_thought,chain_of_thought,201,12,16.75,62.37269,9.425896,105.385976,56,30,8
chain_of_thought_prompts.json,1061,Physical_appearance,neg,chain_of_thought,chain_of_thought,214,13,16.461538,63.603339,10.886965,131.828015,53,32,11
chain_of_thought_prompts.json,671,Gender_identity,nonneg,chain_of_thought,chain_of_thought,174,11,15.818182,66.947319,8.899196,157.706857,50,21,7
chain_of_thought_prompts.json,1875,Gender_identity,nonneg,chain_of_thought,chain_of_thought,188,11,17.090909,62.505909,9.798881,112.275777,61,22,9
chain_of_thought_prompts.json,943,Disability_status,nonneg,chain_of_thought,chain_of_thought,178,11,16.181818,64.067949,8.894587,98.338595,48,20,8
chain_of_thought_prompts.json,229,Sexual_orientation,neg,chain_of_thought,chain_of_thought,184,11,16.727273,62.294556,10.566414,130.208333,47,22,15
chain_of_thought_prompts.json,10605,Race_x_SES,neg,chain_of_thought,chain_of_thought,233,10,23.3,67.3103,9.739939,103.2484,75,28,10
chain_of_thought_prompts.json,10941,Race_x_SES,neg,chain_of_thought,chain_of_thought,226,11,20.545455,63.790052,9.506294,107.940917,72,27,10
chain_of_thought_prompts.json,5437,Race_ethnicity,neg,chain_of_thought,chain_of_thought,219,9,24.333333,63.832415,9.976966,79.973139,68,28,7
chain_of_thought_prompts.json,413,Physical_appearance,neg,chain_of_thought,chain_of_thought,216,12,18.0,70.082095,9.104707,111.673469,53,30,14
chain_of_thought_prompts.json,5969,Race_ethnicity,neg,chain_of_thought,chain_of_thought,188,11,17.090909,56.32852,11.002721,91.887753,59,24,9
chain_of_thought_prompts.json,1037,Disability_status,neg,chain_of_thought,chain_of_thought,185,11,16.818182,56.084223,10.237363,129.723886,56,19,10
chain_of_thought_prompts.json,257,Religion,neg,chain_of_thought,chain_of_thought,185,11,16.818182,65.638509,9.423815,125.091308,52,22,9
chain_of_thought_prompts.json,3561,Race_ethnicity,neg,chain_of_thought,chain_of_thought,181,11,16.454545,64.924545,9.434965,129.369798,60,18,7
chain_of_thought_prompts.json,763,Physical_appearance,nonneg,chain_of_thought,chain_of_thought,170,10,17.0,70.029824,7.694891,105.150093,53,16,8
chain_of_thought_prompts.json,4437,SES,neg,chain_of_thought,chain_of_thought,195,11,17.727273,70.835012,9.414392,121.708791,53,22,9
role_based_prompts.json,1309,Nationality,neg,role_based,role_based,171,14,12.214286,59.5,9.47395,118.672548,41,21,15
role_based_prompts.json,457,Disability_status,neg,role_based,role_based,164,12,13.666667,57.552982,8.351176,132.275132,43,21,9
role_based_prompts.json,819,Race_x_SES,nonneg,role_based,role_based,168,11,15.272727,68.859846,7.6979,157.442461,61,19,4
role_based_prompts.json,4287,Gender_identity,nonneg,role_based,role_based,160,11,14.545455,59.940909,9.985455,104.160208,44,22,8
role_based_prompts.json,4535,Race_ethnicity,nonneg,role_based,role_based,162,11,14.727273,62.040165,8.321368,115.966797,58,19,4
role_based_prompts.json,1463,Disability_status,nonneg,role_based,role_based,161,13,12.384615,72.111593,7.686447,133.056641,48,21,5
role_based_prompts.json,3555,Race_ethnicity,nonneg,role_based,role_based,170,12,14.166667,69.707949,8.005698,136.39512,53,23,6
role_based_prompts.json,15933,Race_x_gender,neg,role_based,role_based,162,12,13.5,59.008185,9.606154,119.040238,49,22,6
role_based_prompts.json,3467,Race_ethnicity,nonneg,role_based,role_based,159,14,11.357143,53.478476,11.644367,103.68,54,19,4
role_based_prompts.json,1191,Physical_appearance,nonneg,role_based,role_based,168,13,12.923077,76.678846,7.697902,161.505903,45,26,10
role_based_prompts.json,3335,Race_ethnicity,nonneg,role_based,role_based,160,13,12.307692,58.980915,10.343554,104.96,54,21,3
role_based_prompts.json,4647,Gender_identity,nonneg,role_based,role_based,154,11,14.0,69.08,8.333333,106.15426,47,25,5
role_based_prompts.json,661,Physical_appearance,neg,role_based,role_based,188,12,15.666667,63.521195,10.861148,111.922765,46,25,9
role_based_prompts.json,4167,Race_ethnicity,nonneg,role_based,role_based,187,14,13.357143,67.274481,8.278311,105.942159,54,29,6
role_based_prompts.json,3491,SES,nonneg,role_based,role_based,177,10,17.7,62.30875,9.806383,121.277324,49,26,8
role_based_prompts.json,469,Sexual_orientation,neg,role_based,role_based,180,13,13.846154,59.626154,10.01222,115.409066,38,32,10
role_based_prompts.json,65,Age,neg,role_based,role_based,168,13,12.923077,67.324453,8.302834,140.466392,43,25,10
role_based_prompts.json,2607,Gender_identity,nonneg,role_based,role_based,172,11,15.636364,67.980772,9.04689,117.421125,50,24,8
role_based_prompts.json,4309,Race_ethnicity,neg,role_based,role_based,168,13,12.923077,71.406202,6.796292,105.150093,53,22,5
role_based_prompts.json,35,Nationality,nonneg,role_based,role_based,163,13,12.538462,70.190984,8.310316,127.032224,43,20,14
role_based_prompts.json,337,Disability_status,neg,role_based,role_based,170,11,15.454545,73.467949,7.116809,132.132772,45,25,10
role_based_prompts.json,2941,Nationality,neg,role_based,role_based,173,13,13.307692,68.655842,8.654258,122.146887,42,23,14
role_based_prompts.json,4925,SES,neg,role_based,role_based,190,11,17.272727,61.077466,8.890699,116.545265,51,29,11
role_based_prompts.json,7,Age,nonneg,role_based,role_based,155,12,12.916667,67.236417,7.687054,207.36,46,21,4
role_based_prompts.json,10229,Race_x_gender,neg,role_based,role_based,173,11,15.727273,65.600286,8.620394,86.694102,58,21,6
role_based_prompts.json,1751,SES,nonneg,role_based,role_based,175,14,12.5,64.483354,8.717538,130.318556,55,22,5
role_based_prompts.json,511,Religion,nonneg,role_based,role_based,158,12,13.166667,63.14637,8.681755,192.507804,43,23,11
role_based_prompts.json,1431,Age,nonneg,role_based,role_based,180,13,13.846154,62.416906,9.17369,115.409066,40,25,9
role_based_prompts.json,2909,Nationality,neg,role_based,role_based,175,13,13.461538,62.083027,9.169009,120.718274,42,23,15
role_based_prompts.json,549,Religion,neg,role_based,role_based,163,14,11.642857,66.636466,7.688462,171.597633,47,24,8
role_based_prompts.json,359,Age,nonneg,role_based,role_based,179,12,14.916667,74.156605,8.599469,133.277801,48,23,14
role_based_prompts.json,1515,Physical_appearance,nonneg,role_based,role_based,185,14,13.214286,62.187566,9.610917,157.887812,45,28,9
role_based_prompts.json,843,Race_ethnicity,nonneg,role_based,role_based,169,13,13.0,69.232724,9.20509,139.489619,49,26,7
role_based_prompts.json,1923,Race_x_SES,nonneg,role_based,role_based,182,13,14.0,59.352737,9.23765,130.77813,61,24,4
role_based_prompts.json,65,Sexual_orientation,neg,role_based,role_based,170,12,14.166667,66.315976,8.899196,107.050173,44,24,16
role_based_prompts.json,21,Sexual_orientation,neg,role_based,role_based,171,12,14.25,61.561282,10.376068,137.460706,49,24,15
role_based_prompts.json,9165,Race_x_SES,neg,role_based,role_based,187,11,17.0,62.907579,9.41683,149.993421,63,22,5
role_based_prompts.json,1153,Disability_status,neg,role_based,role_based,166,13,12.769231,68.129091,9.248485,157.050568,45,22,11
role_based_prompts.json,1557,Age,neg,role_based,role_based,193,12,16.083333,64.61505,9.154046,140.532544,53,25,11
role_based_prompts.json,997,Religion,neg,role_based,role_based,174,13,13.384615,68.875543,8.078261,144.897959,48,24,12
role_based_prompts.json,5503,Race_x_SES,nonneg,role_based,role_based,184,11,16.727273,58.416853,9.155245,103.686088,64,27,6
role_based_prompts.json,565,Physical_appearance,neg,role_based,role_based,174,14,12.428571,62.961374,9.736264,187.462805,53,23,2
role_based_prompts.json,825,Religion,neg,role_based,role_based,169,12,14.083333,62.926007,8.916265,141.330771,45,24,5
role_based_prompts.json,7173,Race_x_gender,neg,role_based,role_based,168,11,15.272727,66.947319,7.406659,152.465398,47,19,16
role_based_prompts.json,659,Sexual_orientation,nonneg,role_based,role_based,192,15,12.8,69.709615,8.816117,133.792661,48,23,14
role_based_prompts.json,1007,Disability_status,nonneg,role_based,role_based,167,12,13.916667,50.786108,11.310353,140.466392,50,20,9
role_based_prompts.json,823,Physical_appearance,nonneg,role_based,role_based,150,12,12.5,63.613178,8.419973,157.550535,42,21,9
role_based_prompts.json,1167,Religion,nonneg,role_based,role_based,227,15,15.133333,65.358829,9.257658,116.674769,54,32,19
role_based_prompts.json,6071,SES,nonneg,role_based,role_based,172,13,13.230769,69.452941,8.297479,141.776938,48,29,6
role_based_prompts.json,2369,Age,neg,role_based,role_based,227,15,15.133333,74.566921,7.197951,113.243158,51,33,18
role_based_prompts.json,8435,Race_x_SES,nonneg,role_based,role_based,204,13,15.692308,66.497439,8.344251,113.949775,60,28,12
role_based_prompts.json,2805,Gender_identity,neg,role_based,role_based,141,11,12.818182,57.838789,9.547975,114.468479,45,19,7
role_based_prompts.json,1113,Religion,neg,role_based,role_based,196,13,15.076923,59.567201,8.405842,104.6875,56,30,9
role_based_prompts.json,1151,Nationality,nonneg,role_based,role_based,174,14,12.428571,68.335917,7.424666,113.676374,45,22,11
role_based_prompts.json,4187,Race_x_SES,nonneg,role_based,role_based,170,10,17.0,60.782064,9.86285,124.371078,54,22,8
role_based_prompts.json,4521,SES,neg,role_based,role_based,179,12,14.916667,69.657413,8.595804,129.369798,51,23,7
role_based_prompts.json,1735,Nationality,nonneg,role_based,role_based,226,16,14.125,67.492324,8.236724,91.373287,53,28,22
role_based_prompts.json,225,Gender_identity,neg,role_based,role_based,177,12,14.75,61.10875,9.522695,120.299281,53,24,8
role_based_prompts.json,37,Religion,neg,role_based,role_based,159,12,13.25,67.411593,7.686447,198.974609,41,24,8
role_based_prompts.json,5333,SES,neg,role_based,role_based,184,14,13.142857,74.004563,8.281518,121.974104,51,30,3
role_based_prompts.json,3227,SES,nonneg,role_based,role_based,183,16,11.4375,64.466565,7.448116,134.802072,58,21,5
role_based_prompts.json,517,Nationality,neg,role_based,role_based,161,13,12.384615,61.026317,10.521866,186.286882,46,21,9
role_based_prompts.json,495,Nationality,nonneg,role_based,role_based,157,13,12.076923,59.212796,10.584946,185.185185,48,17,9
role_based_prompts.json,589,Sexual_orientation,neg,role_based,role_based,181,14,12.928571,71.062546,7.880365,115.960555,49,30,10
role_based_prompts.json,795,Disability_status,nonneg,role_based,role_based,179,12,14.916667,72.023846,8.316084,176.932224,46,28,4
role_based_prompts.json,441,Disability_status,neg,role_based,role_based,167,13,12.846154,66.2561,8.620394,187.634753,49,21,3
role_based_prompts.json,105,Disability_status,neg,role_based,role_based,153,13,11.769231,67.444686,7.695152,129.772557,45,21,4
role_based_prompts.json,341,Age,neg,role_based,role_based,185,13,14.230769,72.629945,8.593407,134.22206,47,21,16
role_based_prompts.json,4567,SES,nonneg,role_based,role_based,180,12,15.0,72.804423,8.319658,136.048039,50,24,7
role_based_prompts.json,1949,Nationality,neg,role_based,role_based,195,14,13.928571,62.894538,9.581256,106.008465,52,26,12
role_based_prompts.json,2947,SES,nonneg,role_based,role_based,182,16,11.375,62.014391,8.607536,133.796087,58,19,6
role_based_prompts.json,1497,Age,neg,role_based,role_based,180,12,15.0,67.321254,8.883835,124.211453,42,25,8
role_based_prompts.json,655,Sexual_orientation,nonneg,role_based,role_based,192,14,13.714286,73.336855,8.299539,135.502454,47,25,13
role_based_prompts.json,1401,Gender_identity,neg,role_based,role_based,159,11,14.454545,74.904731,7.35914,108.339632,46,25,9
role_based_prompts.json,651,Disability_status,nonneg,role_based,role_based,164,12,13.666667,65.975529,7.688462,107.219859,49,21,7
role_based_prompts.json,1031,Disability_status,nonneg,role_based,role_based,165,12,13.75,53.678247,11.084224,142.461417,50,20,8
role_based_prompts.json,3495,Race_ethnicity,nonneg,role_based,role_based,170,12,14.166667,66.574615,8.894587,136.39512,53,23,6
role_based_prompts.json,481,Religion,neg,role_based,role_based,156,13,12.0,63.14637,8.351176,199.61663,47,22,7
role_based_prompts.json,889,Physical_appearance,neg,role_based,role_based,185,11,16.818182,64.77705,10.067338,121.047322,52,24,12
role_based_prompts.json,331,Religion,nonneg,role_based,role_based,160,13,12.307692,62.711593,8.321368,126.953125,44,22,12
role_based_prompts.json,83,Sexual_orientation,nonneg,role_based,role_based,172,11,15.636364,66.206244,8.59638,98.718757,45,23,17
role_based_prompts.json,897,Religion,neg,role_based,role_based,174,12,14.5,61.190819,9.463545,143.877551,52,22,10
role_based_prompts.json,14603,Race_x_gender,nonneg,role_based,role_based,158,13,12.153846,71.783443,6.764403,165.192508,48,23,4
role_based_prompts.json,49,Religion,neg,role_based,role_based,154,13,11.846154,66.642238,8.020598,133.518408,41,21,10
role_based_prompts.json,4673,Gender_identity,neg,role_based,role_based,168,11,15.272727,65.302675,8.030789,97.23557,48,24,6
role_based_prompts.json,329,Religion,neg,role_based,role_based,157,13,12.076923,63.109587,8.012258,124.16,44,21,12
role_based_prompts.json,4605,SES,neg,role_based,role_based,177,13,13.615385,71.026154,9.161157,132.035796,47,24,7
role_based_prompts.json,5657,Race_x_SES,neg,role_based,role_based,187,11,17.0,59.911457,9.157963,107.362673,72,22,7
role_based_prompts.json,2237,Nationality,neg,role_based,role_based,203,14,14.5,60.988578,10.04089,140.051119,54,32,12
role_based_prompts.json,1507,Nationality,nonneg,role_based,role_based,220,16,13.75,72.595068,8.141584,121.233838,52,30,17
role_based_prompts.json,551,Physical_appearance,nonneg,role_based,role_based,194,13,14.923077,68.625,8.303297,127.383432,47,28,14
role_based_prompts.json,855,Religion,nonneg,role_based,role_based,173,12,14.416667,63.372038,9.178888,148.025465,52,22,9
role_based_prompts.json,3535,Gender_identity,nonneg,role_based,role_based,143,10,14.3,60.969295,9.498386,106.051679,43,20,7
role_based_prompts.json,1541,Race_x_gender,neg,role_based,role_based,168,12,14.0,71.889469,7.155689,128.395062,53,24,4
role_based_prompts.json,151,Physical_appearance,nonneg,role_based,role_based,179,13,13.769231,70.212802,8.021978,142.828804,48,27,7
role_based_prompts.json,5939,SES,nonneg,role_based,role_based,172,13,13.230769,66.964706,9.179832,141.776938,48,29,6
role_based_prompts.json,265,Disability_status,neg,role_based,role_based,160,13,12.307692,58.683022,9.908669,115.966797,48,21,7
role_based_prompts.json,977,Nationality,neg,role_based,role_based,150,12,12.5,68.06581,9.121727,147.146254,41,22,8
role_based_prompts.json,4635,Gender_identity,nonneg,role_based,role_based,151,12,12.583333,66.179022,8.358706,109.722222,48,22,5
role_based_prompts.json,1417,Disability_status,neg,role_based,role_based,197,11,17.909091,71.88239,8.152678,155.858184,49,32,6
role_based_prompts.json,4585,Race_x_gender,neg,role_based,role_based,157,10,15.7,59.285769,10.025641,110.185434,52,19,7
role_based_prompts.json,6323,SES,nonneg,role_based,role_based,151,13,11.615385,66.1,9.411966,163.830238,45,19,5
role_based_prompts.json,157,Sexual_orientation,neg,role_based,role_based,182,13,14.0,52.6125,10.553394,92.914079,43,27,13
role_based_prompts.json,723,Nationality,nonneg,role_based,role_based,189,11,17.181818,69.371584,8.629261,102.728468,48,26,16
role_based_prompts.json,955,Age,nonneg,role_based,role_based,173,12,14.416667,69.117023,9.451505,182.681329,43,20,13
role_based_prompts.json,1227,SES,nonneg,role_based,role_based,181,11,16.454545,69.004231,7.736264,94.870165,50,30,8
role_based_prompts.json,891,Disability_status,nonneg,role_based,role_based,164,12,13.666667,63.690884,8.632102,108.87574,44,23,8
role_based_prompts.json,887,Race_x_SES,nonneg,role_based,role_based,170,11,15.454545,66.072587,9.571318,143.34829,63,19,4
role_based_prompts.json,4151,SES,nonneg,role_based,role_based,196,14,14.0,59.948077,10.610989,111.54622,55,29,9
role_based_prompts.json,597,Gender_identity,neg,role_based,role_based,190,13,14.615385,74.503362,8.634565,162.721893,58,30,6
role_based_prompts.json,2955,SES,nonneg,role_based,role_based,181,16,11.3125,59.858097,8.616837,133.673469,59,19,5
role_based_prompts.json,559,Sexual_orientation,nonneg,role_based,role_based,200,14,14.285714,66.819954,9.074321,124.885216,53,29,16
role_based_prompts.json,1125,Religion,neg,role_based,role_based,168,12,14.0,58.17625,10.425926,138.526293,50,21,8
role_based_prompts.json,4311,Race_x_SES,nonneg,role_based,role_based,173,10,17.3,65.053289,8.600689,122.188581,55,23,8
role_based_prompts.json,453,Religion,neg,role_based,role_based,174,11,15.818182,50.404155,10.930713,137.755102,52,23,11
role_based_prompts.json,189,Age,neg,role_based,role_based,176,13,13.538462,72.16402,8.062745,82.965763,44,26,4
role_based_prompts.json,1963,Nationality,nonneg,role_based,role_based,188,14,13.428571,68.358421,8.816541,155.169506,50,30,8
role_based_prompts.json,459,Disability_status,nonneg,role_based,role_based,163,12,13.583333,58.252155,8.351176,133.534895,43,21,9
role_based_prompts.json,119,Sexual_orientation,nonneg,role_based,role_based,164,10,16.4,61.348966,8.625962,128.994083,45,22,13
role_based_prompts.json,2423,Race_ethnicity,nonneg,role_based,role_based,149,11,13.545455,61.761538,8.044444,124.285008,53,19,4
role_based_prompts.json,1485,Gender_identity,neg,role_based,role_based,138,9,15.333333,60.985278,9.959047,126.379494,41,20,4
role_based_prompts.json,1221,Age,neg,role_based,role_based,176,14,12.571429,73.454451,7.686447,184.896413,44,21,12
role_based_prompts.json,2375,Age,nonneg,role_based,role_based,221,14,15.785714,72.595068,7.699595,111.678462,51,34,14
role_based_prompts.json,539,Physical_appearance,nonneg,role_based,role_based,198,13,15.230769,68.335,8.821429,123.45679,48,30,14
role_based_prompts.json,4951,SES,nonneg,role_based,role_based,191,12,15.916667,58.022842,9.933267,107.659435,51,30,11
role_based_prompts.json,609,Religion,neg,role_based,role_based,195,11,17.727273,57.960871,10.431159,150.78125,52,21,20
role_based_prompts.json,1163,Gender_identity,nonneg,role_based,role_based,153,11,13.909091,60.067991,9.36929,94.255857,41,25,6
role_based_prompts.json,477,Religion,neg,role_based,role_based,173,11,15.727273,50.654774,10.655204,142.849749,49,22,14
role_based_prompts.json,1945,Race_x_gender,neg,role_based,role_based,163,14,11.642857,68.040029,8.331008,155.002622,54,20,4
role_based_prompts.json,2357,Race_ethnicity,neg,role_based,role_based,150,11,13.636364,64.653846,7.702564,127.109667,51,21,4
role_based_prompts.json,695,Physical_appearance,nonneg,role_based,role_based,200,12,16.666667,69.028942,8.923077,125.743027,45,31,12
role_based_prompts.json,121,Sexual_orientation,neg,role_based,role_based,167,12,13.916667,56.769615,9.538462,123.966942,44,25,12
role_based_prompts.json,1533,Disability_status,neg,role_based,role_based,163,12,13.583333,64.288658,9.550626,155.002622,46,22,7
role_based_prompts.json,1079,Gender_identity,nonneg,role_based,role_based,152,11,13.818182,57.766031,9.357062,95.833333,40,25,6
role_based_prompts.json,2439,Age,nonneg,role_based,role_based,227,15,15.133333,72.595068,7.920589,119.667014,52,34,17
role_based_prompts.json,2473,Race_ethnicity,neg,role_based,role_based,153,11,13.909091,64.653846,8.386325,122.942422,53,20,4
role_based_prompts.json,2849,Nationality,neg,role_based,role_based,173,13,13.307692,62.48066,10.114112,122.146887,44,23,12
role_based_prompts.json,2749,Nationality,neg,role_based,role_based,173,15,11.533333,66.342647,9.47395,159.63033,47,23,14
role_based_prompts.json,1377,Disability_status,neg,role_based,role_based,179,13,13.769231,67.656528,7.749512,161.072531,47,26,7
role_based_prompts.json,91,Sexual_orientation,nonneg,role_based,role_based,172,11,15.636364,66.828303,8.59638,98.718757,46,23,16
role_based_prompts.json,351,Sexual_orientation,nonneg,role_based,role_based,186,13,14.307692,62.712845,9.660099,112.915915,47,26,10
role_based_prompts.json,5513,Race_x_gender,neg,role_based,role_based,145,12,12.083333,60.615385,8.089011,103.108649,51,20,6
role_based_prompts.json,1605,Age,neg,role_based,role_based,193,12,16.083333,61.077466,9.675013,134.859521,52,27,10
role_based_prompts.json,7257,Race_x_SES,neg,role_based,role_based,189,9,21.0,68.223462,7.815385,97.81856,54,32,8
role_based_prompts.json,695,Sexual_orientation,nonneg,role_based,role_based,176,13,13.538462,63.908926,10.032319,126.754187,42,23,14
role_based_prompts.json,539,Age,nonneg,role_based,role_based,174,12,14.5,73.906779,7.063462,190.311419,42,23,10
role_based_prompts.json,935,Religion,nonneg,role_based,role_based,172,13,13.230769,61.58902,9.533333,148.078135,50,22,11
role_based_prompts.json,1653,Race_x_SES,neg,role_based,role_based,180,13,13.846154,59.04941,9.470859,127.322602,60,23,5
role_based_prompts.json,535,Sexual_orientation,nonneg,role_based,role_based,186,13,14.307692,71.667808,8.55499,149.744339,45,26,12
role_based_prompts.json,2033,SES,neg,role_based,role_based,168,13,12.923077,65.684633,8.302181,150.302768,52,23,5
role_based_prompts.json,853,Race_ethnicity,neg,role_based,role_based,171,13,13.153846,60.934615,10.968661,128.124344,49,27,8
role_based_prompts.json,1239,Physical_appearance,nonneg,role_based,role_based,166,13,12.769231,74.550435,8.305578,167.335632,45,24,10
role_based_prompts.json,6833,Race_x_SES,neg,role_based,role_based,189,10,18.9,56.661941,9.41683,103.504232,53,34,7
role_based_prompts.json,85,Physical_appearance,neg,role_based,role_based,165,13,12.692308,69.785,8.0,152.662994,46,22,12
role_based_prompts.json,3005,Race_x_gender,neg,role_based,role_based,171,12,14.25,65.584186,8.302262,86.116362,53,28,2
role_based_prompts.json,6821,SES,neg,role_based,role_based,196,13,15.076923,64.828846,8.559707,126.538328,52,27,14
role_based_prompts.json,10675,Race_x_SES,nonneg,role_based,role_based,204,12,17.0,64.386188,8.912171,119.53125,64,24,10
role_based_prompts.json,1675,Nationality,nonneg,role_based,role_based,225,16,14.0625,65.875,9.911111,116.965974,57,32,13
role_based_prompts.json,631,Religion,nonneg,role_based,role_based,194,13,14.923077,57.993462,10.953846,147.412274,53,23,16
role_based_prompts.json,1027,Disability_status,nonneg,role_based,role_based,166,12,13.833333,58.733392,9.213054,142.570728,49,21,8
role_based_prompts.json,1859,Nationality,nonneg,role_based,role_based,191,13,14.692308,62.966532,9.073733,114.406264,52,24,11
role_based_prompts.json,803,Age,nonneg,role_based,role_based,182,12,15.166667,69.187348,8.327642,158.772444,45,21,15
role_based_prompts.json,1011,Religion,nonneg,role_based,role_based,162,13,12.461538,71.923966,8.000962,128.994083,42,23,8
role_based_prompts.json,2965,Nationality,neg,role_based,role_based,176,13,13.538462,61.474394,10.032319,118.706302,42,26,13
role_based_prompts.json,1351,Physical_appearance,nonneg,role_based,role_based,196,11,17.818182,55.541634,11.413473,147.540367,54,24,13
role_based_prompts.json,985,Physical_appearance,neg,role_based,role_based,192,14,13.714286,64.375195,9.854545,141.354372,43,34,11
role_based_prompts.json,661,Age,neg,role_based,role_based,151,13,11.615385,60.644757,8.069096,172.401198,44,20,7
role_based_prompts.json,4441,SES,neg,role_based,role_based,181,13,13.923077,70.655915,8.323607,127.724559,51,23,8
role_based_prompts.json,1325,Physical_appearance,neg,role_based,role_based,181,12,15.083333,66.217961,8.875869,181.701972,54,24,4
role_based_prompts.json,553,Sexual_orientation,neg,role_based,role_based,199,14,14.214286,66.101111,8.826102,127.900059,53,28,16
role_based_prompts.json,2045,Nationality,neg,role_based,role_based,177,13,13.615385,56.642028,10.833566,121.75981,50,22,14
role_based_prompts.json,437,Physical_appearance,neg,role_based,role_based,199,13,15.307692,70.10163,8.326708,121.94663,47,30,14
role_based_prompts.json,577,Religion,neg,role_based,role_based,162,13,12.461538,64.357026,8.632102,132.544379,53,19,7
role_based_prompts.json,3029,Age,neg,role_based,role_based,203,14,14.5,63.614318,10.047619,157.051167,57,26,11
role_based_prompts.json,6701,Race_x_SES,neg,role_based,role_based,188,12,15.666667,57.206878,9.413575,134.027055,45,28,19
role_based_prompts.json,2121,Age,neg,role_based,role_based,200,15,13.333333,63.228556,9.752099,125.669244,50,25,13
role_based_prompts.json,57,Religion,neg,role_based,role_based,152,12,12.666667,64.600989,8.703555,127.040503,45,20,6
role_based_prompts.json,439,Disability_status,nonneg,role_based,role_based,163,12,13.583333,65.880385,8.923077,183.654729,50,19,4
role_based_prompts.json,175,Religion,nonneg,role_based,role_based,182,13,14.0,74.33029,7.506006,133.308985,48,24,15
role_based_prompts.json,249,Religion,neg,role_based,role_based,167,13,12.846154,67.06521,8.303963,143.684562,42,23,11
role_based_prompts.json,749,Physical_appearance,neg,role_based,role_based,152,11,13.818182,71.581954,6.970115,122.091353,46,19,6
role_based_prompts.json,205,Religion,neg,role_based,role_based,171,12,14.25,69.316538,7.714027,180.634321,49,21,13
role_based_prompts.json,1139,Disability_status,nonneg,role_based,role_based,172,12,14.333333,70.334615,8.894587,171.182525,46,23,11
role_based_prompts.json,491,Disability_status,nonneg,role_based,role_based,162,12,13.5,55.055769,8.692308,135.68,42,21,9
role_based_prompts.json,6477,Race_ethnicity,neg,role_based,role_based,181,12,15.083333,60.153846,9.427056,94.405109,56,30,7
role_based_prompts.json,6587,Race_ethnicity,nonneg,role_based,role_based,194,12,16.166667,56.629324,9.633977,104.570754,63,26,10
role_based_prompts.json,589,Nationality,neg,role_based,role_based,181,12,15.083333,62.8125,9.134954,105.628637,49,24,12
role_based_prompts.json,1505,Physical_appearance,neg,role_based,role_based,185,14,13.214286,61.051996,9.610917,152.624885,45,28,9
role_based_prompts.json,4725,SES,neg,role_based,role_based,181,12,15.083333,77.657294,7.496021,127.724559,51,23,8
role_based_prompts.json,531,Disability_status,nonneg,role_based,role_based,165,12,13.75,59.697961,8.930471,111.34068,50,20,8
role_based_prompts.json,147,Disability_status,nonneg,role_based,role_based,156,13,12.0,61.987964,8.984699,124.869927,47,21,5
role_based_prompts.json,4895,Race_ethnicity,nonneg,role_based,role_based,175,12,14.583333,62.026154,8.593781,84.111693,57,27,7
role_based_prompts.json,6563,SES,nonneg,role_based,role_based,156,14,11.142857,60.601079,9.640437,156.087409,52,19,4
role_based_prompts.json,14867,Race_x_gender,nonneg,role_based,role_based,146,12,12.166667,67.282857,6.771429,126.192675,50,20,2
role_based_prompts.json,1,Nationality,neg,role_based,role_based,163,13,12.538462,70.602091,8.625962,131.360947,42,22,13
role_based_prompts.json,4641,SES,neg,role_based,role_based,181,13,13.923077,67.738674,9.427056,127.724559,51,23,8
role_based_prompts.json,985,Religion,neg,role_based,role_based,176,13,13.538462,69.608516,7.736264,142.828804,48,24,13
role_based_prompts.json,2739,Age,nonneg,role_based,role_based,190,13,14.615385,76.593147,7.186132,171.555556,51,24,11
role_based_prompts.json,641,Disability_status,neg,role_based,role_based,166,13,12.769231,61.009589,8.620394,106.749311,49,22,7
role_based_prompts.json,111,Race_x_SES,nonneg,role_based,role_based,162,12,13.5,58.683022,10.86105,158.691406,49,20,10
role_based_prompts.json,13557,Race_x_gender,neg,role_based,role_based,143,11,13.0,50.923674,10.60581,103.887671,50,17,6
role_based_prompts.json,3771,Race_x_gender,nonneg,role_based,role_based,166,12,13.833333,58.683022,9.908669,105.762875,52,24,4
role_based_prompts.json,5305,Gender_identity,neg,role_based,role_based,147,10,14.7,66.259384,8.722419,125.519849,43,22,6
role_based_prompts.json,833,Sexual_orientation,neg,role_based,role_based,186,13,14.307692,71.406781,8.624291,123.966942,48,23,12
role_based_prompts.json,1995,Nationality,nonneg,role_based,role_based,186,14,13.285714,67.026573,8.817597,157.204494,50,27,9
role_based_prompts.json,359,Nationality,nonneg,role_based,role_based,160,13,12.307692,61.368736,10.54359,179.443359,46,20,10
role_based_prompts.json,15699,Race_x_gender,nonneg,role_based,role_based,160,11,14.545455,62.066365,8.976675,117.157974,50,20,7
role_based_prompts.json,15943,Race_x_gender,nonneg,role_based,role_based,160,11,14.545455,63.109587,8.662664,119.04,49,22,6
role_based_prompts.json,15523,Race_x_gender,nonneg,role_based,role_based,160,11,14.545455,61.384107,8.654094,117.157974,50,20,7
role_based_prompts.json,1835,Nationality,nonneg,role_based,role_based,191,12,15.916667,62.647916,9.672457,111.160696,52,24,11
role_based_prompts.json,1759,Nationality,nonneg,role_based,role_based,227,16,14.1875,68.138859,8.238397,90.382798,54,27,23
role_based_prompts.json,29,Sexual_orientation,neg,role_based,role_based,171,12,14.25,63.159259,10.093226,140.570934,48,26,14
role_based_prompts.json,5867,Race_x_SES,nonneg,role_based,role_based,201,17,11.823529,67.9642,9.027431,132.906135,59,28,11
role_based_prompts.json,2375,SES,nonneg,role_based,role_based,164,12,13.666667,68.353876,8.632102,156.240611,44,24,6
role_based_prompts.json,1921,Race_x_gender,neg,role_based,role_based,165,13,12.692308,70.029824,7.694891,152.637232,54,20,5
role_based_prompts.json,1067,Physical_appearance,nonneg,role_based,role_based,203,13,15.615385,63.352783,10.580593,137.566924,46,34,13
role_based_prompts.json,109,Race_x_SES,neg,role_based,role_based,160,13,12.307692,56.6083,10.912159,161.249685,49,20,9
role_based_prompts.json,3655,Race_ethnicity,nonneg,role_based,role_based,176,12,14.666667,70.334615,8.005698,133.673469,59,23,6
role_based_prompts.json,3971,Race_ethnicity,nonneg,role_based,role_based,170,13,13.076923,67.906923,8.637363,102.057613,58,20,5
role_based_prompts.json,1149,Race_x_SES,neg,role_based,role_based,177,13,13.615385,53.562164,10.320089,122.730245,54,22,10
role_based_prompts.json,667,Sexual_orientation,nonneg,role_based,role_based,190,16,11.875,69.009855,9.154046,134.77975,48,23,13
role_based_prompts.json,9211,Race_x_SES,nonneg,role_based,role_based,184,11,16.727273,60.052957,10.072146,157.048941,62,22,4
role_based_prompts.json,14059,Race_x_gender,nonneg,role_based,role_based,157,11,14.272727,70.93572,8.331514,139.833711,52,24,2
role_based_prompts.json,1321,Age,neg,role_based,role_based,178,14,12.714286,60.70338,8.845875,146.492271,53,21,9
role_based_prompts.json,3367,Gender_identity,nonneg,role_based,role_based,160,11,14.545455,68.346883,8.326667,120.280241,53,21,5
role_based_prompts.json,3589,SES,neg,role_based,role_based,180,12,15.0,63.741329,9.994406,120.808561,48,28,9
role_based_prompts.json,15731,Race_x_gender,nonneg,role_based,role_based,158,12,13.166667,60.701419,9.983354,117.065557,50,20,6
role_based_prompts.json,2097,Gender_identity,neg,role_based,role_based,164,12,13.666667,69.941154,8.000962,162.130178,50,23,5
role_based_prompts.json,157,Race_x_gender,neg,role_based,role_based,168,13,12.923077,58.733392,8.910023,138.115393,43,26,14
role_based_prompts.json,1823,Race_x_SES,nonneg,role_based,role_based,184,13,14.153846,55.709945,10.021978,131.91827,60,26,4
role_based_prompts.json,1005,Disability_status,neg,role_based,role_based,167,12,13.916667,51.422198,11.310353,140.466392,50,20,9
role_based_prompts.json,1123,Disability_status,nonneg,role_based,role_based,197,13,15.153846,59.912911,10.590235,117.96875,51,30,12
role_based_prompts.json,1989,Nationality,neg,role_based,role_based,182,14,13.0,65.867896,9.148927,154.947975,52,26,7
role_based_prompts.json,935,Race_ethnicity,nonneg,role_based,role_based,171,15,11.4,60.284447,10.638742,143.884892,51,20,10
role_based_prompts.json,545,Sexual_orientation,neg,role_based,role_based,199,14,14.214286,63.49,9.566843,127.900059,53,28,16
role_based_prompts.json,1555,Physical_appearance,nonneg,role_based,role_based,183,14,13.071429,62.489252,8.811532,161.777778,45,26,9
role_based_prompts.json,5811,SES,nonneg,role_based,role_based,171,13,13.153846,68.208824,8.297479,139.676539,48,28,6
role_based_prompts.json,401,Gender_identity,neg,role_based,role_based,169,13,13.0,56.467992,10.442983,137.938832,53,23,7
role_based_prompts.json,417,Disability_status,neg,role_based,role_based,164,13,12.615385,65.229615,8.923077,183.654729,50,19,4
role_based_prompts.json,527,Religion,nonneg,role_based,role_based,162,13,12.461538,67.297404,7.063462,168.047337,52,20,7
role_based_prompts.json,14271,Race_x_gender,nonneg,role_based,role_based,159,12,13.25,59.008185,10.566154,136.400273,52,26,2
role_based_prompts.json,4493,SES,neg,role_based,role_based,179,11,16.272727,66.360562,9.521911,129.369798,51,23,7
role_based_prompts.json,1843,Nationality,nonneg,role_based,role_based,192,14,13.714286,63.744231,9.072527,115.366127,53,25,9
role_based_prompts.json,711,Sexual_orientation,nonneg,role_based,role_based,176,13,13.538462,61.474394,10.607858,126.754187,41,23,14
role_based_prompts.json,485,Religion,neg,role_based,role_based,154,13,11.846154,62.03,8.666667,198.871271,48,20,7
role_based_prompts.json,127,Nationality,nonneg,role_based,role_based,199,12,16.583333,71.5075,8.821429,91.449474,54,29,10
role_based_prompts.json,1879,Age,nonneg,role_based,role_based,200,14,14.285714,67.201536,9.510725,124.2049,49,27,12
role_based_prompts.json,1533,Age,neg,role_based,role_based,180,12,15.0,68.2625,8.368116,117.365152,45,25,11
role_based_prompts.json,2701,Age,neg,role_based,role_based,189,13,14.538462,74.30875,7.820567,172.064321,52,23,11
role_based_prompts.json,443,Physical_appearance,nonneg,role_based,role_based,196,13,15.076923,66.52796,9.4185,125.0,49,30,13
role_based_prompts.json,859,Sexual_orientation,nonneg,role_based,role_based,187,13,14.384615,66.688684,9.079699,126.49688,47,25,12
role_based_prompts.json,1157,Disability_status,neg,role_based,role_based,165,13,12.692308,75.889591,7.063462,191.715976,46,21,10
role_based_prompts.json,367,Physical_appearance,nonneg,role_based,role_based,195,12,16.25,71.336538,8.046886,130.588047,50,30,10
role_based_prompts.json,687,Sexual_orientation,nonneg,role_based,role_based,177,13,13.615385,64.517559,10.032319,124.742216,42,26,13
role_based_prompts.json,2607,Race_x_gender,nonneg,role_based,role_based,184,13,14.153846,65.17872,7.806092,132.450331,50,28,11
role_based_prompts.json,3861,Race_ethnicity,neg,role_based,role_based,158,12,13.166667,66.842171,8.654094,95.480191,52,22,5
role_based_prompts.json,6355,Race_ethnicity,nonneg,role_based,role_based,181,11,16.454545,59.264536,9.149842,96.785975,57,27,8
role_based_prompts.json,637,Sexual_orientation,neg,role_based,role_based,182,13,14.0,50.904631,11.870016,118.913562,41,27,14
role_based_prompts.json,1039,Religion,nonneg,role_based,role_based,161,12,13.416667,70.858271,7.6979,128.598041,43,22,8
role_based_prompts.json,531,Sexual_orientation,nonneg,role_based,role_based,183,13,14.076923,71.041923,8.597436,153.875023,46,23,12
role_based_prompts.json,1541,Gender_identity,neg,role_based,role_based,137,9,15.222222,57.252594,9.983601,123.356009,42,19,4
role_based_prompts.json,1707,Age,nonneg,role_based,role_based,220,13,16.923077,64.124877,9.818735,102.848795,55,32,18
role_based_prompts.json,8387,Race_x_gender,nonneg,role_based,role_based,153,12,12.75,60.335443,9.03969,113.380234,53,17,9
role_based_prompts.json,4425,Race_x_SES,neg,role_based,role_based,174,13,13.384615,55.961819,10.346771,141.814606,56,22,9
role_based_prompts.json,4611,Gender_identity,nonneg,role_based,role_based,153,11,13.909091,64.537651,9.008683,112.014207,47,24,5
role_based_prompts.json,651,Religion,nonneg,role_based,role_based,183,14,13.071429,56.084223,10.237363,174.766902,56,18,14
role_based_prompts.json,3365,Age,neg,role_based,role_based,179,11,16.272727,60.963551,8.904338,122.44898,50,24,9
role_based_prompts.json,979,Religion,nonneg,role_based,role_based,177,13,13.615385,67.191374,8.879121,140.84507,48,28,9
role_based_prompts.json,5231,Race_ethnicity,nonneg,role_based,role_based,196,11,17.818182,66.329789,7.633317,97.306277,60,28,6
role_based_prompts.json,3481,Race_ethnicity,neg,role_based,role_based,164,13,12.615385,71.086538,7.692308,142.332415,53,20,6
role_based_prompts.json,1227,Nationality,nonneg,role_based,role_based,176,14,12.571429,61.929286,8.571429,110.097203,42,24,14
role_based_prompts.json,197,Age,neg,role_based,role_based,198,13,15.230769,65.69125,9.821429,149.367474,48,31,9
role_based_prompts.json,4773,Race_ethnicity,neg,role_based,role_based,151,12,12.583333,67.546154,7.360684,105.924723,51,20,4
role_based_prompts.json,975,Religion,nonneg,role_based,role_based,177,13,13.615385,70.817088,8.021978,140.84507,48,28,9
role_based_prompts.json,787,Disability_status,nonneg,role_based,role_based,174,12,14.5,66.708211,8.59398,134.693878,50,28,4
role_based_prompts.json,4741,SES,neg,role_based,role_based,183,13,14.076923,72.198509,8.332601,127.021305,51,24,9
role_based_prompts.json,701,Disability_status,neg,role_based,role_based,191,14,13.642857,70.584737,8.290226,127.367326,47,28,6
role_based_prompts.json,27,SES,nonneg,role_based,role_based,154,11,14.0,73.068743,7.328011,122.942422,45,17,10
role_based_prompts.json,5015,Gender_identity,nonneg,role_based,role_based,148,11,13.454545,66.579026,8.358442,114.933837,44,22,5
role_based_prompts.json,6093,SES,neg,role_based,role_based,173,14,12.357143,64.753595,9.461731,137.674033,48,30,6
role_based_prompts.json,1083,Disability_status,nonneg,role_based,role_based,197,14,14.071429,63.433392,9.836033,120.248408,50,32,11
role_based_prompts.json,451,Age,nonneg,role_based,role_based,182,11,16.545455,72.826154,7.742717,127.724559,47,23,13
role_based_prompts.json,2831,Age,nonneg,role_based,role_based,189,13,14.538462,74.626154,7.459029,172.064321,52,23,11
role_based_prompts.json,1727,Race_x_SES,nonneg,role_based,role_based,188,13,14.461538,56.354423,9.986325,126.665416,64,26,4
role_based_prompts.json,385,Religion,neg,role_based,role_based,157,12,13.083333,61.046173,8.337461,124.16,46,20,11
role_based_prompts.json,5499,Gender_identity,nonneg,role_based,role_based,153,11,13.909091,65.248575,9.344818,117.478314,47,21,6
role_based_prompts.json,1185,Physical_appearance,neg,role_based,role_based,163,13,12.538462,73.906779,8.000962,169.230769,46,22,10
role_based_prompts.json,915,Religion,nonneg,role_based,role_based,172,13,13.230769,59.363597,10.066968,141.776938,56,22,5
role_based_prompts.json,6835,Race_x_gender,nonneg,role_based,role_based,148,12,12.333333,69.240626,7.370728,108.884688,47,20,4
role_based_prompts.json,821,Sexual_orientation,neg,role_based,role_based,207,16,12.9375,68.749629,8.056963,102.59567,41,31,13
role_based_prompts.json,4741,Gender_identity,neg,role_based,role_based,170,11,15.454545,62.578846,8.606993,99.13121,47,26,6
role_based_prompts.json,331,Nationality,nonneg,role_based,role_based,159,14,11.357143,58.331385,10.246154,193.440387,46,19,10
role_based_prompts.json,6461,Race_ethnicity,neg,role_based,role_based,181,12,15.083333,58.403501,9.427056,94.405109,56,30,7
role_based_prompts.json,233,Disability_status,neg,role_based,role_based,157,11,14.272727,61.046173,8.662664,117.76,48,21,4
role_based_prompts.json,3433,Gender_identity,neg,role_based,role_based,162,11,14.727273,62.711593,9.591209,113.525391,52,24,5
role_based_prompts.json,14421,Race_x_gender,neg,role_based,role_based,155,12,12.916667,63.37485,8.656831,140.478668,53,23,2
role_based_prompts.json,543,Gender_identity,nonneg,role_based,role_based,188,12,15.666667,70.417807,9.014035,161.072694,58,30,5
role_based_prompts.json,4309,SES,neg,role_based,role_based,213,14,15.214286,68.940581,8.402658,121.548421,53,30,10
role_based_prompts.json,773,Disability_status,neg,role_based,role_based,190,13,14.615385,69.267632,8.022895,131.556755,48,27,6
role_based_prompts.json,633,Disability_status,neg,role_based,role_based,169,12,14.083333,60.327461,8.002082,102.724913,50,20,11
role_based_prompts.json,839,Race_ethnicity,nonneg,role_based,role_based,170,13,13.076923,65.053289,10.391734,135.329533,46,27,10
role_based_prompts.json,581,Race_ethnicity,neg,role_based,role_based,174,15,11.6,69.616384,8.023213,177.053468,46,25,10
role_based_prompts.json,603,Age,nonneg,role_based,role_based,173,11,15.727273,73.016869,7.057299,189.849108,43,22,10
role_based_prompts.json,1567,Race_ethnicity,nonneg,role_based,role_based,204,12,17.0,60.13049,9.440559,118.326222,53,29,15
role_based_prompts.json,1911,Nationality,nonneg,role_based,role_based,194,13,14.923077,69.36078,8.562147,111.54622,51,27,11
role_based_prompts.json,1571,Age,nonneg,role_based,role_based,192,12,16.0,66.053937,8.890699,141.519251,52,26,10
role_based_prompts.json,6213,SES,neg,role_based,role_based,168,14,12.0,64.885733,8.61203,142.66118,45,27,7
role_based_prompts.json,451,Sexual_orientation,nonneg,role_based,role_based,181,12,15.083333,65.869204,9.157963,117.669753,38,34,10
role_based_prompts.json,3497,Gender_identity,neg,role_based,role_based,140,10,14.0,64.203506,8.38961,110.05328,44,17,7
role_based_prompts.json,3005,Age,neg,role_based,role_based,204,14,14.571429,63.822892,9.080207,147.39229,56,26,15
role_based_prompts.json,733,Sexual_orientation,neg,role_based,role_based,190,12,15.833333,62.236053,9.079699,102.040816,48,23,17
role_based_prompts.json,5979,SES,nonneg,role_based,role_based,176,13,13.538462,67.367857,8.571429,134.89387,51,30,6
role_based_prompts.json,639,Sexual_orientation,nonneg,role_based,role_based,183,13,14.076923,51.230967,11.851143,124.444444,41,27,15
role_based_prompts.json,295,Physical_appearance,nonneg,role_based,role_based,205,14,14.642857,51.518217,12.199427,140.078386,50,34,13
role_based_prompts.json,147,Sexual_orientation,nonneg,role_based,role_based,186,13,14.307692,53.298269,10.519281,93.222354,44,29,13
role_based_prompts.json,1839,Gender_identity,nonneg,role_based,role_based,136,11,12.363636,50.002098,11.08951,133.499466,46,18,5
role_based_prompts.json,6429,Race_ethnicity,neg,role_based,role_based,185,12,15.416667,58.116923,9.430769,95.491194,59,27,8
role_based_prompts.json,433,Religion,neg,role_based,role_based,192,13,14.769231,64.174375,8.907202,118.666192,50,28,12
role_based_prompts.json,675,Religion,nonneg,role_based,role_based,185,14,13.214286,58.090426,9.418711,170.666667,53,21,16
role_based_prompts.json,241,Sexual_orientation,neg,role_based,role_based,164,14,11.714286,67.297404,8.938462,146.745562,42,20,12
role_based_prompts.json,11097,Race_x_SES,neg,role_based,role_based,207,11,18.818182,62.898156,9.92279,111.408032,64,29,9
role_based_prompts.json,3099,Gender_identity,nonneg,role_based,role_based,164,11,14.909091,67.048097,8.101762,104.888992,49,23,4
role_based_prompts.json,4499,Race_x_SES,nonneg,role_based,role_based,173,10,17.3,58.739856,9.794719,111.375433,58,24,6
role_based_prompts.json,205,Sexual_orientation,neg,role_based,role_based,165,13,12.692308,65.975529,9.250962,144.378698,42,21,15
role_based_prompts.json,2253,Age,neg,role_based,role_based,196,12,16.333333,61.480108,9.926311,114.84375,47,31,11
role_based_prompts.json,3583,Gender_identity,nonneg,role_based,role_based,141,10,14.1,59.778619,9.514923,113.168724,43,17,8
role_based_prompts.json,5269,SES,neg,role_based,role_based,187,11,17.0,62.019462,8.882051,118.594183,48,29,11
role_based_prompts.json,3893,Race_ethnicity,neg,role_based,role_based,164,13,12.615385,63.696453,8.957032,100.227259,55,21,3
role_based_prompts.json,3189,Age,neg,role_based,role_based,207,13,15.923077,64.173688,9.466063,102.758248,53,28,19
role_based_prompts.json,397,Sexual_orientation,neg,role_based,role_based,173,12,14.416667,62.416906,9.7534,121.428571,47,23,14
role_based_prompts.json,1431,Disability_status,nonneg,role_based,role_based,164,13,12.615385,64.578846,8.307692,143.480257,47,21,10
role_based_prompts.json,1413,Nationality,neg,role_based,role_based,220,16,13.75,67.921035,8.804567,122.42826,55,28,15
role_based_prompts.json,477,Gender_identity,neg,role_based,role_based,191,12,15.916667,72.305959,8.634565,157.790927,56,33,6
role_based_prompts.json,3143,Gender_identity,nonneg,role_based,role_based,165,11,15.0,71.319099,7.400775,107.219859,49,25,3
role_based_prompts.json,563,Disability_status,nonneg,role_based,role_based,165,13,12.692308,59.697961,8.930471,111.34068,47,20,11
role_based_prompts.json,4499,SES,nonneg,role_based,role_based,182,11,16.545455,69.489019,9.151194,132.352261,50,27,6
role_based_prompts.json,4923,Gender_identity,nonneg,role_based,role_based,150,10,15.0,62.736962,8.706858,113.960114,44,22,6
role_based_prompts.json,725,Race_x_gender,neg,role_based,role_based,155,12,12.916667,66.022838,8.031286,103.818045,46,26,3
role_based_prompts.json,275,Physical_appearance,nonneg,role_based,role_based,197,12,16.416667,60.941254,8.907202,116.292868,51,28,10
role_based_prompts.json,2559,Race_ethnicity,nonneg,role_based,role_based,159,13,12.230769,64.765,8.2,94.953174,54,20,5
role_based_prompts.json,8333,Race_x_gender,neg,role_based,role_based,151,11,13.727273,68.269231,8.386325,115.81103,51,18,8
role_based_prompts.json,403,Race_x_gender,nonneg,role_based,role_based,154,12,12.833333,66.733762,7.359017,99.719964,48,22,4
role_based_prompts.json,3293,Gender_identity,neg,role_based,role_based,161,12,13.416667,67.129785,8.006154,120.280241,52,23,5
role_based_prompts.json,2001,Race_x_SES,neg,role_based,role_based,180,13,13.846154,60.010587,8.362287,126.287459,62,23,4
role_based_prompts.json,755,Disability_status,nonneg,role_based,role_based,189,13,14.538462,70.188,8.285714,109.359648,46,30,6
role_based_prompts.json,6153,Race_ethnicity,neg,role_based,role_based,162,11,14.727273,62.358601,9.262023,106.964726,51,22,4
role_based_prompts.json,2505,Race_x_SES,neg,role_based,role_based,160,14,11.428571,50.4775,10.866667,139.160156,50,23,8
role_based_prompts.json,5479,Gender_identity,nonneg,role_based,role_based,154,11,14.0,61.693953,9.344818,118.844341,47,22,6
role_based_prompts.json,1339,Disability_status,nonneg,role_based,role_based,178,13,13.692308,71.231176,8.031203,159.143519,47,26,7
role_based_prompts.json,483,Religion,nonneg,role_based,role_based,157,12,13.083333,63.515769,8.358974,198.294666,46,22,8
role_based_prompts.json,4805,Gender_identity,neg,role_based,role_based,171,11,15.545455,67.095191,8.343108,95.473251,47,27,6
role_based_prompts.json,2521,Gender_identity,neg,role_based,role_based,174,12,14.5,70.911732,7.741604,117.421125,50,25,8
role_based_prompts.json,479,Religion,nonneg,role_based,role_based,172,11,15.636364,50.281282,10.672365,137.576139,49,21,14
role_based_prompts.json,7659,Race_x_gender,nonneg,role_based,role_based,154,11,14.0,67.341411,8.020598,121.620728,52,16,7
role_based_prompts.json,261,Physical_appearance,neg,role_based,role_based,197,12,16.416667,63.635522,8.907202,113.919544,50,29,10
role_based_prompts.json,765,Nationality,neg,role_based,role_based,190,11,17.272727,73.633097,7.57166,104.890739,46,29,15
role_based_prompts.json,561,Sexual_orientation,neg,role_based,role_based,198,14,14.142857,60.878889,9.813757,127.156454,53,26,17
role_based_prompts.json,415,Sexual_orientation,nonneg,role_based,role_based,172,13,13.230769,59.04941,9.76283,125.252316,47,22,14
role_based_prompts.json,1221,Physical_appearance,neg,role_based,role_based,171,13,13.153846,71.502612,8.000239,165.961239,45,24,11
role_based_prompts.json,2769,Nationality,neg,role_based,role_based,174,14,12.428571,73.185294,8.297479,155.429532,47,25,13
role_based_prompts.json,69,Race_ethnicity,neg,role_based,role_based,168,12,14.0,71.140995,7.400578,173.388203,46,22,12
role_based_prompts.json,649,Race_ethnicity,neg,role_based,role_based,161,13,12.384615,56.6083,9.621836,139.833711,42,20,13
role_based_prompts.json,1485,SES,neg,role_based,role_based,180,12,15.0,66.587088,8.021978,88.023864,50,27,8
role_based_prompts.json,835,Sexual_orientation,nonneg,role_based,role_based,185,12,15.416667,70.666577,8.619664,125.592721,48,23,12
role_based_prompts.json,1083,Race_ethnicity,nonneg,role_based,role_based,196,16,12.25,69.785,7.75,150.891632,50,28,13
role_based_prompts.json,2757,Race_x_SES,neg,role_based,role_based,165,11,15.0,50.625879,11.495971,120.849609,56,24,2
role_based_prompts.json,651,Sexual_orientation,nonneg,role_based,role_based,192,13,14.769231,71.878846,8.559707,133.792661,48,23,14
role_based_prompts.json,11967,Race_x_gender,nonneg,role_based,role_based,154,13,11.846154,73.385769,7.358974,176.027949,44,19,8
role_based_prompts.json,3195,Race_x_SES,nonneg,role_based,role_based,169,11,15.363636,60.674231,9.846154,118.227732,59,24,2
role_based_prompts.json,203,Nationality,nonneg,role_based,role_based,201,12,16.75,75.643267,7.847327,91.092746,58,26,11
role_based_prompts.json,4585,Gender_identity,neg,role_based,role_based,153,11,13.909091,67.452273,9.030303,108.841709,49,22,5
role_based_prompts.json,1283,Gender_identity,nonneg,role_based,role_based,158,11,14.363636,71.250762,8.002439,112.64,46,24,9
role_based_prompts.json,3291,Age,nonneg,role_based,role_based,209,14,14.928571,63.826974,8.862322,103.578469,52,30,19
role_based_prompts.json,501,Age,neg,role_based,role_based,185,12,15.416667,70.817088,7.736264,126.004383,48,23,13
role_based_prompts.json,4883,SES,nonneg,role_based,role_based,186,12,15.5,61.455462,9.682051,117.728532,48,28,11
role_based_prompts.json,347,Physical_appearance,nonneg,role_based,role_based,208,14,14.857143,50.999198,12.690225,133.219955,50,34,13
role_based_prompts.json,4747,Race_x_SES,nonneg,role_based,role_based,172,10,17.2,64.18143,9.541294,121.107266,61,21,6
role_based_prompts.json,5877,Race_x_SES,neg,role_based,role_based,201,15,13.4,67.9642,9.027431,132.115027,60,27,11
role_based_prompts.json,191,Physical_appearance,nonneg,role_based,role_based,181,12,15.083333,69.065804,8.316084,151.248514,47,25,11
role_based_prompts.json,43,Religion,nonneg,role_based,role_based,153,12,12.75,66.335769,7.358974,131.685031,46,18,8
role_based_prompts.json,537,Race_x_gender,neg,role_based,role_based,152,11,13.818182,68.231058,6.976923,107.337052,47,23,3
role_based_prompts.json,2949,Race_x_gender,neg,role_based,role_based,173,11,15.727273,58.431892,10.054801,87.987164,52,30,2
role_based_prompts.json,313,Religion,neg,role_based,role_based,188,15,12.533333,61.122895,9.342857,161.916006,52,24,14
role_based_prompts.json,171,Nationality,nonneg,role_based,role_based,200,13,15.384615,69.234444,9.319929,90.71981,51,27,13
role_based_prompts.json,5171,Race_x_SES,nonneg,role_based,role_based,181,11,16.454545,59.90875,8.387943,100.738422,67,22,6
role_based_prompts.json,3705,Gender_identity,neg,role_based,role_based,171,13,13.153846,69.081282,7.709402,127.870425,52,25,4
role_based_prompts.json,3007,Age,nonneg,role_based,role_based,204,13,15.692308,64.33253,9.080207,146.683673,56,26,15
role_based_prompts.json,1255,Disability_status,nonneg,role_based,role_based,180,13,13.846154,74.255689,7.73016,144.861928,45,29,13
role_based_prompts.json,1411,Physical_appearance,nonneg,role_based,role_based,202,11,18.363636,63.916399,10.167933,150.935374,53,31,16
role_based_prompts.json,1045,Age,neg,role_based,role_based,175,13,13.461538,70.602091,7.688462,165.441176,46,25,6
role_based_prompts.json,5179,SES,nonneg,role_based,role_based,187,11,17.0,60.891462,9.682051,115.99723,47,30,11
role_based_prompts.json,727,Sexual_orientation,nonneg,role_based,role_based,192,13,14.769231,67.460147,8.554435,99.895942,47,26,16
role_based_prompts.json,3867,Race_x_SES,nonneg,role_based,role_based,174,10,17.4,58.739856,9.496211,133.00173,55,24,8
role_based_prompts.json,85,Sexual_orientation,neg,role_based,role_based,170,11,15.454545,66.052273,8.603586,109.739369,43,26,15
role_based_prompts.json,43,Gender_identity,nonneg,role_based,role_based,144,13,11.076923,60.21711,9.541511,184.822617,46,20,5
role_based_prompts.json,661,Sexual_orientation,neg,role_based,role_based,190,14,13.571429,68.013088,9.077311,137.35692,47,25,12
role_based_prompts.json,81,Gender_identity,neg,role_based,role_based,180,12,15.0,64.924545,9.155245,162.663496,49,23,15
role_based_prompts.json,2461,Nationality,neg,role_based,role_based,203,16,12.6875,65.092888,8.506962,128.125,44,26,18
role_based_prompts.json,1125,Gender_identity,neg,role_based,role_based,149,12,12.416667,56.449723,10.442688,93.505735,41,25,4
role_based_prompts.json,1331,Physical_appearance,nonneg,role_based,role_based,180,12,15.0,66.217961,8.875869,181.701972,55,22,5
role_based_prompts.json,1415,Disability_status,nonneg,role_based,role_based,187,12,15.583333,70.856572,8.611461,155.817175,49,30,8
role_based_prompts.json,781,Nationality,neg,role_based,role_based,191,11,17.363636,73.242172,7.844947,102.728468,47,29,15
role_based_prompts.json,3875,SES,nonneg,role_based,role_based,191,14,13.642857,53.596255,11.782186,107.388137,53,27,9
role_based_prompts.json,1561,Age,neg,role_based,role_based,194,14,13.857143,64.914261,9.553763,131.445495,53,25,13
role_based_prompts.json,93,Nationality,neg,role_based,role_based,192,14,13.714286,68.964983,8.262511,177.514793,46,21,17
role_based_prompts.json,2407,Nationality,nonneg,role_based,role_based,160,12,13.333333,71.440165,7.368987,136.71875,44,22,7
role_based_prompts.json,1073,SES,neg,role_based,role_based,161,14,11.5,67.524429,7.686352,136.054422,47,19,7
role_based_prompts.json,1167,Race_ethnicity,nonneg,role_based,role_based,167,15,11.133333,72.462308,8.637363,160.697888,45,20,10
role_based_prompts.json,5717,Race_ethnicity,neg,role_based,role_based,198,12,16.5,64.534444,8.826102,69.89887,61,31,9
role_based_prompts.json,253,Physical_appearance,neg,role_based,role_based,196,12,16.333333,64.713229,8.907202,115.50176,50,26,12
role_based_prompts.json,8273,Race_x_gender,neg,role_based,role_based,150,12,12.5,64.288851,9.728736,114.909509,52,17,8
role_based_prompts.json,247,Religion,nonneg,role_based,role_based,169,13,13.0,61.896573,9.794719,134.083045,44,24,10
role_based_prompts.json,1121,Physical_appearance,neg,role_based,role_based,171,12,14.25,70.560656,8.890498,210.039908,47,27,9
role_based_prompts.json,4851,Gender_identity,nonneg,role_based,role_based,170,12,14.166667,68.987937,7.697902,99.13121,47,26,6
role_based_prompts.json,1415,Age,nonneg,role_based,role_based,181,12,15.083333,66.952092,8.88124,119.598765,41,25,9
role_based_prompts.json,2545,Gender_identity,neg,role_based,role_based,174,12,14.5,66.706803,8.347264,114.619377,51,23,9
role_based_prompts.json,197,Nationality,neg,role_based,role_based,195,14,13.928571,68.625,9.328938,92.933825,48,29,12
role_based_prompts.json,2295,Gender_identity,nonneg,role_based,role_based,174,12,14.5,60.841905,9.809524,98.194803,49,24,7
role_based_prompts.json,3351,SES,nonneg,role_based,role_based,182,11,16.545455,61.320743,9.97878,120.320237,51,28,8
role_based_prompts.json,2383,Race_x_SES,nonneg,role_based,role_based,167,13,12.846154,56.51092,10.708849,162.414266,52,25,8
role_based_prompts.json,1389,Physical_appearance,neg,role_based,role_based,191,11,17.363636,61.455462,9.948718,152.341311,49,33,9
role_based_prompts.json,5677,SES,neg,role_based,role_based,183,14,13.071429,70.235775,9.127565,134.12604,51,29,3
role_based_prompts.json,1123,Physical_appearance,nonneg,role_based,role_based,170,12,14.166667,70.334615,8.894587,210.986201,47,27,9
role_based_prompts.json,14921,Race_x_gender,neg,role_based,role_based,142,12,11.833333,55.655,9.01164,123.966942,47,21,3
role_based_prompts.json,4193,Race_ethnicity,neg,role_based,role_based,183,15,12.2,65.717851,8.30085,98.193775,53,29,6
role_based_prompts.json,3019,Race_x_gender,nonneg,role_based,role_based,173,12,14.416667,63.642993,8.883835,85.714286,53,27,4
role_based_prompts.json,4087,Race_ethnicity,nonneg,role_based,role_based,189,15,12.6,65.839868,8.536842,103.727441,54,31,6
role_based_prompts.json,4147,SES,nonneg,role_based,role_based,196,14,14.0,60.490385,10.610989,111.54622,55,29,9
role_based_prompts.json,1629,Race_x_SES,neg,role_based,role_based,184,13,14.153846,57.174615,9.487179,126.530612,63,23,4
role_based_prompts.json,1259,Physical_appearance,nonneg,role_based,role_based,188,13,14.461538,67.095462,9.682051,117.90337,59,26,6
role_based_prompts.json,8723,Race_x_SES,nonneg,role_based,role_based,207,13,15.923077,66.663779,8.282088,111.252834,59,31,12
role_based_prompts.json,299,Disability_status,nonneg,role_based,role_based,174,13,13.384615,71.821157,8.3057,115.688346,44,25,11
role_based_prompts.json,1521,Physical_appearance,neg,role_based,role_based,185,14,13.214286,66.162063,8.000179,152.624885,45,28,9
role_based_prompts.json,2125,SES,neg,role_based,role_based,165,14,11.785714,65.948476,7.725445,153.767878,49,23,5
role_based_prompts.json,9131,Race_x_SES,nonneg,role_based,role_based,186,11,16.909091,61.839325,8.876818,154.047115,61,24,4
role_based_prompts.json,1289,Physical_appearance,neg,role_based,role_based,161,14,11.5,58.36175,9.891944,149.029505,49,20,4
role_based_prompts.json,515,Sexual_orientation,nonneg,role_based,role_based,185,13,14.230769,72.048017,8.280788,146.235365,45,25,12
role_based_prompts.json,8137,Race_x_SES,neg,role_based,role_based,204,13,15.692308,68.777934,8.516936,83.556024,55,31,6
role_based_prompts.json,2869,Nationality,neg,role_based,role_based,175,13,13.461538,62.083027,10.032319,120.718274,43,23,14
role_based_prompts.json,657,Physical_appearance,neg,role_based,role_based,189,13,14.538462,66.397571,10.203239,117.220442,45,26,9
role_based_prompts.json,689,Disability_status,neg,role_based,role_based,188,14,13.428571,69.984178,8.283988,109.072022,45,31,6
role_based_prompts.json,1443,Physical_appearance,nonneg,role_based,role_based,156,12,13.0,66.942402,8.016141,144.380853,45,18,15
role_based_prompts.json,7275,Race_x_gender,nonneg,role_based,role_based,168,11,15.272727,58.108513,8.899196,167.603806,46,19,18
role_based_prompts.json,835,Nationality,nonneg,role_based,role_based,153,14,10.928571,67.475577,8.812943,145.469953,41,24,7
role_based_prompts.json,317,Religion,neg,role_based,role_based,187,15,12.466667,61.142073,9.414366,162.330727,53,24,13
role_based_prompts.json,713,Sexual_orientation,neg,role_based,role_based,175,13,13.461538,59.964732,10.912821,128.571429,40,23,14
role_based_prompts.json,509,Nationality,neg,role_based,role_based,158,13,12.153846,57.518083,10.886667,192.200384,50,18,6
role_based_prompts.json,10821,Race_x_SES,neg,role_based,role_based,206,11,18.727273,63.212692,9.923077,115.073922,64,28,9
role_based_prompts.json,115,Physical_appearance,nonneg,role_based,role_based,167,14,11.928571,70.760401,7.406979,149.245294,45,24,12
role_based_prompts.json,1223,Age,nonneg,role_based,role_based,177,14,12.642857,73.68301,7.68722,185.459534,44,21,12
role_based_prompts.json,1207,Nationality,nonneg,role_based,role_based,175,14,12.5,62.249586,7.424666,109.652432,42,23,14
role_based_prompts.json,199,Sexual_orientation,nonneg,role_based,role_based,166,13,12.769231,74.567716,7.688462,145.56213,42,23,14
role_based_prompts.json,615,Sexual_orientation,nonneg,role_based,role_based,184,12,15.333333,56.661941,11.027568,124.555941,40,27,16
role_based_prompts.json,4445,Race_ethnicity,neg,role_based,role_based,170,12,14.166667,67.430094,7.709774,104.252401,53,22,6
role_based_prompts.json,269,Nationality,neg,role_based,role_based,193,14,13.785714,67.560174,9.156328,93.310073,55,26,10
role_based_prompts.json,3481,Age,neg,role_based,role_based,181,12,15.083333,65.947949,8.598291,124.975203,50,23,12
role_based_prompts.json,3933,Race_x_gender,neg,role_based,role_based,171,11,15.545455,60.019591,9.944417,94.674556,59,25,3
role_based_prompts.json,341,Race_ethnicity,neg,role_based,role_based,155,13,11.923077,68.612026,8.012258,158.72,50,19,7
role_based_prompts.json,10475,Race_x_gender,nonneg,role_based,role_based,158,12,13.166667,59.214194,9.312568,119.667014,54,21,2
role_based_prompts.json,733,Disability_status,neg,role_based,role_based,184,14,13.142857,69.130776,8.004926,115.04748,45,27,6
role_based_prompts.json,14655,Race_x_gender,nonneg,role_based,role_based,147,12,12.25,67.624801,6.414412,140.642722,49,21,2
role_based_prompts.json,875,Race_ethnicity,nonneg,role_based,role_based,173,13,13.307692,62.137002,9.470859,132.653061,49,27,10
role_based_prompts.json,4981,Race_x_SES,neg,role_based,role_based,169,11,15.363636,50.655778,11.359014,120.97914,56,21,7
role_based_prompts.json,1061,Religion,neg,role_based,role_based,197,14,14.071429,62.820708,10.077448,111.8784,54,28,14
role_based_prompts.json,211,Sexual_orientation,nonneg,role_based,role_based,166,13,12.769231,68.223542,8.620394,142.182856,43,21,15
role_based_prompts.json,6285,Race_x_gender,neg,role_based,role_based,145,12,12.083333,69.363056,6.658628,122.170883,47,18,5
role_based_prompts.json,5747,Race_x_SES,nonneg,role_based,role_based,182,11,16.545455,59.026154,9.444845,99.760379,64,25,6
role_based_prompts.json,1811,Age,nonneg,role_based,role_based,222,13,17.076923,64.358059,10.030487,110.467864,54,32,18
role_based_prompts.json,605,Gender_identity,neg,role_based,role_based,146,11,13.272727,66.354358,8.024324,162.89451,44,17,7
role_based_prompts.json,5295,Race_ethnicity,nonneg,role_based,role_based,207,12,17.25,67.308671,8.713287,85.121107,68,29,6
role_based_prompts.json,599,Sexual_orientation,nonneg,role_based,role_based,184,14,13.142857,67.807994,8.33763,116.444444,48,33,10
role_based_prompts.json,9451,Race_x_SES,nonneg,role_based,role_based,190,11,17.272727,64.727834,7.57166,151.796256,66,22,5
role_based_prompts.json,1643,Race_ethnicity,nonneg,role_based,role_based,206,12,17.166667,62.255461,9.910526,116.275185,58,29,12
role_based_prompts.json,411,Age,nonneg,role_based,role_based,182,11,16.545455,72.826154,7.742717,127.724559,47,23,13
role_based_prompts.json,503,Disability_status,nonneg,role_based,role_based,165,12,13.75,63.331779,8.625962,114.212458,49,22,7
role_based_prompts.json,1615,Race_x_SES,nonneg,role_based,role_based,186,12,15.5,54.483672,10.388729,132.035796,63,24,4
role_based_prompts.json,3007,Nationality,nonneg,role_based,role_based,173,12,14.416667,62.75452,9.470859,116.971171,44,23,13
role_based_prompts.json,2179,Nationality,nonneg,role_based,role_based,201,14,14.357143,60.76506,9.803098,144.557823,54,28,14
role_based_prompts.json,1195,Religion,nonneg,role_based,role_based,227,15,15.133333,64.165129,9.906237,114.870982,55,30,20
role_based_prompts.json,10245,Race_x_SES,neg,role_based,role_based,189,11,17.181818,72.24726,8.55499,178.049671,59,25,4
role_based_prompts.json,2181,Race_ethnicity,neg,role_based,role_based,161,11,14.636364,64.054451,8.956288,102.539062,49,26,4
role_based_prompts.json,449,SES,neg,role_based,role_based,161,11,14.636364,62.447196,10.004069,195.650737,46,20,8
role_based_prompts.json,519,Religion,nonneg,role_based,role_based,158,12,13.166667,62.447196,8.681755,192.507804,43,23,11
role_based_prompts.json,673,Age,neg,role_based,role_based,150,13,11.538462,63.613178,8.069096,172.401198,44,19,7
role_based_prompts.json,6729,Race_ethnicity,neg,role_based,role_based,185,11,16.818182,53.559462,11.282051,126.385042,61,26,7
role_based_prompts.json,293,Disability_status,neg,role_based,role_based,173,11,15.727273,69.995257,8.01793,119.712288,46,23,11
role_based_prompts.json,3027,Gender_identity,nonneg,role_based,role_based,159,11,14.454545,55.746981,9.968306,93.652445,44,22,11
role_based_prompts.json,6691,SES,nonneg,role_based,role_based,155,13,11.923077,70.565769,8.025641,161.246977,48,21,4
role_based_prompts.json,3643,Race_x_gender,nonneg,role_based,role_based,173,11,15.727273,59.354451,9.591209,103.305785,58,27,2
role_based_prompts.json,245,Sexual_orientation,neg,role_based,role_based,165,14,11.785714,65.975529,8.938462,147.928994,42,21,12
role_based_prompts.json,3857,SES,neg,role_based,role_based,195,14,13.928571,59.122564,10.600364,104.426249,55,29,10
role_based_prompts.json,7803,Race_x_SES,nonneg,role_based,role_based,202,13,15.538462,65.717509,8.51673,82.558543,54,32,7
role_based_prompts.json,13221,Race_x_gender,neg,role_based,role_based,145,11,13.181818,55.96472,9.93007,106.82398,49,19,6
role_based_prompts.json,669,SES,neg,role_based,role_based,161,13,12.384615,65.858963,8.392334,134.4,43,22,7
role_based_prompts.json,4187,Race_ethnicity,nonneg,role_based,role_based,194,14,13.857143,68.39501,7.483609,101.90664,60,30,6
role_based_prompts.json,2703,SES,nonneg,role_based,role_based,166,11,15.090909,66.2561,8.310316,158.498922,47,22,7
role_based_prompts.json,1321,Nationality,neg,role_based,role_based,221,16,13.8125,71.803183,7.710476,119.328922,52,29,18
role_based_prompts.json,719,Sexual_orientation,nonneg,role_based,role_based,176,12,14.666667,60.257128,10.895628,126.754187,41,23,14
role_based_prompts.json,3609,Gender_identity,neg,role_based,role_based,140,9,15.555556,61.786364,9.532468,110.05328,44,17,7
role_based_prompts.json,2999,SES,nonneg,role_based,role_based,182,16,11.375,63.853522,7.448116,133.796087,58,20,5
role_based_prompts.json,757,Physical_appearance,neg,role_based,role_based,152,11,13.818182,72.336698,6.672679,124.964091,46,19,6
role_based_prompts.json,2953,Gender_identity,neg,role_based,role_based,157,11,14.272727,50.941074,11.01157,99.147333,44,19,12
role_based_prompts.json,467,Religion,nonneg,role_based,role_based,173,11,15.727273,53.765068,10.066968,132.498318,53,22,10
role_based_prompts.json,393,Race_ethnicity,neg,role_based,role_based,160,15,10.666667,69.999399,7.524187,154.88,48,20,9
role_based_prompts.json,281,Disability_status,neg,role_based,role_based,158,13,12.153846,66.548612,8.012258,115.2,47,24,3
role_based_prompts.json,5421,Race_x_SES,neg,role_based,role_based,179,11,16.272727,56.918516,9.164835,105.137869,64,22,7
role_based_prompts.json,725,Physical_appearance,neg,role_based,role_based,146,11,13.272727,68.950952,7.304762,127.73161,45,16,7
role_based_prompts.json,925,Disability_status,neg,role_based,role_based,158,13,12.153846,64.220769,8.358974,101.456816,43,19,8
role_based_prompts.json,2941,Gender_identity,neg,role_based,role_based,158,11,14.363636,54.115432,9.682265,97.554631,45,19,12
role_based_prompts.json,1381,Disability_status,neg,role_based,role_based,197,14,14.071429,70.97926,8.41432,142.508764,50,33,7
role_based_prompts.json,5119,Race_ethnicity,nonneg,role_based,role_based,196,12,16.333333,64.921631,8.405842,95.3125,61,26,7
role_based_prompts.json,565,Sexual_orientation,neg,role_based,role_based,197,14,14.071429,59.745361,10.171237,127.215928,54,26,16
role_based_prompts.json,603,Nationality,nonneg,role_based,role_based,189,11,17.181818,67.510729,9.150607,104.890739,47,28,15
role_based_prompts.json,179,Physical_appearance,nonneg,role_based,role_based,177,13,13.615385,65.126193,9.169009,141.843972,46,25,10
role_based_prompts.json,1851,Age,nonneg,role_based,role_based,206,15,13.733333,68.377887,8.768302,121.212121,50,27,13
role_based_prompts.json,2239,Age,nonneg,role_based,role_based,196,13,15.076923,63.096668,9.926311,114.84375,47,31,11
role_based_prompts.json,597,Disability_status,neg,role_based,role_based,167,12,13.916667,58.071154,8.923077,101.758155,49,23,7
role_based_prompts.json,1137,Physical_appearance,neg,role_based,role_based,182,13,14.0,69.547221,8.302976,203.510802,47,32,4
role_based_prompts.json,7071,Race_x_SES,nonneg,role_based,role_based,189,11,17.181818,62.907579,8.611461,99.995614,53,34,7
role_based_prompts.json,2455,Age,nonneg,role_based,role_based,229,15,15.266667,74.897067,7.407143,114.958964,52,36,15
role_based_prompts.json,1181,Age,neg,role_based,role_based,176,14,12.571429,72.783022,7.686447,184.896413,44,21,12
role_based_prompts.json,199,Religion,nonneg,role_based,role_based,181,13,13.923077,73.573156,7.771883,135.128881,46,24,16
role_based_prompts.json,243,Disability_status,nonneg,role_based,role_based,160,13,12.307692,62.392185,8.646154,114.080228,47,25,3
role_based_prompts.json,55,Physical_appearance,nonneg,role_based,role_based,171,12,14.25,74.721282,7.413105,103.361927,43,26,10
role_based_prompts.json,12715,Race_x_gender,nonneg,role_based,role_based,148,11,13.454545,63.251246,7.370728,130.056711,50,20,2
role_based_prompts.json,6873,Race_ethnicity,neg,role_based,role_based,183,11,16.636364,60.557207,9.798198,128.0,61,26,6
role_based_prompts.json,667,SES,nonneg,role_based,role_based,162,13,12.461538,66.851452,8.381567,132.275132,43,22,7
role_based_prompts.json,165,Race_x_SES,neg,role_based,role_based,159,13,12.230769,62.066365,10.266998,158.730159,51,17,9
role_based_prompts.json,5253,Race_x_SES,neg,role_based,role_based,180,11,16.363636,63.226154,7.742717,103.672551,65,22,7
role_based_prompts.json,11,Religion,nonneg,role_based,role_based,162,13,12.461538,70.435769,7.384615,177.915519,44,23,7
role_based_prompts.json,505,Physical_appearance,neg,role_based,role_based,192,12,16.0,69.559206,9.413786,126.561473,48,28,13
role_based_prompts.json,833,Race_x_SES,neg,role_based,role_based,176,11,16.0,70.190984,7.690161,151.481399,66,19,4
role_based_prompts.json,10661,Race_x_gender,neg,role_based,role_based,162,12,13.5,66.452985,7.366154,122.760246,53,23,3
role_based_prompts.json,731,Physical_appearance,nonneg,role_based,role_based,146,11,13.272727,71.945742,6.66044,124.65374,45,17,6
role_based_prompts.json,3403,Age,nonneg,role_based,role_based,172,12,14.333333,58.41919,9.505842,115.083382,50,21,9
role_based_prompts.json,2961,Nationality,neg,role_based,role_based,176,13,13.538462,61.474394,10.032319,118.706302,42,26,13
role_based_prompts.json,99,Religion,nonneg,role_based,role_based,182,13,14.0,74.156605,7.496021,136.054422,47,26,14
role_based_prompts.json,1067,Gender_identity,nonneg,role_based,role_based,159,11,14.454545,54.526509,11.905455,104.160208,49,20,8
role_based_prompts.json,789,Religion,neg,role_based,role_based,224,14,16.0,65.760326,9.248938,93.336484,55,38,17
role_based_prompts.json,43,Disability_status,nonneg,role_based,role_based,183,12,15.25,68.745447,8.060492,177.469483,53,23,8
role_based_prompts.json,73,Sexual_orientation,neg,role_based,role_based,172,12,14.333333,73.467949,7.413105,106.558687,44,26,15
role_based_prompts.json,12301,Race_x_gender,neg,role_based,role_based,146,12,12.166667,64.748591,8.432675,139.130435,51,18,3
role_based_prompts.json,1639,Age,nonneg,role_based,role_based,194,12,16.166667,59.373077,9.930521,132.256887,51,26,13
role_based_prompts.json,1865,Gender_identity,neg,role_based,role_based,137,11,12.454545,53.730893,10.738095,136.256442,46,18,5
role_based_prompts.json,487,Religion,nonneg,role_based,role_based,155,12,12.916667,62.404877,8.672549,197.527546,47,20,8
role_based_prompts.json,2829,Nationality,neg,role_based,role_based,172,14,12.285714,70.334615,9.487179,159.838031,48,23,13
role_based_prompts.json,3539,Race_x_gender,nonneg,role_based,role_based,175,13,13.461538,59.681282,9.783476,140.726738,46,25,12
role_based_prompts.json,9353,Race_x_SES,neg,role_based,role_based,192,11,17.454545,64.716876,8.60471,154.085873,67,24,4
role_based_prompts.json,301,Sexual_orientation,neg,role_based,role_based,162,11,14.727273,53.698758,10.836826,144.222102,43,21,13
role_based_prompts.json,1035,Age,nonneg,role_based,role_based,176,13,13.538462,68.939167,8.333333,159.63033,48,23,6
role_based_prompts.json,1841,SES,neg,role_based,role_based,170,13,13.076923,69.081282,8.005698,151.313336,51,25,5
role_based_prompts.json,1049,Religion,neg,role_based,role_based,197,14,14.071429,58.032028,10.832165,111.8784,54,28,14
role_based_prompts.json,2025,Race_ethnicity,neg,role_based,role_based,150,10,15.0,62.126353,9.086472,129.273197,51,17,5
role_based_prompts.json,865,Physical_appearance,neg,role_based,role_based,151,11,13.727273,65.043594,9.086472,147.945993,41,21,10
role_based_prompts.json,4597,SES,neg,role_based,role_based,178,13,13.692308,70.039626,9.157963,130.208333,48,23,8
role_based_prompts.json,193,Physical_appearance,neg,role_based,role_based,179,13,13.769231,69.826154,8.026405,138.882097,49,25,8
role_based_prompts.json,681,Sexual_orientation,neg,role_based,role_based,176,13,13.538462,64.517559,9.744549,126.754187,43,23,14
role_based_prompts.json,11443,Race_x_gender,nonneg,role_based,role_based,164,12,13.666667,63.609283,8.646667,105.325444,55,20,4
role_based_prompts.json,7001,Race_x_gender,neg,role_based,role_based,158,11,14.363636,55.1775,8.326984,166.015625,47,18,19
role_based_prompts.json,495,Race_ethnicity,nonneg,role_based,role_based,180,14,12.857143,57.380522,9.726824,154.921785,48,27,11
role_based_prompts.json,11031,Race_x_SES,nonneg,role_based,role_based,205,11,18.636364,66.190581,9.169037,116.507851,65,24,10
role_based_prompts.json,701,Age,neg,role_based,role_based,149,12,12.416667,59.521331,8.368437,170.927467,45,18,7
role_based_prompts.json,1,SES,neg,role_based,role_based,156,11,14.181818,75.500769,6.692308,124.966407,44,19,10
role_based_prompts.json,10145,Race_x_gender,neg,role_based,role_based,167,11,15.181818,68.619279,8.313462,89.73836,54,23,5
role_based_prompts.json,3497,Age,neg,role_based,role_based,176,12,14.666667,59.985656,10.066968,114.285714,50,24,9
role_based_prompts.json,777,Race_x_gender,neg,role_based,role_based,153,12,12.75,67.08637,8.00113,102.777778,48,23,3
role_based_prompts.json,15071,Race_x_gender,nonneg,role_based,role_based,148,13,11.384615,70.927895,6.415038,124.851367,50,20,3
role_based_prompts.json,259,Nationality,nonneg,role_based,role_based,199,13,15.307692,68.86375,8.821429,91.449474,51,29,13
role_based_prompts.json,1185,Disability_status,neg,role_based,role_based,161,13,12.384615,71.867385,7.366154,162.440325,43,19,14
role_based_prompts.json,6891,Race_x_gender,nonneg,role_based,role_based,155,11,14.090909,75.263714,7.032535,159.989594,46,21,13
role_based_prompts.json,427,Religion,nonneg,role_based,role_based,195,13,15.0,64.798942,9.173077,124.980948,51,27,12
role_based_prompts.json,449,Sexual_orientation,neg,role_based,role_based,180,13,13.846154,65.026154,9.161157,115.409066,38,32,10
role_based_prompts.json,5309,Race_x_SES,neg,role_based,role_based,182,10,18.2,59.60007,9.155245,107.491082,65,24,7
role_based_prompts.json,15359,Race_x_gender,nonneg,role_based,role_based,166,13,12.769231,63.928077,8.923077,152.662994,43,20,14
role_based_prompts.json,15039,Race_x_gender,nonneg,role_based,role_based,146,13,11.230769,64.39217,8.089011,126.192675,50,20,2
role_based_prompts.json,1217,Disability_status,neg,role_based,role_based,174,13,13.384615,67.578662,9.197704,127.595156,44,26,14
role_based_prompts.json,257,Physical_appearance,neg,role_based,role_based,197,12,16.416667,64.713229,8.907202,113.919544,50,29,10
role_based_prompts.json,2087,Gender_identity,nonneg,role_based,role_based,165,12,13.75,69.280216,8.000962,152.662722,50,25,4
role_based_prompts.json,2613,Race_x_gender,neg,role_based,role_based,183,13,14.076923,63.565856,8.60471,116.210981,50,31,7
role_based_prompts.json,1061,Physical_appearance,neg,role_based,role_based,196,14,14.0,64.948054,10.197888,140.201891,47,32,10
role_based_prompts.json,671,Gender_identity,nonneg,role_based,role_based,156,12,13.0,68.450769,8.025641,179.787164,44,22,6
role_based_prompts.json,1875,Gender_identity,nonneg,role_based,role_based,170,12,14.166667,63.81625,8.944444,128.936012,55,23,8
role_based_prompts.json,943,Disability_status,nonneg,role_based,role_based,160,11,14.545455,65.243891,8.020598,103.68,42,21,7
role_based_prompts.json,229,Sexual_orientation,neg,role_based,role_based,166,12,13.833333,63.331779,9.875962,145.56213,41,23,14
role_based_prompts.json,10605,Race_x_SES,neg,role_based,role_based,215,11,19.545455,69.025026,8.941765,107.709751,69,29,9
role_based_prompts.json,10941,Race_x_SES,neg,role_based,role_based,208,12,17.333333,65.19765,8.688319,113.02796,66,28,9
role_based_prompts.json,5437,Race_ethnicity,neg,role_based,role_based,201,10,20.1,65.257762,9.198135,85.338305,62,29,6
role_based_prompts.json,413,Physical_appearance,neg,role_based,role_based,198,12,16.5,71.865991,8.316442,121.137302,47,31,13
role_based_prompts.json,5969,Race_ethnicity,neg,role_based,role_based,170,12,14.166667,56.61656,10.416541,98.765432,53,25,8
role_based_prompts.json,1037,Disability_status,neg,role_based,role_based,167,12,13.916667,56.51092,9.505842,140.466392,50,20,9
role_based_prompts.json,257,Religion,neg,role_based,role_based,167,12,13.916667,67.06521,8.606993,142.570728,46,23,8
role_based_prompts.json,3561,Race_ethnicity,neg,role_based,role_based,163,13,12.538462,66.2561,8.620394,142.182856,54,19,6
role_based_prompts.json,763,Physical_appearance,nonneg,role_based,role_based,152,11,13.818182,71.884615,6.676923,118.63569,47,17,7
role_based_prompts.json,4437,SES,neg,role_based,role_based,177,12,14.75,72.826154,8.593781,132.035796,47,23,8
attribute_early_prompts.json,1309,Nationality,neg,attribute_early,attribute_early,165,13,12.692308,58.386333,9.550626,120.039625,40,19,14
attribute_early_prompts.json,457,Disability_status,neg,attribute_early,attribute_early,158,11,14.363636,56.995747,8.349425,143.432826,42,20,8
attribute_early_prompts.json,819,Race_x_SES,nonneg,attribute_early,attribute_early,154,10,15.4,68.674949,8.109831,131.944444,57,18,3
attribute_early_prompts.json,4287,Gender_identity,nonneg,attribute_early,attribute_early,160,11,14.545455,61.294509,9.665455,97.960196,43,23,9
attribute_early_prompts.json,4535,Race_ethnicity,nonneg,attribute_early,attribute_early,157,10,15.7,61.659921,8.330854,112.366977,57,18,3
attribute_early_prompts.json,1463,Disability_status,nonneg,attribute_early,attribute_early,153,12,12.75,71.195,7.666667,138.403655,46,19,7
attribute_early_prompts.json,3555,Race_ethnicity,nonneg,attribute_early,attribute_early,160,9,17.777778,67.810924,8.380059,127.23608,52,21,5
attribute_early_prompts.json,15933,Race_x_gender,neg,attribute_early,attribute_early,153,11,13.909091,57.428407,9.680952,112.014207,48,21,6
attribute_early_prompts.json,3467,Race_ethnicity,nonneg,attribute_early,attribute_early,149,11,13.545455,50.713134,12.181159,106.654978,52,18,3
attribute_early_prompts.json,1191,Physical_appearance,nonneg,attribute_early,attribute_early,162,12,13.5,76.187405,7.6979,157.442461,44,25,9
attribute_early_prompts.json,3335,Race_ethnicity,nonneg,attribute_early,attribute_early,151,11,13.727273,57.750491,10.465782,96.236714,53,20,2
attribute_early_prompts.json,4647,Gender_identity,nonneg,attribute_early,attribute_early,146,11,13.272727,68.950952,8.019048,92.336103,46,24,4
attribute_early_prompts.json,661,Physical_appearance,neg,attribute_early,attribute_early,174,11,15.818182,61.578247,11.090909,130.926403,45,25,8
attribute_early_prompts.json,4167,Race_ethnicity,nonneg,attribute_early,attribute_early,180,13,13.846154,67.158406,8.276895,105.003652,53,29,5
attribute_early_prompts.json,3491,SES,nonneg,attribute_early,attribute_early,170,10,17.0,61.524848,9.946128,119.34573,48,25,7
attribute_early_prompts.json,469,Sexual_orientation,neg,attribute_early,attribute_early,166,12,13.833333,60.438182,9.854545,126.977055,40,28,5
attribute_early_prompts.json,65,Age,neg,attribute_early,attribute_early,161,11,14.636364,64.552584,9.342591,134.607295,42,25,9
attribute_early_prompts.json,2607,Gender_identity,nonneg,attribute_early,attribute_early,166,11,15.090909,67.883293,9.027631,116.579532,49,23,7
attribute_early_prompts.json,4309,Race_ethnicity,neg,attribute_early,attribute_early,162,12,13.5,68.206687,7.363772,117.157974,56,19,3
attribute_early_prompts.json,35,Nationality,nonneg,attribute_early,attribute_early,154,12,12.833333,69.35083,8.330854,148.060017,43,18,13
attribute_early_prompts.json,337,Disability_status,neg,attribute_early,attribute_early,165,10,16.5,73.494551,7.102564,128.55831,44,24,9
attribute_early_prompts.json,2941,Nationality,neg,attribute_early,attribute_early,165,12,13.75,67.939545,8.727273,118.227732,40,22,12
attribute_early_prompts.json,4925,SES,neg,attribute_early,attribute_early,183,10,18.3,60.307372,8.981633,129.723886,50,28,10
attribute_early_prompts.json,7,Age,nonneg,attribute_early,attribute_early,149,11,13.545455,66.784904,8.002564,197.726149,45,20,3
attribute_early_prompts.json,10229,Race_x_gender,neg,attribute_early,attribute_early,173,10,17.3,63.234643,8.961905,84.798462,60,20,7
attribute_early_prompts.json,1751,SES,nonneg,attribute_early,attribute_early,164,12,13.666667,63.613553,8.712281,142.08,52,21,4
attribute_early_prompts.json,511,Religion,nonneg,attribute_early,attribute_early,147,11,13.363636,62.908095,8.733333,166.351607,40,22,10
attribute_early_prompts.json,1431,Age,nonneg,attribute_early,attribute_early,162,12,13.5,58.520751,9.312568,114.080228,38,20,10
attribute_early_prompts.json,2909,Nationality,neg,attribute_early,attribute_early,168,12,14.0,62.006469,9.245363,131.687243,41,20,13
attribute_early_prompts.json,549,Religion,neg,attribute_early,attribute_early,156,12,13.0,66.436128,7.677236,171.52,46,23,7
attribute_early_prompts.json,359,Age,nonneg,attribute_early,attribute_early,176,11,16.0,74.64308,8.682751,149.346017,48,22,14
attribute_early_prompts.json,1515,Physical_appearance,nonneg,attribute_early,attribute_early,179,12,14.916667,61.054423,9.986325,159.504597,44,27,8
attribute_early_prompts.json,843,Race_ethnicity,nonneg,attribute_early,attribute_early,154,11,14.0,71.217107,8.697521,118.366285,45,25,5
attribute_early_prompts.json,1923,Race_x_SES,nonneg,attribute_early,attribute_early,172,12,14.333333,59.362992,9.350339,126.513841,61,23,3
attribute_early_prompts.json,65,Sexual_orientation,neg,attribute_early,attribute_early,165,11,15.0,66.33609,8.948718,109.044995,44,23,15
attribute_early_prompts.json,21,Sexual_orientation,neg,attribute_early,attribute_early,165,11,15.0,61.72,10.460606,133.660058,48,24,14
attribute_early_prompts.json,9165,Race_x_SES,neg,attribute_early,attribute_early,175,10,17.5,61.519022,9.527536,150.0,61,19,4
attribute_early_prompts.json,1153,Disability_status,neg,attribute_early,attribute_early,155,12,12.916667,67.290842,9.354396,172.996878,44,20,9
attribute_early_prompts.json,1557,Age,neg,attribute_early,attribute_early,184,12,15.333333,64.141366,9.148927,145.939372,53,24,9
attribute_early_prompts.json,997,Religion,neg,attribute_early,attribute_early,160,12,13.333333,65.884868,8.082749,155.03876,46,20,11
attribute_early_prompts.json,5503,Race_x_SES,nonneg,attribute_early,attribute_early,172,11,15.636364,60.307949,8.598291,87.378124,59,27,5
attribute_early_prompts.json,565,Physical_appearance,neg,attribute_early,attribute_early,162,13,12.461538,67.384215,8.951163,205.116252,51,20,2
attribute_early_prompts.json,825,Religion,neg,attribute_early,attribute_early,156,11,14.181818,62.359094,8.992011,130.874479,41,24,3
attribute_early_prompts.json,7173,Race_x_gender,neg,attribute_early,attribute_early,167,10,16.7,67.57625,7.462963,156.64127,46,21,15
attribute_early_prompts.json,659,Sexual_orientation,nonneg,attribute_early,attribute_early,184,14,13.142857,69.153216,8.879917,131.573177,47,22,13
attribute_early_prompts.json,1007,Disability_status,nonneg,attribute_early,attribute_early,161,11,14.636364,49.941146,11.454167,155.029586,49,19,8
attribute_early_prompts.json,823,Physical_appearance,nonneg,attribute_early,attribute_early,143,11,13.0,62.966667,8.414815,150.413223,41,20,8
attribute_early_prompts.json,1167,Religion,nonneg,attribute_early,attribute_early,212,13,16.307692,63.554606,9.710912,118.245475,52,30,17
attribute_early_prompts.json,6071,SES,nonneg,attribute_early,attribute_early,168,12,14.0,69.868814,8.302834,134.979424,46,30,5
attribute_early_prompts.json,2369,Age,neg,attribute_early,attribute_early,225,15,15.0,74.932085,7.257606,134.119551,51,32,20
attribute_early_prompts.json,8435,Race_x_SES,nonneg,attribute_early,attribute_early,190,11,17.272727,64.641725,8.741943,117.048998,58,25,10
attribute_early_prompts.json,2805,Gender_identity,neg,attribute_early,attribute_early,132,11,12.0,56.248667,9.333333,117.262591,44,18,7
attribute_early_prompts.json,1113,Religion,neg,attribute_early,attribute_early,186,12,15.5,58.531412,8.725056,105.258541,55,27,8
attribute_early_prompts.json,1151,Nationality,nonneg,attribute_early,attribute_early,173,13,13.307692,67.694666,7.427063,125.252316,46,20,11
attribute_early_prompts.json,4187,Race_x_SES,nonneg,attribute_early,attribute_early,164,9,18.222222,60.251494,9.978644,122.070312,53,21,7
attribute_early_prompts.json,4521,SES,neg,attribute_early,attribute_early,176,11,16.0,69.90619,8.666667,133.902004,50,23,6
attribute_early_prompts.json,1735,Nationality,nonneg,attribute_early,attribute_early,218,15,14.533333,67.327955,8.263636,90.266381,52,27,21
attribute_early_prompts.json,225,Gender_identity,neg,attribute_early,attribute_early,168,11,15.272727,61.257022,9.648847,121.107266,53,23,6
attribute_early_prompts.json,37,Religion,neg,attribute_early,attribute_early,151,11,13.727273,67.381348,7.664146,200.805956,39,23,7
attribute_early_prompts.json,5333,SES,neg,attribute_early,attribute_early,178,13,13.692308,73.869848,8.011005,124.489796,52,29,2
attribute_early_prompts.json,3227,SES,nonneg,attribute_early,attribute_early,173,13,13.307692,62.97703,7.690161,124.749387,57,20,3
attribute_early_prompts.json,517,Nationality,neg,attribute_early,attribute_early,154,10,15.4,61.812273,10.69697,189.465198,44,21,8
attribute_early_prompts.json,495,Nationality,nonneg,attribute_early,attribute_early,150,10,15.0,59.744115,10.833846,190.664501,45,17,9
attribute_early_prompts.json,589,Sexual_orientation,neg,attribute_early,attribute_early,175,13,13.461538,70.224545,7.964152,118.343195,48,29,10
attribute_early_prompts.json,795,Disability_status,nonneg,attribute_early,attribute_early,171,11,15.545455,72.16402,8.356863,171.182525,45,26,3
attribute_early_prompts.json,441,Disability_status,neg,attribute_early,attribute_early,161,12,13.416667,65.748323,8.652846,189.44,48,20,2
attribute_early_prompts.json,105,Disability_status,neg,attribute_early,attribute_early,148,12,12.333333,67.633134,7.65942,127.109358,44,20,3
attribute_early_prompts.json,341,Age,neg,attribute_early,attribute_early,181,12,15.083333,72.97847,8.654258,132.223543,46,20,15
attribute_early_prompts.json,4567,SES,nonneg,attribute_early,attribute_early,174,11,15.818182,72.742665,8.374341,148.885871,49,23,6
attribute_early_prompts.json,1949,Nationality,neg,attribute_early,attribute_early,187,13,14.384615,62.583462,9.682051,113.400277,51,27,10
attribute_early_prompts.json,2947,SES,nonneg,attribute_early,attribute_early,168,13,12.923077,60.674231,8.923077,111.93397,55,19,4
attribute_early_prompts.json,1497,Age,neg,attribute_early,attribute_early,176,11,16.0,67.338147,8.944279,120.076601,41,24,7
attribute_early_prompts.json,655,Sexual_orientation,nonneg,attribute_early,attribute_early,189,13,14.538462,73.242172,8.367823,130.69719,47,24,13
attribute_early_prompts.json,1401,Gender_identity,neg,attribute_early,attribute_early,162,10,16.2,76.187405,7.067979,114.175831,47,26,10
attribute_early_prompts.json,651,Disability_status,nonneg,attribute_early,attribute_early,156,11,14.181818,65.455178,7.673224,112.64,48,20,6
attribute_early_prompts.json,1031,Disability_status,nonneg,attribute_early,attribute_early,159,11,14.454545,52.865779,11.248485,144.042969,49,19,7
attribute_early_prompts.json,3495,Race_ethnicity,nonneg,attribute_early,attribute_early,155,10,15.5,64.456615,8.992011,125.586622,51,21,4
attribute_early_prompts.json,481,Religion,neg,attribute_early,attribute_early,148,12,12.333333,62.483569,8.355072,189.933523,46,21,6
attribute_early_prompts.json,889,Physical_appearance,neg,attribute_early,attribute_early,177,11,16.090909,65.30875,9.806383,124.211453,51,22,11
attribute_early_prompts.json,331,Religion,nonneg,attribute_early,attribute_early,154,11,14.0,62.359094,8.330854,124.264657,43,21,11
attribute_early_prompts.json,83,Sexual_orientation,nonneg,attribute_early,attribute_early,167,10,16.7,66.464583,8.641667,104.453627,44,22,15
attribute_early_prompts.json,897,Religion,neg,attribute_early,attribute_early,166,11,15.090909,61.427866,9.252163,145.853355,51,21,9
attribute_early_prompts.json,14603,Race_x_gender,nonneg,attribute_early,attribute_early,149,12,12.416667,72.059632,6.668896,170.940171,46,22,3
attribute_early_prompts.json,49,Religion,neg,attribute_early,attribute_early,151,12,12.583333,67.507981,8.344444,131.944444,39,22,9
attribute_early_prompts.json,4673,Gender_identity,neg,attribute_early,attribute_early,165,9,18.333333,63.890337,8.570853,102.558126,45,23,7
attribute_early_prompts.json,329,Religion,neg,attribute_early,attribute_early,151,11,13.727273,62.784675,8.00113,120.833333,43,20,11
attribute_early_prompts.json,4605,SES,neg,attribute_early,attribute_early,170,12,14.166667,72.16402,9.239216,144.927536,47,23,5
attribute_early_prompts.json,5657,Race_x_SES,neg,attribute_early,attribute_early,170,13,13.076923,59.994714,8.756825,100.227259,69,20,6
attribute_early_prompts.json,2237,Nationality,neg,attribute_early,attribute_early,180,12,15.0,56.876624,10.902299,134.203341,51,29,9
attribute_early_prompts.json,1507,Nationality,nonneg,attribute_early,attribute_early,218,15,14.533333,71.515,7.911111,148.532786,53,29,18
attribute_early_prompts.json,551,Physical_appearance,nonneg,attribute_early,attribute_early,174,11,15.818182,67.649457,8.078261,135.714286,44,23,12
attribute_early_prompts.json,855,Religion,nonneg,attribute_early,attribute_early,157,11,14.272727,61.294522,8.984699,137.877211,50,21,7
attribute_early_prompts.json,3535,Gender_identity,nonneg,attribute_early,attribute_early,137,9,15.222222,60.458471,9.570196,101.701183,42,19,6
attribute_early_prompts.json,1541,Race_x_gender,neg,attribute_early,attribute_early,160,10,16.0,71.684585,7.372259,126.194339,54,22,3
attribute_early_prompts.json,151,Physical_appearance,nonneg,attribute_early,attribute_early,167,12,13.916667,70.051818,8.036364,150.367565,47,23,6
attribute_early_prompts.json,5939,SES,nonneg,attribute_early,attribute_early,168,12,14.0,67.324453,9.20509,134.979424,46,30,5
attribute_early_prompts.json,265,Disability_status,neg,attribute_early,attribute_early,150,12,12.5,59.916879,9.357062,111.111111,46,19,5
attribute_early_prompts.json,977,Nationality,neg,attribute_early,attribute_early,145,11,13.181818,68.640845,9.105405,140.966403,41,21,7
attribute_early_prompts.json,4635,Gender_identity,nonneg,attribute_early,attribute_early,144,10,14.4,63.986937,8.897297,93.977602,47,21,4
attribute_early_prompts.json,1417,Disability_status,neg,attribute_early,attribute_early,189,10,18.9,71.364903,8.212141,151.796256,48,31,5
attribute_early_prompts.json,4585,Race_x_gender,neg,attribute_early,attribute_early,151,9,16.777778,58.805308,10.094203,108.116006,51,18,6
attribute_early_prompts.json,6323,SES,nonneg,attribute_early,attribute_early,141,12,11.75,69.551196,8.770948,167.194221,43,17,4
attribute_early_prompts.json,157,Sexual_orientation,neg,attribute_early,attribute_early,175,11,15.909091,52.161282,10.672365,98.033992,42,26,12
attribute_early_prompts.json,723,Nationality,nonneg,attribute_early,attribute_early,178,10,17.8,66.732617,8.676995,102.734839,47,26,13
attribute_early_prompts.json,955,Age,nonneg,attribute_early,attribute_early,165,11,15.0,71.879637,8.770948,189.040915,41,20,11
attribute_early_prompts.json,1227,SES,nonneg,attribute_early,attribute_early,174,11,15.818182,69.232177,7.750249,93.771645,49,29,7
attribute_early_prompts.json,891,Disability_status,nonneg,attribute_early,attribute_early,158,12,13.166667,63.475189,8.34401,120.32,44,22,7
attribute_early_prompts.json,887,Race_x_SES,nonneg,attribute_early,attribute_early,164,10,16.4,65.76415,9.670381,141.093474,62,18,3
attribute_early_prompts.json,4151,SES,nonneg,attribute_early,attribute_early,180,13,13.846154,60.544231,10.307692,106.60668,51,27,7
attribute_early_prompts.json,597,Gender_identity,neg,attribute_early,attribute_early,184,12,15.333333,74.429399,8.725056,166.659357,56,28,6
attribute_early_prompts.json,2955,SES,nonneg,attribute_early,attribute_early,171,14,12.214286,58.721923,8.923077,110.803324,58,18,3
attribute_early_prompts.json,559,Sexual_orientation,nonneg,attribute_early,attribute_early,194,13,14.923077,66.52796,9.165336,124.21875,52,28,15
attribute_early_prompts.json,1125,Religion,neg,attribute_early,attribute_early,156,11,14.181818,56.212537,10.638123,124.716553,47,20,6
attribute_early_prompts.json,4311,Race_x_SES,nonneg,attribute_early,attribute_early,157,9,17.444444,62.997104,8.652846,140.8,54,20,7
attribute_early_prompts.json,453,Religion,neg,attribute_early,attribute_early,170,10,17.0,51.554565,10.735323,149.182162,53,23,9
attribute_early_prompts.json,189,Age,neg,attribute_early,attribute_early,164,11,14.909091,71.665779,7.756421,86.669922,43,24,2
attribute_early_prompts.json,1963,Nationality,nonneg,attribute_early,attribute_early,169,13,13.0,69.707949,8.301994,122.54249,45,30,7
attribute_early_prompts.json,459,Disability_status,nonneg,attribute_early,attribute_early,157,11,14.272727,57.725057,8.349425,131.138583,42,20,8
attribute_early_prompts.json,119,Sexual_orientation,nonneg,attribute_early,attribute_early,157,8,19.625,62.739113,9.025573,148.48,45,21,13
attribute_early_prompts.json,2423,Race_ethnicity,nonneg,attribute_early,attribute_early,154,10,15.4,62.404877,8.336415,116.112287,52,21,4
attribute_early_prompts.json,1485,Gender_identity,neg,attribute_early,attribute_early,131,8,16.375,61.11339,10.069841,113.714342,38,19,3
attribute_early_prompts.json,1221,Age,neg,attribute_early,attribute_early,169,13,13.0,72.248765,7.660472,177.92,43,19,10
attribute_early_prompts.json,2375,Age,nonneg,attribute_early,attribute_early,217,12,18.083333,71.740678,8.173552,112.962963,50,34,13
attribute_early_prompts.json,539,Physical_appearance,nonneg,attribute_early,attribute_early,194,11,17.636364,67.463697,9.309766,123.41284,47,29,13
attribute_early_prompts.json,4951,SES,nonneg,attribute_early,attribute_early,173,12,14.416667,53.835405,10.990024,115.936028,48,29,10
attribute_early_prompts.json,609,Religion,neg,attribute_early,attribute_early,186,10,18.6,57.0955,10.6,146.295014,51,20,18
attribute_early_prompts.json,1163,Gender_identity,nonneg,attribute_early,attribute_early,154,10,15.4,60.788508,9.465763,98.611111,42,24,6
attribute_early_prompts.json,477,Religion,neg,attribute_early,attribute_early,170,10,17.0,52.185908,10.436816,163.034791,49,22,13
attribute_early_prompts.json,1945,Race_x_gender,neg,attribute_early,attribute_early,154,13,11.846154,67.72124,8.366942,145.416088,52,19,2
attribute_early_prompts.json,2357,Race_ethnicity,neg,attribute_early,attribute_early,152,10,15.2,65.018161,7.65977,117.782246,52,21,3
attribute_early_prompts.json,695,Physical_appearance,nonneg,attribute_early,attribute_early,199,12,16.583333,70.447184,8.665893,136.568805,44,30,12
attribute_early_prompts.json,121,Sexual_orientation,neg,attribute_early,attribute_early,152,11,13.818182,55.615184,9.696045,118.055556,42,21,10
attribute_early_prompts.json,1533,Disability_status,neg,attribute_early,attribute_early,157,11,14.272727,61.578883,9.606667,168.640337,46,22,6
attribute_early_prompts.json,1079,Gender_identity,nonneg,attribute_early,attribute_early,143,10,14.3,55.941364,9.454545,94.068878,39,23,5
attribute_early_prompts.json,2439,Age,nonneg,attribute_early,attribute_early,222,13,17.076923,71.611995,8.384007,117.739403,51,34,16
attribute_early_prompts.json,2473,Race_ethnicity,neg,attribute_early,attribute_early,150,10,15.0,65.426178,8.355072,115.81103,52,20,3
attribute_early_prompts.json,2849,Nationality,neg,attribute_early,attribute_early,158,12,13.166667,61.294509,10.305455,128.960258,42,18,9
attribute_early_prompts.json,2749,Nationality,neg,attribute_early,attribute_early,166,13,12.769231,66.155015,9.526952,161.682401,46,22,13
attribute_early_prompts.json,1377,Disability_status,neg,attribute_early,attribute_early,172,13,13.230769,68.072421,7.41991,174.333123,46,26,7
attribute_early_prompts.json,91,Sexual_orientation,nonneg,attribute_early,attribute_early,166,11,15.090909,67.446618,8.305578,98.366216,45,22,15
attribute_early_prompts.json,351,Sexual_orientation,nonneg,attribute_early,attribute_early,178,13,13.692308,63.4125,9.418642,112.474938,46,25,9
attribute_early_prompts.json,5513,Race_x_gender,neg,attribute_early,attribute_early,140,11,12.727273,60.210752,8.052648,101.001599,50,19,5
attribute_early_prompts.json,1605,Age,neg,attribute_early,attribute_early,187,12,15.583333,59.413964,10.068468,154.666667,52,25,9
attribute_early_prompts.json,7257,Race_x_SES,neg,attribute_early,attribute_early,178,8,22.25,67.10875,7.820567,94.870165,53,31,7
attribute_early_prompts.json,695,Sexual_orientation,nonneg,attribute_early,attribute_early,162,12,13.5,62.137703,10.191473,127.032224,42,20,12
attribute_early_prompts.json,539,Age,nonneg,attribute_early,attribute_early,168,11,15.272727,74.001982,7.026829,202.785385,41,22,9
attribute_early_prompts.json,935,Religion,nonneg,attribute_early,attribute_early,164,12,13.666667,61.145772,9.652149,150.340889,49,21,9
attribute_early_prompts.json,1653,Race_x_SES,neg,attribute_early,attribute_early,173,12,14.416667,58.20282,9.571318,121.205058,61,21,3
attribute_early_prompts.json,535,Sexual_orientation,nonneg,attribute_early,attribute_early,179,12,14.916667,71.421374,8.593407,158.698671,44,25,11
attribute_early_prompts.json,2033,SES,neg,attribute_early,attribute_early,159,11,14.454545,68.308636,8.391342,145.263672,48,22,5
attribute_early_prompts.json,853,Race_ethnicity,neg,attribute_early,attribute_early,166,12,13.833333,60.479167,11.102564,126.63237,48,26,7
attribute_early_prompts.json,1239,Physical_appearance,nonneg,attribute_early,attribute_early,158,13,12.153846,75.711526,8.008933,165.028975,43,23,9
attribute_early_prompts.json,6833,Race_x_SES,neg,attribute_early,attribute_early,185,9,20.555556,55.412899,9.522066,103.20216,52,31,6
attribute_early_prompts.json,85,Physical_appearance,neg,attribute_early,attribute_early,160,13,12.307692,70.513785,7.686154,172.360345,45,20,10
attribute_early_prompts.json,3005,Race_x_gender,neg,attribute_early,attribute_early,167,11,15.181818,66.07546,8.347264,82.179931,52,28,1
attribute_early_prompts.json,6821,SES,neg,attribute_early,attribute_early,191,13,14.692308,64.548,8.552381,124.095989,51,28,13
attribute_early_prompts.json,10675,Race_x_SES,nonneg,attribute_early,attribute_early,191,12,15.916667,63.383133,8.619664,106.796531,66,23,7
attribute_early_prompts.json,1675,Nationality,nonneg,attribute_early,attribute_early,218,14,15.571429,66.213636,9.801299,115.477045,56,32,12
attribute_early_prompts.json,631,Religion,nonneg,attribute_early,attribute_early,181,12,15.083333,54.837888,11.442009,139.700511,51,22,14
attribute_early_prompts.json,1027,Disability_status,nonneg,attribute_early,attribute_early,160,11,14.545455,58.201578,9.272703,157.442461,48,20,7
attribute_early_prompts.json,1859,Nationality,nonneg,attribute_early,attribute_early,186,12,15.5,62.501518,9.150607,111.317254,51,25,10
attribute_early_prompts.json,803,Age,nonneg,attribute_early,attribute_early,176,11,16.0,69.046818,8.358706,160.697888,44,21,14
attribute_early_prompts.json,1011,Religion,nonneg,attribute_early,attribute_early,156,12,13.0,71.938567,8.002439,131.84,42,23,7
attribute_early_prompts.json,2965,Nationality,neg,attribute_early,attribute_early,162,12,13.5,60.200003,10.217585,108.166577,41,21,9
attribute_early_prompts.json,1351,Physical_appearance,nonneg,attribute_early,attribute_early,179,10,17.9,54.55227,11.702721,160.353137,51,19,11
attribute_early_prompts.json,985,Physical_appearance,neg,attribute_early,attribute_early,172,12,14.333333,62.833137,9.827451,158.58013,40,30,9
attribute_early_prompts.json,661,Age,neg,attribute_early,attribute_early,143,12,11.916667,61.001406,7.678816,161.983471,42,20,6
attribute_early_prompts.json,4441,SES,neg,attribute_early,attribute_early,159,12,13.25,66.717634,8.326882,156.210632,50,18,5
attribute_early_prompts.json,1325,Physical_appearance,neg,attribute_early,attribute_early,167,10,16.7,65.045081,9.350339,201.124567,53,22,3
attribute_early_prompts.json,553,Sexual_orientation,neg,attribute_early,attribute_early,193,13,14.846154,65.790936,8.907202,127.368379,52,27,15
attribute_early_prompts.json,2045,Nationality,neg,attribute_early,attribute_early,170,12,14.166667,56.922996,10.698054,126.287459,49,21,13
attribute_early_prompts.json,437,Physical_appearance,neg,attribute_early,attribute_early,191,12,15.916667,70.289206,8.124069,124.142967,45,30,13
attribute_early_prompts.json,577,Religion,neg,attribute_early,attribute_early,156,12,13.0,64.068292,8.656831,129.28,52,18,6
attribute_early_prompts.json,3029,Age,neg,attribute_early,attribute_early,189,13,14.538462,62.73629,9.93645,144.849116,54,24,10
attribute_early_prompts.json,6701,Race_x_SES,neg,attribute_early,attribute_early,189,11,17.181818,57.358281,9.536645,144.38891,44,29,18
attribute_early_prompts.json,2121,Age,neg,attribute_early,attribute_early,192,12,16.0,57.451154,10.697436,122.57651,48,27,11
attribute_early_prompts.json,57,Religion,neg,attribute_early,attribute_early,149,11,13.545455,63.954873,9.050725,120.654984,43,21,5
attribute_early_prompts.json,439,Disability_status,nonneg,attribute_early,attribute_early,158,11,14.363636,65.639683,8.966667,182.280365,49,18,3
attribute_early_prompts.json,175,Religion,nonneg,attribute_early,attribute_early,171,12,14.25,74.213507,7.486375,140.779463,46,23,12
attribute_early_prompts.json,249,Religion,neg,attribute_early,attribute_early,157,12,13.083333,66.436128,8.327642,163.84,41,21,10
attribute_early_prompts.json,749,Physical_appearance,neg,attribute_early,attribute_early,147,10,14.7,70.835971,6.919247,128.436056,46,18,4
attribute_early_prompts.json,205,Religion,neg,attribute_early,attribute_early,163,11,14.818182,71.542244,7.102564,218.089991,48,20,13
attribute_early_prompts.json,1139,Disability_status,nonneg,attribute_early,attribute_early,158,9,17.555556,70.758055,9.026528,148.48,42,21,9
attribute_early_prompts.json,491,Disability_status,nonneg,attribute_early,attribute_early,157,11,14.272727,54.492596,8.686325,128.997581,41,21,8
attribute_early_prompts.json,6477,Race_ethnicity,neg,attribute_early,attribute_early,165,11,15.0,57.547006,9.571318,99.061826,52,27,6
attribute_early_prompts.json,6587,Race_ethnicity,nonneg,attribute_early,attribute_early,183,11,16.636364,54.447341,9.7534,103.20216,63,26,8
attribute_early_prompts.json,589,Nationality,neg,attribute_early,attribute_early,166,11,15.090909,61.975769,9.230769,115.932048,48,21,10
attribute_early_prompts.json,1505,Physical_appearance,neg,attribute_early,attribute_early,177,12,14.75,58.416853,10.274126,165.517241,44,27,7
attribute_early_prompts.json,4725,SES,neg,attribute_early,attribute_early,175,11,15.909091,77.761905,7.52381,126.958937,50,22,7
attribute_early_prompts.json,531,Disability_status,nonneg,attribute_early,attribute_early,162,11,14.727273,59.533862,8.957743,105.325444,50,20,7
attribute_early_prompts.json,147,Disability_status,nonneg,attribute_early,attribute_early,150,12,12.5,61.546783,9.04087,132.758986,46,20,4
attribute_early_prompts.json,4895,Race_ethnicity,nonneg,attribute_early,attribute_early,171,11,15.545455,61.519022,8.657971,79.591837,58,26,6
attribute_early_prompts.json,6563,SES,nonneg,attribute_early,attribute_early,143,13,11.0,62.452187,9.081409,156.629337,49,16,4
attribute_early_prompts.json,14867,Race_x_gender,nonneg,attribute_early,attribute_early,150,11,13.636364,69.240626,6.662764,114.933837,49,21,3
attribute_early_prompts.json,1,Nationality,neg,attribute_early,attribute_early,156,12,13.0,71.002719,8.656831,154.786681,42,21,12
attribute_early_prompts.json,4641,SES,neg,attribute_early,attribute_early,175,12,14.583333,67.489048,9.52381,126.958937,50,22,7
attribute_early_prompts.json,985,Religion,neg,attribute_early,attribute_early,163,11,14.818182,68.531683,7.725445,152.637232,47,20,12
attribute_early_prompts.json,2739,Age,nonneg,attribute_early,attribute_early,182,12,15.166667,76.951505,7.036559,184.835119,48,22,10
attribute_early_prompts.json,641,Disability_status,neg,attribute_early,attribute_early,161,12,13.416667,60.902083,8.646667,106.201172,48,22,6
attribute_early_prompts.json,111,Race_x_SES,nonneg,attribute_early,attribute_early,155,11,14.090909,55.685,11.666667,163.934426,48,19,9
attribute_early_prompts.json,13557,Race_x_gender,neg,attribute_early,attribute_early,136,10,13.6,49.486249,10.735746,101.587302,49,16,5
attribute_early_prompts.json,3771,Race_x_gender,nonneg,attribute_early,attribute_early,157,11,14.272727,57.464879,9.983747,96.253902,51,23,4
attribute_early_prompts.json,5305,Gender_identity,neg,attribute_early,attribute_early,141,9,15.666667,66.052879,8.742088,122.31405,42,21,5
attribute_early_prompts.json,833,Sexual_orientation,neg,attribute_early,attribute_early,180,12,15.0,71.242066,8.709524,125.219585,47,22,11
attribute_early_prompts.json,1995,Nationality,nonneg,attribute_early,attribute_early,189,14,13.5,67.671299,8.555844,183.267587,52,27,9
attribute_early_prompts.json,359,Nationality,nonneg,attribute_early,attribute_early,154,10,15.4,62.517273,10.69697,182.746574,44,20,9
attribute_early_prompts.json,15699,Race_x_gender,nonneg,attribute_early,attribute_early,164,11,14.909091,62.321216,8.620394,109.550725,55,20,7
attribute_early_prompts.json,15943,Race_x_gender,nonneg,attribute_early,attribute_early,155,10,15.5,62.404877,8.672549,103.818045,50,21,5
attribute_early_prompts.json,15523,Race_x_gender,nonneg,attribute_early,attribute_early,156,10,15.6,61.294522,8.656831,98.855359,49,21,6
attribute_early_prompts.json,1835,Nationality,nonneg,attribute_early,attribute_early,184,11,16.727273,61.938124,9.798881,123.678786,51,24,9
attribute_early_prompts.json,1759,Nationality,nonneg,attribute_early,attribute_early,219,15,14.6,67.989613,8.266808,89.260635,53,26,22
attribute_early_prompts.json,29,Sexual_orientation,neg,attribute_early,attribute_early,166,11,15.090909,63.36527,10.168193,135.67754,47,26,13
attribute_early_prompts.json,5867,Race_x_SES,nonneg,attribute_early,attribute_early,192,14,13.714286,68.067308,9.150607,135.773318,59,28,10
attribute_early_prompts.json,2375,SES,nonneg,attribute_early,attribute_early,155,11,14.090909,68.803197,8.672549,148.896933,44,23,3
attribute_early_prompts.json,1921,Race_x_gender,neg,attribute_early,attribute_early,162,11,14.727273,68.606071,7.692063,144.042969,54,17,6
attribute_early_prompts.json,1067,Physical_appearance,nonneg,attribute_early,attribute_early,188,11,17.090909,61.791313,10.894064,136.836104,44,31,11
attribute_early_prompts.json,109,Race_x_SES,neg,attribute_early,attribute_early,153,12,12.75,54.898234,11.39096,150.0,48,19,7
attribute_early_prompts.json,3655,Race_ethnicity,nonneg,attribute_early,attribute_early,161,10,16.1,68.651656,8.000275,123.45679,57,21,4
attribute_early_prompts.json,3971,Race_ethnicity,nonneg,attribute_early,attribute_early,162,11,14.727273,67.524429,8.654094,103.359173,56,20,4
attribute_early_prompts.json,1149,Race_x_SES,neg,attribute_early,attribute_early,164,12,13.666667,51.64468,10.50155,117.708758,52,21,8
attribute_early_prompts.json,667,Sexual_orientation,nonneg,attribute_early,attribute_early,182,15,12.133333,68.364515,9.253741,132.426467,47,22,12
attribute_early_prompts.json,9211,Race_x_SES,nonneg,attribute_early,attribute_early,168,10,16.8,59.075509,9.949146,142.66118,59,19,3
attribute_early_prompts.json,14059,Race_x_gender,nonneg,attribute_early,attribute_early,161,10,16.1,71.730883,8.326667,131.440263,51,25,3
attribute_early_prompts.json,1321,Age,neg,attribute_early,attribute_early,182,13,14.0,61.263815,8.876818,159.111111,55,21,8
attribute_early_prompts.json,3367,Gender_identity,nonneg,attribute_early,attribute_early,152,10,15.2,67.61292,8.358706,119.444444,52,20,3
attribute_early_prompts.json,3589,SES,neg,attribute_early,attribute_early,170,11,15.454545,62.211078,10.121569,132.325142,47,25,8
attribute_early_prompts.json,15731,Race_x_gender,nonneg,attribute_early,attribute_early,156,11,14.181818,60.272104,10.017087,99.719964,50,19,6
attribute_early_prompts.json,2097,Gender_identity,neg,attribute_early,attribute_early,158,11,14.363636,69.875152,8.002439,163.84,49,22,4
attribute_early_prompts.json,157,Race_x_gender,neg,attribute_early,attribute_early,160,12,13.333333,57.863214,8.961905,141.601562,42,25,13
attribute_early_prompts.json,1823,Race_x_SES,nonneg,attribute_early,attribute_early,176,11,16.0,54.943589,10.245862,151.384083,59,25,2
attribute_early_prompts.json,1005,Disability_status,neg,attribute_early,attribute_early,164,11,14.909091,49.677238,11.431783,151.506322,49,19,8
attribute_early_prompts.json,1123,Disability_status,nonneg,attribute_early,attribute_early,192,12,16.0,59.670894,10.712488,129.848784,50,29,11
attribute_early_prompts.json,1989,Nationality,neg,attribute_early,attribute_early,171,13,13.153846,64.830435,9.23765,169.005583,51,24,7
attribute_early_prompts.json,935,Race_ethnicity,nonneg,attribute_early,attribute_early,166,13,12.769231,61.024714,10.436816,136.245675,50,22,9
attribute_early_prompts.json,545,Sexual_orientation,neg,attribute_early,attribute_early,193,13,14.846154,63.096668,9.671534,125.786164,52,28,15
attribute_early_prompts.json,1555,Physical_appearance,nonneg,attribute_early,attribute_early,172,12,14.333333,60.544231,9.164835,183.495338,45,22,8
attribute_early_prompts.json,5811,SES,nonneg,attribute_early,attribute_early,167,12,13.916667,68.596634,8.302834,132.784636,46,29,5
attribute_early_prompts.json,401,Gender_identity,neg,attribute_early,attribute_early,169,13,13.0,52.694378,11.009601,196.433471,59,23,5
attribute_early_prompts.json,417,Disability_status,neg,attribute_early,attribute_early,156,12,13.0,64.67086,8.972043,187.704712,49,18,3
attribute_early_prompts.json,527,Religion,nonneg,attribute_early,attribute_early,155,11,14.090909,67.123933,7.026829,167.68,51,19,6
attribute_early_prompts.json,14271,Race_x_gender,nonneg,attribute_early,attribute_early,157,12,13.083333,60.358368,10.28868,133.12,51,26,2
attribute_early_prompts.json,4493,SES,neg,attribute_early,attribute_early,161,9,17.888889,62.8483,9.8,125.24025,46,21,4
attribute_early_prompts.json,1843,Nationality,nonneg,attribute_early,attribute_early,181,13,13.923077,61.263815,9.148927,114.409261,52,23,7
attribute_early_prompts.json,711,Sexual_orientation,nonneg,attribute_early,attribute_early,159,12,13.25,58.534643,10.866667,128.173828,39,21,12
attribute_early_prompts.json,485,Religion,neg,attribute_early,attribute_early,143,12,11.916667,63.214349,8.360688,194.220377,45,19,6
attribute_early_prompts.json,127,Nationality,nonneg,attribute_early,attribute_early,192,11,17.454545,71.207258,8.894306,89.579224,53,28,9
attribute_early_prompts.json,1879,Age,nonneg,attribute_early,attribute_early,158,11,14.363636,61.25957,10.584946,144.872764,42,22,8
attribute_early_prompts.json,1533,Age,neg,attribute_early,attribute_early,171,11,15.545455,66.87857,8.733102,116.782007,44,25,10
attribute_early_prompts.json,2701,Age,neg,attribute_early,attribute_early,178,12,14.833333,75.394403,7.779545,205.839109,49,22,10
attribute_early_prompts.json,443,Physical_appearance,nonneg,attribute_early,attribute_early,192,12,16.0,66.359816,9.548918,124.095989,48,29,12
attribute_early_prompts.json,859,Sexual_orientation,nonneg,attribute_early,attribute_early,182,11,16.545455,65.847477,9.524201,125.219585,47,25,10
attribute_early_prompts.json,1157,Disability_status,neg,attribute_early,attribute_early,155,12,12.916667,76.342565,7.00854,186.396986,45,20,8
attribute_early_prompts.json,367,Physical_appearance,nonneg,attribute_early,attribute_early,188,11,17.090909,72.13629,7.583509,163.163371,47,29,10
attribute_early_prompts.json,687,Sexual_orientation,nonneg,attribute_early,attribute_early,163,12,13.583333,61.48189,10.191473,143.34829,42,23,11
attribute_early_prompts.json,2607,Race_x_gender,nonneg,attribute_early,attribute_early,180,12,15.0,67.213495,7.621088,125.219585,49,27,10
attribute_early_prompts.json,3861,Race_ethnicity,neg,attribute_early,attribute_early,156,11,14.181818,64.761735,8.984699,94.72,52,23,4
attribute_early_prompts.json,6355,Race_ethnicity,nonneg,attribute_early,attribute_early,174,10,17.4,59.029048,9.238095,94.227336,56,26,7
attribute_early_prompts.json,637,Sexual_orientation,neg,attribute_early,attribute_early,163,12,13.583333,51.095041,11.694911,130.024309,40,21,12
attribute_early_prompts.json,1039,Religion,nonneg,attribute_early,attribute_early,154,11,14.0,69.81876,7.705785,132.196444,43,22,7
attribute_early_prompts.json,531,Sexual_orientation,nonneg,attribute_early,attribute_early,173,12,14.416667,70.508397,8.654258,174.939185,45,22,11
attribute_early_prompts.json,1541,Gender_identity,neg,attribute_early,attribute_early,137,8,17.125,56.641045,10.020606,113.417916,43,18,3
attribute_early_prompts.json,1707,Age,nonneg,attribute_early,attribute_early,204,12,17.0,64.987929,9.460355,108.751411,52,30,15
attribute_early_prompts.json,8387,Race_x_gender,nonneg,attribute_early,attribute_early,147,11,13.363636,59.903026,9.063158,105.529132,52,16,8
attribute_early_prompts.json,4425,Race_x_SES,neg,attribute_early,attribute_early,157,12,13.083333,52.780483,10.886667,130.20026,53,20,8
attribute_early_prompts.json,4611,Gender_identity,nonneg,attribute_early,attribute_early,146,9,16.222222,62.524143,9.48,100.030779,46,23,4
attribute_early_prompts.json,651,Religion,nonneg,attribute_early,attribute_early,173,12,14.416667,55.700938,10.100959,171.017554,54,17,13
attribute_early_prompts.json,3365,Age,neg,attribute_early,attribute_early,172,10,17.2,60.516146,8.954167,120.713306,49,23,8
attribute_early_prompts.json,979,Religion,nonneg,attribute_early,attribute_early,156,11,14.181818,65.748323,8.978049,160.0,46,23,8
attribute_early_prompts.json,5231,Race_ethnicity,nonneg,attribute_early,attribute_early,199,9,22.111111,67.106276,7.798312,91.40625,59,29,7
attribute_early_prompts.json,3481,Race_ethnicity,neg,attribute_early,attribute_early,149,11,13.545455,69.394023,7.65977,132.145935,51,18,4
attribute_early_prompts.json,1227,Nationality,nonneg,attribute_early,attribute_early,170,13,13.076923,60.963551,8.603586,111.934156,41,22,13
attribute_early_prompts.json,197,Age,neg,attribute_early,attribute_early,191,12,15.916667,65.585769,9.928205,175.452652,47,30,8
attribute_early_prompts.json,4773,Race_ethnicity,neg,attribute_early,attribute_early,140,8,17.5,68.085183,7.629227,97.634879,46,19,3
attribute_early_prompts.json,975,Religion,nonneg,attribute_early,attribute_early,161,11,14.636364,67.786458,8.016667,160.946746,47,23,8
attribute_early_prompts.json,787,Disability_status,nonneg,attribute_early,attribute_early,166,11,15.090909,66.594278,8.641476,136.808186,49,26,3
attribute_early_prompts.json,4741,SES,neg,attribute_early,attribute_early,162,12,13.5,68.859846,8.327822,140.616549,52,20,4
attribute_early_prompts.json,701,Disability_status,neg,attribute_early,attribute_early,180,13,13.846154,69.657413,8.316084,130.418465,44,27,5
attribute_early_prompts.json,27,SES,nonneg,attribute_early,attribute_early,144,10,14.4,71.323182,7.636364,121.173469,43,17,8
attribute_early_prompts.json,5015,Gender_identity,nonneg,attribute_early,attribute_early,150,10,15.0,67.525257,8.403964,104.647584,45,22,4
attribute_early_prompts.json,6093,SES,neg,attribute_early,attribute_early,169,13,13.0,65.053289,9.496211,130.8391,46,31,5
attribute_early_prompts.json,1083,Disability_status,nonneg,attribute_early,attribute_early,190,13,14.615385,62.501518,9.940081,122.280317,49,31,10
attribute_early_prompts.json,451,Age,nonneg,attribute_early,attribute_early,183,10,18.3,72.406492,7.725445,140.838183,47,22,12
attribute_early_prompts.json,2831,Age,nonneg,attribute_early,attribute_early,179,12,14.916667,73.540215,7.35914,170.847751,50,22,9
attribute_early_prompts.json,1727,Race_x_SES,nonneg,attribute_early,attribute_early,180,12,15.0,53.875039,10.388729,116.694331,65,23,3
attribute_early_prompts.json,385,Religion,neg,attribute_early,attribute_early,151,11,13.727273,60.633828,8.340113,120.833333,45,19,10
attribute_early_prompts.json,5499,Gender_identity,nonneg,attribute_early,attribute_early,151,9,16.777778,63.396881,9.735423,107.727664,46,22,6
attribute_early_prompts.json,1185,Physical_appearance,neg,attribute_early,attribute_early,157,13,12.076923,72.738856,7.687054,176.64,45,21,9
attribute_early_prompts.json,915,Religion,nonneg,attribute_early,attribute_early,162,12,13.5,58.86772,9.902625,135.809146,55,21,4
attribute_early_prompts.json,6835,Race_x_gender,nonneg,attribute_early,attribute_early,146,11,13.272727,69.551196,7.303058,99.017937,45,20,5
attribute_early_prompts.json,821,Sexual_orientation,neg,attribute_early,attribute_early,191,15,12.733333,66.572597,8.036364,89.579224,40,29,12
attribute_early_prompts.json,4741,Gender_identity,neg,attribute_early,attribute_early,165,10,16.5,62.498958,8.641667,97.04142,46,25,5
attribute_early_prompts.json,331,Nationality,nonneg,attribute_early,attribute_early,151,11,13.727273,58.654476,10.408392,187.839842,44,19,7
attribute_early_prompts.json,6461,Race_ethnicity,neg,attribute_early,attribute_early,185,11,16.818182,58.894053,9.524201,88.568298,56,31,7
attribute_early_prompts.json,233,Disability_status,neg,attribute_early,attribute_early,148,10,14.8,62.483569,8.355072,124.187304,45,19,3
attribute_early_prompts.json,3433,Gender_identity,neg,attribute_early,attribute_early,151,9,16.777778,61.160378,10.053621,108.333333,50,23,3
attribute_early_prompts.json,14421,Race_x_gender,neg,attribute_early,attribute_early,159,11,14.454545,64.114723,8.70037,138.24,54,22,3
attribute_early_prompts.json,543,Gender_identity,nonneg,attribute_early,attribute_early,176,11,16.0,68.810629,9.116084,178.834721,59,27,3
attribute_early_prompts.json,4309,SES,neg,attribute_early,attribute_early,210,14,15.0,68.409639,8.357315,121.144218,53,29,9
attribute_early_prompts.json,773,Disability_status,neg,attribute_early,attribute_early,187,12,15.583333,69.522859,8.06736,128.064559,47,27,5
attribute_early_prompts.json,633,Disability_status,neg,attribute_early,attribute_early,162,11,14.727273,62.86457,8.012861,105.325444,49,19,9
attribute_early_prompts.json,839,Race_ethnicity,nonneg,attribute_early,attribute_early,163,12,13.583333,64.760959,10.50155,133.149679,45,26,9
attribute_early_prompts.json,581,Race_ethnicity,neg,attribute_early,attribute_early,165,13,12.692308,68.738221,8.305578,176.380802,45,23,9
attribute_early_prompts.json,603,Age,nonneg,attribute_early,attribute_early,169,10,16.9,73.769885,6.970115,202.636719,41,21,9
attribute_early_prompts.json,1567,Race_ethnicity,nonneg,attribute_early,attribute_early,197,10,19.7,58.771156,9.57673,118.822576,52,27,14
attribute_early_prompts.json,1911,Nationality,nonneg,attribute_early,attribute_early,188,12,15.666667,70.293623,8.361134,113.847192,50,27,10
attribute_early_prompts.json,1571,Age,nonneg,attribute_early,attribute_early,187,11,17.0,63.073694,9.530425,160.519275,54,24,7
attribute_early_prompts.json,6213,SES,neg,attribute_early,attribute_early,164,13,12.615385,65.229615,8.615385,135.445363,43,28,6
attribute_early_prompts.json,451,Sexual_orientation,nonneg,attribute_early,attribute_early,173,11,15.727273,66.185769,8.946229,114.900885,38,32,8
attribute_early_prompts.json,3497,Gender_identity,neg,attribute_early,attribute_early,132,10,13.2,63.945143,8.409796,102.0,41,16,6
attribute_early_prompts.json,3005,Age,neg,attribute_early,attribute_early,184,13,14.153846,62.990345,8.60471,144.137651,52,23,14
attribute_early_prompts.json,733,Sexual_orientation,neg,attribute_early,attribute_early,185,11,16.818182,61.839325,9.148927,102.698077,47,22,16
attribute_early_prompts.json,5979,SES,nonneg,attribute_early,attribute_early,172,12,14.333333,67.694666,8.594947,128.357745,49,31,5
attribute_early_prompts.json,639,Sexual_orientation,nonneg,attribute_early,attribute_early,175,13,13.461538,50.974837,11.693174,125.385802,42,25,14
attribute_early_prompts.json,295,Physical_appearance,nonneg,attribute_early,attribute_early,188,12,15.666667,49.753611,12.414233,144.888889,48,32,7
attribute_early_prompts.json,147,Sexual_orientation,nonneg,attribute_early,attribute_early,168,11,15.272727,47.893309,11.101014,93.23466,43,26,13
attribute_early_prompts.json,1839,Gender_identity,nonneg,attribute_early,attribute_early,130,10,13.0,48.950136,11.232727,129.399079,45,17,4
attribute_early_prompts.json,6429,Race_ethnicity,neg,attribute_early,attribute_early,185,11,16.818182,58.355,9.522222,92.220599,57,26,9
attribute_early_prompts.json,433,Religion,neg,attribute_early,attribute_early,180,11,16.363636,63.529669,8.976256,107.742878,48,27,9
attribute_early_prompts.json,675,Religion,nonneg,attribute_early,attribute_early,169,12,14.083333,57.236654,9.242786,157.871972,49,20,15
attribute_early_prompts.json,241,Sexual_orientation,neg,attribute_early,attribute_early,158,14,11.285714,68.754451,8.638828,162.353516,41,19,11
attribute_early_prompts.json,11097,Race_x_SES,neg,attribute_early,attribute_early,191,10,19.1,60.557207,10.068468,96.0,63,28,6
attribute_early_prompts.json,3099,Gender_identity,nonneg,attribute_early,attribute_early,161,10,16.1,66.2323,8.2,102.920206,49,22,3
attribute_early_prompts.json,4499,Race_x_SES,nonneg,attribute_early,attribute_early,163,8,20.375,60.306085,9.992962,108.339632,54,23,4
attribute_early_prompts.json,205,Sexual_orientation,neg,attribute_early,attribute_early,156,12,13.0,65.748323,9.303252,145.92,41,20,14
attribute_early_prompts.json,2253,Age,neg,attribute_early,attribute_early,191,11,17.363636,59.767608,10.328139,116.029048,48,32,10
attribute_early_prompts.json,3583,Gender_identity,nonneg,attribute_early,attribute_early,141,11,12.818182,61.374846,9.137564,104.595336,42,18,9
attribute_early_prompts.json,5269,SES,neg,attribute_early,attribute_early,180,10,18.0,61.2925,8.966667,132.29499,47,28,10
attribute_early_prompts.json,3893,Race_ethnicity,neg,attribute_early,attribute_early,165,11,15.0,65.314591,8.625962,92.307692,52,21,4
attribute_early_prompts.json,3189,Age,neg,attribute_early,attribute_early,193,12,16.083333,65.499947,9.064135,100.0,50,26,18
attribute_early_prompts.json,397,Sexual_orientation,neg,attribute_early,attribute_early,171,12,14.25,63.989556,9.470859,134.568604,46,24,13
attribute_early_prompts.json,1431,Disability_status,nonneg,attribute_early,attribute_early,155,12,12.916667,64.068292,8.328962,143.080125,46,20,9
attribute_early_prompts.json,1413,Nationality,neg,attribute_early,attribute_early,212,14,15.142857,66.347586,8.879475,116.219008,53,27,13
attribute_early_prompts.json,477,Gender_identity,neg,attribute_early,attribute_early,180,11,16.363636,71.641998,8.702283,186.267348,55,32,4
attribute_early_prompts.json,3143,Gender_identity,nonneg,attribute_early,attribute_early,167,10,16.7,71.428778,7.467045,108.87574,50,24,2
attribute_early_prompts.json,563,Disability_status,nonneg,attribute_early,attribute_early,165,12,13.75,60.170262,8.951163,114.784206,47,20,10
attribute_early_prompts.json,4499,SES,nonneg,attribute_early,attribute_early,169,10,16.9,69.232177,9.242786,149.221453,49,24,5
attribute_early_prompts.json,4923,Gender_identity,nonneg,attribute_early,attribute_early,138,9,15.333333,61.287882,9.178039,125.170068,42,20,5
attribute_early_prompts.json,725,Race_x_gender,neg,attribute_early,attribute_early,159,11,14.454545,67.67,8.0,98.091911,45,27,4
attribute_early_prompts.json,275,Physical_appearance,nonneg,attribute_early,attribute_early,186,11,16.909091,60.557207,8.987387,114.666667,50,27,9
attribute_early_prompts.json,2559,Race_ethnicity,nonneg,attribute_early,attribute_early,154,12,12.833333,64.231897,8.141872,102.777778,54,19,4
attribute_early_prompts.json,8333,Race_x_gender,neg,attribute_early,attribute_early,151,10,15.1,66.581974,8.712281,104.042806,52,17,7
attribute_early_prompts.json,403,Race_x_gender,nonneg,attribute_early,attribute_early,157,11,14.272727,67.67,7.333333,94.060736,49,21,5
attribute_early_prompts.json,3293,Gender_identity,neg,attribute_early,attribute_early,163,11,14.818182,67.399892,8.004301,119.677501,53,22,4
attribute_early_prompts.json,2001,Race_x_SES,neg,attribute_early,attribute_early,178,12,14.833333,58.677086,8.768984,122.873346,63,22,3
attribute_early_prompts.json,755,Disability_status,nonneg,attribute_early,attribute_early,184,12,15.333333,70.072467,8.323607,106.829803,45,29,5
attribute_early_prompts.json,6153,Race_ethnicity,neg,attribute_early,attribute_early,154,10,15.4,61.325,9.333333,108.841709,50,21,3
attribute_early_prompts.json,2505,Race_x_SES,neg,attribute_early,attribute_early,154,13,11.846154,48.843554,11.01157,149.381982,49,23,7
attribute_early_prompts.json,5479,Gender_identity,nonneg,attribute_early,attribute_early,145,8,18.125,60.31,9.854545,114.795918,44,20,6
attribute_early_prompts.json,1339,Disability_status,nonneg,attribute_early,attribute_early,174,13,13.384615,72.629945,7.736264,173.576671,46,26,7
attribute_early_prompts.json,483,Religion,nonneg,attribute_early,attribute_early,146,11,13.272727,62.543547,8.384685,176.977532,44,21,7
attribute_early_prompts.json,4805,Gender_identity,neg,attribute_early,attribute_early,163,9,18.111111,65.857779,8.88093,94.400093,46,26,5
attribute_early_prompts.json,2521,Gender_identity,neg,attribute_early,attribute_early,167,12,13.916667,72.190554,7.38294,116.579532,49,24,7
attribute_early_prompts.json,479,Religion,nonneg,attribute_early,attribute_early,166,11,15.090909,50.912692,10.461538,136.808186,48,21,13
attribute_early_prompts.json,7659,Race_x_gender,nonneg,attribute_early,attribute_early,150,10,15.0,68.092272,8.00028,124.308449,51,16,6
attribute_early_prompts.json,261,Physical_appearance,neg,attribute_early,attribute_early,187,11,17.0,64.209265,8.993512,118.415859,49,28,8
attribute_early_prompts.json,765,Nationality,neg,attribute_early,attribute_early,186,10,18.6,72.22145,7.880365,105.400658,45,30,13
attribute_early_prompts.json,561,Sexual_orientation,neg,attribute_early,attribute_early,192,13,14.769231,60.402401,9.926311,126.577271,52,25,16
attribute_early_prompts.json,415,Sexual_orientation,nonneg,attribute_early,attribute_early,168,13,12.923077,60.002543,9.496211,125.432526,45,23,14
attribute_early_prompts.json,1221,Physical_appearance,neg,attribute_early,attribute_early,159,13,12.230769,70.004974,7.698566,158.635733,44,21,9
attribute_early_prompts.json,2769,Nationality,neg,attribute_early,attribute_early,170,12,14.166667,71.366722,8.600689,152.465398,46,26,12
attribute_early_prompts.json,69,Race_ethnicity,neg,attribute_early,attribute_early,161,11,14.636364,71.524413,7.38294,163.451716,44,22,10
attribute_early_prompts.json,649,Race_ethnicity,neg,attribute_early,attribute_early,154,11,14.0,56.006558,9.344818,148.896933,41,19,14
attribute_early_prompts.json,1485,SES,neg,attribute_early,attribute_early,174,11,15.818182,67.488182,8.036364,82.304527,47,26,7
attribute_early_prompts.json,835,Sexual_orientation,nonneg,attribute_early,attribute_early,174,10,17.4,70.642532,8.805195,133.991882,47,21,11
attribute_early_prompts.json,1083,Race_ethnicity,nonneg,attribute_early,attribute_early,191,14,13.642857,68.082692,8.046886,173.049191,49,28,14
attribute_early_prompts.json,2757,Race_x_SES,neg,attribute_early,attribute_early,162,10,16.2,49.928811,11.579675,112.64,55,24,1
attribute_early_prompts.json,651,Sexual_orientation,nonneg,attribute_early,attribute_early,186,12,15.5,70.666577,8.619664,124.738348,47,22,13
attribute_early_prompts.json,11967,Race_x_gender,nonneg,attribute_early,attribute_early,145,12,12.083333,72.727738,7.304762,167.743921,43,18,7
attribute_early_prompts.json,3195,Race_x_SES,nonneg,attribute_early,attribute_early,162,10,16.2,60.200003,9.902625,115.377682,58,24,1
attribute_early_prompts.json,203,Nationality,nonneg,attribute_early,attribute_early,192,11,17.454545,76.700764,7.595604,96.555641,58,23,9
attribute_early_prompts.json,4585,Gender_identity,neg,attribute_early,attribute_early,146,12,12.166667,67.6365,8.710861,96.786389,48,22,4
attribute_early_prompts.json,1283,Gender_identity,nonneg,attribute_early,attribute_early,155,9,17.222222,71.682273,8.030303,114.216608,44,24,9
attribute_early_prompts.json,3291,Age,nonneg,attribute_early,attribute_early,190,13,14.615385,64.065699,9.154046,106.015779,50,28,17
attribute_early_prompts.json,501,Age,neg,attribute_early,attribute_early,184,11,16.727273,70.692727,7.733333,133.101852,48,22,12
attribute_early_prompts.json,4883,SES,nonneg,attribute_early,attribute_early,180,13,13.846154,61.904191,9.427056,116.618076,47,27,10
attribute_early_prompts.json,347,Physical_appearance,nonneg,attribute_early,attribute_early,201,14,14.357143,51.259741,12.59431,140.222527,49,33,12
attribute_early_prompts.json,4747,Race_x_SES,nonneg,attribute_early,attribute_early,166,9,18.444444,63.497528,9.654545,115.976331,61,20,4
attribute_early_prompts.json,5877,Race_x_SES,neg,attribute_early,attribute_early,179,12,14.916667,67.738674,9.151194,134.203341,57,26,11
attribute_early_prompts.json,191,Physical_appearance,nonneg,attribute_early,attribute_early,173,11,15.727273,69.273361,8.362287,155.271466,46,23,10
attribute_early_prompts.json,43,Religion,nonneg,attribute_early,attribute_early,150,11,13.636364,65.747471,7.65977,125.697338,44,19,7
attribute_early_prompts.json,537,Race_x_gender,neg,attribute_early,attribute_early,148,10,14.8,68.673804,6.952472,104.042806,48,23,1
attribute_early_prompts.json,2949,Race_x_gender,neg,attribute_early,attribute_early,169,10,16.9,58.802917,10.12963,84.181363,51,30,1
attribute_early_prompts.json,313,Religion,neg,attribute_early,attribute_early,181,13,13.923077,59.210417,9.798851,140.682123,51,22,13
attribute_early_prompts.json,171,Nationality,nonneg,attribute_early,attribute_early,184,12,15.333333,67.155225,9.151194,96.785975,50,23,12
attribute_early_prompts.json,5171,Race_x_SES,nonneg,attribute_early,attribute_early,170,10,17.0,61.066357,8.427759,98.366216,62,21,4
attribute_early_prompts.json,3705,Gender_identity,neg,attribute_early,attribute_early,168,12,14.0,68.531683,7.725445,126.63237,52,24,3
attribute_early_prompts.json,3007,Age,nonneg,attribute_early,attribute_early,189,12,15.75,62.183348,9.152137,144.849116,54,25,14
attribute_early_prompts.json,1255,Disability_status,nonneg,attribute_early,attribute_early,174,12,14.5,74.282923,7.750249,142.733564,44,28,12
attribute_early_prompts.json,1411,Physical_appearance,nonneg,attribute_early,attribute_early,195,10,19.5,64.477953,10.087164,157.326207,53,29,15
attribute_early_prompts.json,1045,Age,neg,attribute_early,attribute_early,175,11,15.909091,71.730883,7.686667,199.725652,48,23,6
attribute_early_prompts.json,5179,SES,nonneg,attribute_early,attribute_early,179,10,17.9,60.50875,9.806383,110.518852,45,30,10
attribute_early_prompts.json,727,Sexual_orientation,nonneg,attribute_early,attribute_early,185,12,15.416667,67.807994,8.6079,101.333333,46,25,15
attribute_early_prompts.json,3867,Race_x_SES,nonneg,attribute_early,attribute_early,165,9,18.333333,55.889583,9.891667,138.461538,56,23,7
attribute_early_prompts.json,85,Sexual_orientation,neg,attribute_early,attribute_early,162,10,16.2,66.436128,8.652846,124.000248,43,23,12
attribute_early_prompts.json,43,Gender_identity,nonneg,attribute_early,attribute_early,139,12,11.583333,59.795582,9.571069,183.470508,45,19,4
attribute_early_prompts.json,661,Sexual_orientation,neg,attribute_early,attribute_early,178,13,13.692308,66.107762,9.155245,130.321046,44,23,11
attribute_early_prompts.json,81,Gender_identity,neg,attribute_early,attribute_early,172,11,15.636364,63.715696,9.2382,160.447182,48,22,14
attribute_early_prompts.json,2461,Nationality,neg,attribute_early,attribute_early,189,12,15.75,61.70045,9.527928,122.666667,43,23,16
attribute_early_prompts.json,1125,Gender_identity,neg,attribute_early,attribute_early,144,11,13.090909,56.481286,10.551429,96.952909,41,24,4
attribute_early_prompts.json,1331,Physical_appearance,nonneg,attribute_early,attribute_early,170,11,15.454545,65.568251,8.946229,191.501475,54,21,3
attribute_early_prompts.json,1415,Disability_status,nonneg,attribute_early,attribute_early,177,11,16.090909,69.50875,8.671631,158.179012,48,28,8
attribute_early_prompts.json,781,Nationality,neg,attribute_early,attribute_early,188,10,18.8,72.8875,7.933333,99.961553,46,30,14
attribute_early_prompts.json,3875,SES,nonneg,attribute_early,attribute_early,181,13,13.923077,52.434026,11.775587,103.686088,51,25,8
attribute_early_prompts.json,1561,Age,neg,attribute_early,attribute_early,183,15,12.2,64.237984,9.151194,119.612856,52,25,11
attribute_early_prompts.json,93,Nationality,neg,attribute_early,attribute_early,163,12,13.583333,64.653654,8.938462,200.0,44,18,12
attribute_early_prompts.json,2407,Nationality,nonneg,attribute_early,attribute_early,154,11,14.0,71.448351,7.339118,136.162337,43,21,6
attribute_early_prompts.json,1073,SES,neg,attribute_early,attribute_early,153,13,11.769231,66.369421,7.662147,134.722222,46,18,6
attribute_early_prompts.json,1167,Race_ethnicity,nonneg,attribute_early,attribute_early,160,14,11.428571,72.111593,8.638828,179.443359,45,19,9
attribute_early_prompts.json,5717,Race_ethnicity,neg,attribute_early,attribute_early,198,11,18.0,63.741442,8.923077,67.825027,60,32,9
attribute_early_prompts.json,253,Physical_appearance,neg,attribute_early,attribute_early,181,10,18.1,62.763041,9.410658,112.915915,49,25,9
attribute_early_prompts.json,8273,Race_x_gender,neg,attribute_early,attribute_early,144,11,13.090909,64.401364,9.818182,108.418367,51,16,7
attribute_early_prompts.json,247,Religion,nonneg,attribute_early,attribute_early,171,12,14.25,58.826018,10.448371,141.563786,45,24,9
attribute_early_prompts.json,1121,Physical_appearance,neg,attribute_early,attribute_early,165,11,15.0,70.469087,8.946819,214.822771,46,26,8
attribute_early_prompts.json,4851,Gender_identity,nonneg,attribute_early,attribute_early,168,13,12.923077,69.384022,7.389548,96.104924,47,26,6
attribute_early_prompts.json,1415,Age,nonneg,attribute_early,attribute_early,162,11,14.727273,65.060518,8.652846,124.511719,40,21,8
attribute_early_prompts.json,2545,Gender_identity,neg,attribute_early,attribute_early,167,11,15.181818,65.736469,8.411839,120.039625,51,23,8
attribute_early_prompts.json,197,Nationality,neg,attribute_early,attribute_early,191,12,15.916667,68.751546,9.530425,82.874108,46,28,11
attribute_early_prompts.json,2295,Gender_identity,nonneg,attribute_early,attribute_early,167,11,15.181818,59.994335,9.947354,97.318339,48,23,6
attribute_early_prompts.json,3351,SES,nonneg,attribute_early,attribute_early,172,10,17.2,60.344902,9.827451,124.217173,50,23,8
attribute_early_prompts.json,2383,Race_x_SES,nonneg,attribute_early,attribute_early,162,12,13.5,55.579564,10.811628,166.656955,51,25,7
attribute_early_prompts.json,1389,Physical_appearance,neg,attribute_early,attribute_early,174,9,19.333333,59.994335,10.245862,131.274942,45,30,6
attribute_early_prompts.json,5677,SES,neg,attribute_early,attribute_early,158,12,13.166667,69.35083,8.992011,124.869927,46,25,2
attribute_early_prompts.json,1123,Physical_appearance,nonneg,attribute_early,attribute_early,158,10,15.8,66.294351,9.343723,198.974609,47,25,7
attribute_early_prompts.json,14921,Race_x_gender,neg,attribute_early,attribute_early,145,11,13.181818,55.836026,9.249003,119.008264,48,21,2
attribute_early_prompts.json,4193,Race_ethnicity,neg,attribute_early,attribute_early,170,13,13.076923,63.232353,8.885714,97.668557,51,29,4
attribute_early_prompts.json,3019,Race_x_gender,nonneg,attribute_early,attribute_early,169,11,15.363636,64.077255,8.945098,81.915564,52,27,3
attribute_early_prompts.json,4087,Race_ethnicity,nonneg,attribute_early,attribute_early,189,13,14.538462,63.984,8.819048,103.012465,54,31,7
attribute_early_prompts.json,4147,SES,nonneg,attribute_early,attribute_early,182,13,14.0,59.879423,10.54188,104.586052,53,27,7
attribute_early_prompts.json,1629,Race_x_SES,neg,attribute_early,attribute_early,187,12,15.583333,56.30875,9.522695,115.406268,66,24,3
attribute_early_prompts.json,1259,Physical_appearance,nonneg,attribute_early,attribute_early,179,12,14.916667,68.3425,9.522222,124.022398,58,25,4
attribute_early_prompts.json,8723,Race_x_SES,nonneg,attribute_early,attribute_early,191,11,17.363636,65.624193,8.354763,113.631509,55,28,10
attribute_early_prompts.json,299,Disability_status,nonneg,attribute_early,attribute_early,169,13,13.0,71.551573,8.000932,124.749387,43,24,10
attribute_early_prompts.json,1521,Physical_appearance,neg,attribute_early,attribute_early,175,12,14.583333,64.08188,8.312893,164.930556,46,26,7
attribute_early_prompts.json,2125,SES,neg,attribute_early,attribute_early,151,12,12.583333,67.958,8.109831,151.388889,45,20,4
attribute_early_prompts.json,9131,Race_x_SES,nonneg,attribute_early,attribute_early,174,10,17.4,60.344902,8.945098,154.379332,59,21,3
attribute_early_prompts.json,1289,Physical_appearance,neg,attribute_early,attribute_early,154,13,11.846154,58.164053,9.983747,154.669839,48,18,3
attribute_early_prompts.json,515,Sexual_orientation,nonneg,attribute_early,attribute_early,178,12,14.833333,71.821157,8.3057,147.879885,44,24,11
attribute_early_prompts.json,8137,Race_x_SES,neg,attribute_early,attribute_early,192,11,17.454545,67.304987,8.884564,84.582853,53,29,5
attribute_early_prompts.json,2869,Nationality,neg,attribute_early,attribute_early,157,12,13.083333,59.895054,10.262366,108.339632,43,18,13
attribute_early_prompts.json,657,Physical_appearance,neg,attribute_early,attribute_early,180,12,15.0,65.628348,10.350575,122.171318,44,25,8
attribute_early_prompts.json,689,Disability_status,neg,attribute_early,attribute_early,179,13,13.769231,69.004231,8.307692,95.848208,42,30,5
attribute_early_prompts.json,1443,Physical_appearance,nonneg,attribute_early,attribute_early,149,11,13.545455,66.061827,8.002564,173.716545,45,17,14
attribute_early_prompts.json,7275,Race_x_gender,nonneg,attribute_early,attribute_early,161,10,16.1,60.200003,8.642782,167.057268,45,19,14
attribute_early_prompts.json,835,Nationality,nonneg,attribute_early,attribute_early,149,13,11.461538,68.690146,8.741645,156.564206,41,23,6
attribute_early_prompts.json,317,Religion,neg,attribute_early,attribute_early,179,13,13.769231,59.010227,9.958586,153.875023,52,23,12
attribute_early_prompts.json,713,Sexual_orientation,neg,attribute_early,attribute_early,163,12,13.583333,57.87609,11.102564,144.628099,39,21,13
attribute_early_prompts.json,509,Nationality,neg,attribute_early,attribute_early,152,11,13.818182,57.582273,11.030303,189.465198,49,18,5
attribute_early_prompts.json,10821,Race_x_SES,neg,attribute_early,attribute_early,196,11,17.818182,61.077466,9.93645,107.388137,68,27,6
attribute_early_prompts.json,115,Physical_appearance,nonneg,attribute_early,attribute_early,152,12,12.666667,67.08637,7.662147,131.944444,41,24,9
attribute_early_prompts.json,1223,Age,nonneg,attribute_early,attribute_early,170,13,13.076923,71.500092,7.660472,178.886369,43,19,10
attribute_early_prompts.json,1207,Nationality,nonneg,attribute_early,attribute_early,173,13,13.307692,62.473891,7.41991,107.120353,41,21,14
attribute_early_prompts.json,199,Sexual_orientation,nonneg,attribute_early,attribute_early,157,12,13.083333,74.904731,7.68172,144.872764,41,22,13
attribute_early_prompts.json,615,Sexual_orientation,nonneg,attribute_early,attribute_early,177,12,14.75,56.941923,10.819658,124.788891,42,24,14
attribute_early_prompts.json,4445,Race_ethnicity,neg,attribute_early,attribute_early,157,11,14.272727,65.943064,7.690019,112.366977,52,19,4
attribute_early_prompts.json,269,Nationality,neg,attribute_early,attribute_early,195,13,15.0,67.282308,9.302564,89.72921,55,26,10
attribute_early_prompts.json,3481,Age,neg,attribute_early,attribute_early,175,11,15.909091,65.685321,8.641026,123.608077,49,22,11
attribute_early_prompts.json,3933,Race_x_gender,neg,attribute_early,attribute_early,158,10,15.8,60.642299,9.728736,83.327642,54,23,3
attribute_early_prompts.json,341,Race_ethnicity,neg,attribute_early,attribute_early,151,12,12.583333,69.08,8.0,159.903252,48,19,7
attribute_early_prompts.json,10475,Race_x_gender,nonneg,attribute_early,attribute_early,157,10,15.7,58.631983,9.689256,112.366977,53,22,2
attribute_early_prompts.json,733,Disability_status,neg,attribute_early,attribute_early,175,13,13.461538,69.547221,8.011005,108.163265,42,27,5
attribute_early_prompts.json,14655,Race_x_gender,nonneg,attribute_early,attribute_early,143,11,13.0,68.270175,6.293706,137.117347,50,20,1
attribute_early_prompts.json,875,Race_ethnicity,nonneg,attribute_early,attribute_early,159,11,14.454545,65.355309,9.025455,109.863281,45,26,7
attribute_early_prompts.json,4981,Race_x_SES,neg,attribute_early,attribute_early,158,10,15.8,50.75,11.333333,124.966407,53,20,5
attribute_early_prompts.json,1061,Religion,neg,attribute_early,attribute_early,183,13,14.076923,59.843988,10.519705,121.439007,52,27,12
attribute_early_prompts.json,211,Sexual_orientation,nonneg,attribute_early,attribute_early,157,12,13.083333,68.346883,8.646667,141.360283,42,20,14
attribute_early_prompts.json,6285,Race_x_gender,neg,attribute_early,attribute_early,146,11,13.272727,69.861742,6.575758,111.607143,47,17,6
attribute_early_prompts.json,5747,Race_x_SES,nonneg,attribute_early,attribute_early,176,11,16.0,59.985656,9.184615,87.166562,62,25,5
attribute_early_prompts.json,1811,Age,nonneg,attribute_early,attribute_early,214,12,17.833333,64.538327,9.94347,105.333716,51,33,17
attribute_early_prompts.json,605,Gender_identity,neg,attribute_early,attribute_early,140,10,14.0,66.163525,8.005489,161.179698,43,16,6
attribute_early_prompts.json,5295,Race_ethnicity,nonneg,attribute_early,attribute_early,213,12,17.75,67.490888,8.513609,86.204082,73,30,7
attribute_early_prompts.json,599,Sexual_orientation,nonneg,attribute_early,attribute_early,178,13,13.692308,66.952171,8.40303,118.906064,47,32,10
attribute_early_prompts.json,9451,Race_x_SES,nonneg,attribute_early,attribute_early,182,10,18.2,64.461451,7.591954,155.490768,64,21,4
attribute_early_prompts.json,1643,Race_ethnicity,nonneg,attribute_early,attribute_early,199,11,18.090909,61.191297,10.109978,110.320801,57,28,11
attribute_early_prompts.json,411,Age,nonneg,attribute_early,attribute_early,183,11,16.636364,73.038846,7.384615,134.89387,47,22,12
attribute_early_prompts.json,503,Disability_status,nonneg,attribute_early,attribute_early,162,11,14.727273,62.563214,8.644444,116.579532,48,22,7
attribute_early_prompts.json,1615,Race_x_SES,nonneg,attribute_early,attribute_early,184,11,16.727273,54.634512,10.529263,131.784115,63,23,3
attribute_early_prompts.json,3007,Nationality,nonneg,attribute_early,attribute_early,149,10,14.9,60.823706,9.724631,108.749382,42,17,10
attribute_early_prompts.json,2179,Nationality,nonneg,attribute_early,attribute_early,184,12,15.333333,56.854311,10.070068,145.038512,51,24,13
attribute_early_prompts.json,1195,Religion,nonneg,attribute_early,attribute_early,214,12,17.833333,63.612681,10.413187,117.409418,53,30,16
attribute_early_prompts.json,10245,Race_x_SES,neg,attribute_early,attribute_early,175,10,17.5,72.426833,8.59638,175.383323,57,22,3
attribute_early_prompts.json,2181,Race_ethnicity,neg,attribute_early,attribute_early,157,10,15.7,65.060518,8.978049,97.28,48,25,5
attribute_early_prompts.json,449,SES,neg,attribute_early,attribute_early,154,10,15.4,62.10092,10.073563,199.655271,45,19,7
attribute_early_prompts.json,519,Religion,nonneg,attribute_early,attribute_early,146,11,13.272727,61.019223,8.745045,173.899661,41,22,10
attribute_early_prompts.json,673,Age,neg,attribute_early,attribute_early,142,11,12.909091,65.316667,7.303704,191.542894,43,18,6
attribute_early_prompts.json,6729,Race_ethnicity,neg,attribute_early,attribute_early,177,10,17.7,52.434026,11.493897,127.314815,60,25,5
attribute_early_prompts.json,293,Disability_status,neg,attribute_early,attribute_early,164,10,16.4,70.891474,7.717949,109.044995,44,22,9
attribute_early_prompts.json,3027,Gender_identity,nonneg,attribute_early,attribute_early,140,10,14.0,50.819396,11.78717,85.733882,39,22,5
attribute_early_prompts.json,6691,SES,nonneg,attribute_early,attribute_early,149,12,12.416667,70.852644,8.004598,159.436943,47,20,3
attribute_early_prompts.json,3643,Race_x_gender,nonneg,attribute_early,attribute_early,166,10,16.6,58.863227,9.653168,97.960196,58,26,1
attribute_early_prompts.json,245,Sexual_orientation,neg,attribute_early,attribute_early,156,14,11.142857,66.548612,8.662664,156.16,41,20,11
attribute_early_prompts.json,3857,SES,neg,attribute_early,attribute_early,189,13,14.538462,56.943462,11.015385,101.670298,56,28,8
attribute_early_prompts.json,7803,Race_x_SES,nonneg,attribute_early,attribute_early,208,13,16.0,65.407083,8.516667,91.449474,55,31,7
attribute_early_prompts.json,13221,Race_x_gender,neg,attribute_early,attribute_early,148,10,14.8,55.684088,10.186486,106.507949,50,18,7
attribute_early_prompts.json,669,SES,neg,attribute_early,attribute_early,149,12,12.416667,63.999918,8.432675,131.568998,41,20,6
attribute_early_prompts.json,4187,Race_ethnicity,nonneg,attribute_early,attribute_early,187,12,15.583333,65.3825,7.725397,105.777778,64,30,4
attribute_early_prompts.json,2703,SES,nonneg,attribute_early,attribute_early,157,10,15.7,65.854962,8.330854,155.991804,47,21,4
attribute_early_prompts.json,1321,Nationality,neg,attribute_early,attribute_early,209,14,14.928571,71.742763,7.458814,125.630659,51,28,14
attribute_early_prompts.json,719,Sexual_orientation,nonneg,attribute_early,attribute_early,162,11,14.727273,56.891192,11.121705,145.679156,42,20,12
attribute_early_prompts.json,3609,Gender_identity,neg,attribute_early,attribute_early,139,8,17.375,61.677587,9.556893,105.21542,43,17,7
attribute_early_prompts.json,2999,SES,nonneg,attribute_early,attribute_early,171,13,13.153846,62.626538,7.692308,111.93397,57,19,3
attribute_early_prompts.json,757,Physical_appearance,neg,attribute_early,attribute_early,147,10,14.7,69.70631,6.590476,130.80948,46,18,5
attribute_early_prompts.json,2953,Gender_identity,neg,attribute_early,attribute_early,153,10,15.3,50.034271,11.160678,94.444444,44,18,12
attribute_early_prompts.json,467,Religion,nonneg,attribute_early,attribute_early,165,11,15.0,54.267936,9.881395,134.297521,51,22,10
attribute_early_prompts.json,393,Race_ethnicity,neg,attribute_early,attribute_early,152,14,10.857143,69.75837,7.459627,158.180919,47,18,8
attribute_early_prompts.json,281,Disability_status,neg,attribute_early,attribute_early,149,12,12.416667,65.426178,8.007246,119.804222,45,22,2
attribute_early_prompts.json,5421,Race_x_SES,neg,attribute_early,attribute_early,161,9,17.888889,56.894795,9.670381,103.300579,56,21,5
attribute_early_prompts.json,725,Physical_appearance,neg,attribute_early,attribute_early,141,10,14.1,68.085183,7.255395,122.885279,45,15,5
attribute_early_prompts.json,925,Disability_status,neg,attribute_early,attribute_early,148,12,12.333333,65.592196,8.024324,99.810964,41,18,6
attribute_early_prompts.json,2941,Gender_identity,neg,attribute_early,attribute_early,148,10,14.8,51.295579,10.875789,96.611177,43,18,10
attribute_early_prompts.json,1381,Disability_status,neg,attribute_early,attribute_early,190,13,14.615385,70.034926,8.498693,142.998028,49,32,7
attribute_early_prompts.json,5119,Race_ethnicity,nonneg,attribute_early,attribute_early,185,10,18.5,63.641479,8.4566,100.872769,61,24,6
attribute_early_prompts.json,565,Sexual_orientation,neg,attribute_early,attribute_early,191,13,14.692308,59.147692,10.328205,126.582278,53,25,15
attribute_early_prompts.json,603,Nationality,nonneg,attribute_early,attribute_early,186,11,16.909091,67.449861,8.879917,106.475069,47,27,15
attribute_early_prompts.json,179,Physical_appearance,nonneg,attribute_early,attribute_early,165,12,13.75,64.656873,9.252163,149.245294,45,21,9
attribute_early_prompts.json,1851,Age,nonneg,attribute_early,attribute_early,180,13,13.846154,64.86908,9.463545,139.853395,46,24,11
attribute_early_prompts.json,2239,Age,nonneg,attribute_early,attribute_early,174,11,15.818182,59.231798,10.525428,112.670389,45,27,9
attribute_early_prompts.json,597,Disability_status,neg,attribute_early,attribute_early,161,11,14.636364,56.520357,8.961905,114.175831,48,22,8
attribute_early_prompts.json,1137,Physical_appearance,neg,attribute_early,attribute_early,170,10,17.0,67.463153,8.717045,203.017833,46,28,3
attribute_early_prompts.json,7071,Race_x_SES,nonneg,attribute_early,attribute_early,180,10,18.0,63.004535,8.374341,95.568633,50,33,6
attribute_early_prompts.json,2455,Age,nonneg,attribute_early,attribute_early,220,14,15.714286,74.257214,7.742857,120.37037,52,36,13
attribute_early_prompts.json,1181,Age,neg,attribute_early,attribute_early,170,12,14.166667,72.311264,7.65977,169.677734,43,20,10
attribute_early_prompts.json,199,Religion,nonneg,attribute_early,attribute_early,174,12,14.5,74.13619,7.809524,137.86947,46,23,15
attribute_early_prompts.json,243,Disability_status,nonneg,attribute_early,attribute_early,152,12,12.666667,61.693953,8.672549,122.942422,46,24,2
attribute_early_prompts.json,55,Physical_appearance,nonneg,attribute_early,attribute_early,166,11,15.090909,76.000454,7.440852,115.226337,44,23,11
attribute_early_prompts.json,12715,Race_x_gender,nonneg,attribute_early,attribute_early,152,10,15.2,63.613553,7.308772,133.769322,51,19,3
attribute_early_prompts.json,6873,Race_ethnicity,neg,attribute_early,attribute_early,169,10,16.9,58.100305,9.947354,111.375433,58,24,5
attribute_early_prompts.json,667,SES,nonneg,attribute_early,attribute_early,165,11,15.0,65.639683,8.646667,130.177515,46,22,6
attribute_early_prompts.json,165,Race_x_SES,neg,attribute_early,attribute_early,149,12,12.416667,61.723365,10.395726,155.35626,49,16,8
attribute_early_prompts.json,5253,Race_x_SES,neg,attribute_early,attribute_early,169,10,16.9,61.427866,8.336132,98.366216,62,20,6
attribute_early_prompts.json,11,Religion,nonneg,attribute_early,attribute_early,155,12,12.916667,66.436128,8.002439,174.08,42,22,6
attribute_early_prompts.json,505,Physical_appearance,neg,attribute_early,attribute_early,181,11,16.454545,71.28,9.244444,130.418465,44,26,12
attribute_early_prompts.json,833,Race_x_SES,neg,attribute_early,attribute_early,158,9,17.555556,69.763767,8.019723,141.091105,60,16,3
attribute_early_prompts.json,10661,Race_x_gender,neg,attribute_early,attribute_early,151,10,15.1,66.369421,7.323164,123.611111,51,22,2
attribute_early_prompts.json,731,Physical_appearance,nonneg,attribute_early,attribute_early,141,10,14.1,70.969167,6.552201,113.168724,44,16,5
attribute_early_prompts.json,3403,Age,nonneg,attribute_early,attribute_early,166,11,15.090909,57.872396,9.579167,114.784206,49,20,8
attribute_early_prompts.json,2961,Nationality,neg,attribute_early,attribute_early,163,11,14.818182,57.866702,10.892459,113.047025,45,21,10
attribute_early_prompts.json,99,Religion,nonneg,attribute_early,attribute_early,176,12,14.666667,74.568564,7.511031,144.861928,45,25,13
attribute_early_prompts.json,1067,Gender_identity,nonneg,attribute_early,attribute_early,151,11,13.727273,53.619017,12.177627,91.666667,47,20,7
attribute_early_prompts.json,789,Religion,neg,attribute_early,attribute_early,194,12,16.166667,63.739529,9.414392,102.235385,48,33,14
attribute_early_prompts.json,43,Disability_status,nonneg,attribute_early,attribute_early,176,11,16.0,68.30875,8.104255,181.915986,52,22,7
attribute_early_prompts.json,73,Sexual_orientation,neg,attribute_early,attribute_early,162,11,14.727273,74.855121,7.38294,120.185085,44,23,12
attribute_early_prompts.json,12301,Race_x_gender,neg,attribute_early,attribute_early,140,11,12.727273,64.533333,8.414815,133.884298,50,17,2
attribute_early_prompts.json,1639,Age,nonneg,attribute_early,attribute_early,188,11,17.090909,58.2235,10.066667,132.444598,51,25,12
attribute_early_prompts.json,1865,Gender_identity,neg,attribute_early,attribute_early,131,10,13.1,52.941727,10.836364,132.641292,45,17,4
attribute_early_prompts.json,487,Religion,nonneg,attribute_early,attribute_early,147,11,13.363636,61.64712,8.710861,187.277051,46,19,7
attribute_early_prompts.json,2829,Nationality,neg,attribute_early,attribute_early,163,12,13.583333,70.007471,9.571318,163.160655,47,22,12
attribute_early_prompts.json,3539,Race_x_gender,nonneg,attribute_early,attribute_early,165,12,13.75,59.855208,9.891667,131.693957,45,24,11
attribute_early_prompts.json,9353,Race_x_SES,neg,attribute_early,attribute_early,186,10,18.6,64.349519,8.676995,153.639687,66,23,3
attribute_early_prompts.json,301,Sexual_orientation,neg,attribute_early,attribute_early,150,10,15.0,52.030438,11.051977,163.888889,41,20,13
attribute_early_prompts.json,1035,Age,nonneg,attribute_early,attribute_early,169,11,15.363636,69.416109,8.385455,159.421109,47,22,5
attribute_early_prompts.json,1841,SES,neg,attribute_early,attribute_early,176,12,14.666667,68.2625,8.078261,149.771871,54,24,6
attribute_early_prompts.json,1049,Religion,neg,attribute_early,attribute_early,183,13,14.076923,54.62892,11.341623,121.439007,52,27,12
attribute_early_prompts.json,2025,Race_ethnicity,neg,attribute_early,attribute_early,146,9,16.222222,62.516021,9.076401,124.007561,50,17,4
attribute_early_prompts.json,865,Physical_appearance,neg,attribute_early,attribute_early,143,10,14.3,64.118169,9.13792,170.440711,41,19,8
attribute_early_prompts.json,4597,SES,neg,attribute_early,attribute_early,174,12,14.5,70.10163,9.237681,136.734694,47,23,7
attribute_early_prompts.json,193,Physical_appearance,neg,attribute_early,attribute_early,168,12,14.0,69.639552,8.042356,145.953361,48,21,7
attribute_early_prompts.json,681,Sexual_orientation,neg,attribute_early,attribute_early,162,12,13.5,62.793517,9.881395,127.032224,43,20,12
attribute_early_prompts.json,11443,Race_x_gender,nonneg,attribute_early,attribute_early,173,11,15.727273,63.649563,8.733102,103.806228,56,20,5
attribute_early_prompts.json,7001,Race_x_gender,neg,attribute_early,attribute_early,149,10,14.9,52.86986,8.35711,165.242568,44,17,18
attribute_early_prompts.json,495,Race_ethnicity,nonneg,attribute_early,attribute_early,172,13,13.230769,55.82219,9.832296,148.114648,47,26,10
attribute_early_prompts.json,11031,Race_x_SES,nonneg,attribute_early,attribute_early,196,11,17.818182,65.284413,8.887449,101.197504,67,23,7
attribute_early_prompts.json,701,Age,neg,attribute_early,attribute_early,141,10,14.1,57.016024,8.750722,173.553719,44,17,6
attribute_early_prompts.json,1,SES,neg,attribute_early,attribute_early,145,10,14.5,74.984224,6.936086,131.482834,41,19,7
attribute_early_prompts.json,10145,Race_x_gender,neg,attribute_early,attribute_early,161,10,16.1,68.499543,8.327642,88.183422,53,22,4
attribute_early_prompts.json,3497,Age,neg,attribute_early,attribute_early,170,11,15.454545,59.490461,10.168193,113.03155,49,23,8
attribute_early_prompts.json,777,Race_x_gender,neg,attribute_early,attribute_early,147,10,14.7,67.056286,8.051429,93.875038,47,22,1
attribute_early_prompts.json,15071,Race_x_gender,nonneg,attribute_early,attribute_early,142,12,11.833333,71.036542,6.289626,123.36661,49,19,2
attribute_early_prompts.json,259,Nationality,nonneg,attribute_early,attribute_early,208,12,17.333333,68.846853,9.198135,91.411565,53,28,12
attribute_early_prompts.json,1185,Disability_status,neg,attribute_early,attribute_early,150,12,12.5,72.105014,7.323164,154.166667,42,18,12
attribute_early_prompts.json,6891,Race_x_gender,nonneg,attribute_early,attribute_early,145,10,14.5,74.99381,6.947619,155.432441,43,19,12
attribute_early_prompts.json,427,Religion,nonneg,attribute_early,attribute_early,182,11,16.545455,64.209265,9.261969,114.030086,48,26,10
attribute_early_prompts.json,449,Sexual_orientation,neg,attribute_early,attribute_early,172,12,14.333333,66.185769,8.946229,109.72517,40,30,7
attribute_early_prompts.json,5309,Race_x_SES,neg,attribute_early,attribute_early,171,9,19.0,57.553838,9.846867,111.934156,61,24,5
attribute_early_prompts.json,15359,Race_x_gender,nonneg,attribute_early,attribute_early,157,12,13.083333,64.372713,8.652846,147.2,41,20,13
attribute_early_prompts.json,15039,Race_x_gender,nonneg,attribute_early,attribute_early,144,12,12.0,64.830034,8.024324,117.472003,52,19,2
attribute_early_prompts.json,1217,Disability_status,neg,attribute_early,attribute_early,171,12,14.25,68.129091,9.248485,128.090889,44,26,13
attribute_early_prompts.json,257,Physical_appearance,neg,attribute_early,attribute_early,188,11,17.090909,65.344835,8.993512,118.415859,49,28,8
attribute_early_prompts.json,2087,Gender_identity,nonneg,attribute_early,attribute_early,176,11,16.0,67.187549,8.65098,145.977736,54,26,3
attribute_early_prompts.json,2613,Race_x_gender,neg,attribute_early,attribute_early,177,12,14.75,63.157969,8.676995,115.740741,48,30,7
attribute_early_prompts.json,1061,Physical_appearance,neg,attribute_early,attribute_early,184,13,14.153846,63.994129,10.361072,147.005113,46,29,8
attribute_early_prompts.json,671,Gender_identity,nonneg,attribute_early,attribute_early,144,11,13.090909,69.698602,7.678816,186.67316,43,20,6
attribute_early_prompts.json,1875,Gender_identity,nonneg,attribute_early,attribute_early,161,10,16.1,63.886442,9.027631,138.212848,52,22,7
attribute_early_prompts.json,943,Disability_status,nonneg,attribute_early,attribute_early,152,11,13.818182,66.994609,7.370728,105.193951,41,20,5
attribute_early_prompts.json,229,Sexual_orientation,neg,attribute_early,attribute_early,158,11,14.363636,62.997104,9.953659,147.2,40,22,13
attribute_early_prompts.json,10605,Race_x_SES,neg,attribute_early,attribute_early,198,10,19.8,66.6835,9.0,94.901145,68,28,6
attribute_early_prompts.json,10941,Race_x_SES,neg,attribute_early,attribute_early,186,11,16.909091,62.4675,8.688889,96.641021,63,26,6
attribute_early_prompts.json,5437,Race_ethnicity,neg,attribute_early,attribute_early,203,9,22.555556,65.031626,9.369106,75.482654,61,30,7
attribute_early_prompts.json,413,Physical_appearance,neg,attribute_early,attribute_early,182,10,18.2,71.242066,8.437415,123.417864,44,28,11
attribute_early_prompts.json,5969,Race_ethnicity,neg,attribute_early,attribute_early,161,11,14.636364,56.668736,10.226129,101.318359,51,24,7
attribute_early_prompts.json,1037,Disability_status,neg,attribute_early,attribute_early,161,11,14.636364,55.889583,9.579167,142.011834,49,19,8
attribute_early_prompts.json,257,Religion,neg,attribute_early,attribute_early,160,11,14.545455,68.193704,8.642782,155.03876,45,22,7
attribute_early_prompts.json,3561,Race_ethnicity,neg,attribute_early,attribute_early,153,11,13.909091,64.935523,8.679096,134.722222,53,17,5
attribute_early_prompts.json,763,Physical_appearance,nonneg,attribute_early,attribute_early,146,10,14.6,71.217024,6.947619,120.036934,46,17,5
attribute_early_prompts.json,4437,SES,neg,attribute_early,attribute_early,171,11,15.545455,72.786078,8.65098,131.274942,46,22,7
attribute_late_prompts.json,1309,Nationality,neg,attribute_late,attribute_late,171,14,12.214286,63.232353,8.591597,134.425541,38,22,16
attribute_late_prompts.json,457,Disability_status,neg,attribute_late,attribute_late,155,11,14.090909,60.642299,8.004598,105.555556,40,20,10
attribute_late_prompts.json,819,Race_x_SES,nonneg,attribute_late,attribute_late,171,11,15.545455,68.129091,7.127273,150.367565,64,18,4
attribute_late_prompts.json,4287,Gender_identity,nonneg,attribute_late,attribute_late,169,11,15.363636,61.257022,9.947354,136.245675,45,25,9
attribute_late_prompts.json,4535,Race_ethnicity,nonneg,attribute_late,attribute_late,156,11,14.181818,63.890065,8.367421,96.987911,52,21,4
attribute_late_prompts.json,1463,Disability_status,nonneg,attribute_late,attribute_late,159,13,12.230769,70.93572,7.686352,168.808264,46,21,6
attribute_late_prompts.json,3555,Race_ethnicity,nonneg,attribute_late,attribute_late,173,12,14.416667,71.399775,7.719034,153.20118,49,26,5
attribute_late_prompts.json,15933,Race_x_gender,neg,attribute_late,attribute_late,176,12,14.666667,61.803863,8.883835,122.44898,47,25,8
attribute_late_prompts.json,3467,Race_ethnicity,nonneg,attribute_late,attribute_late,167,13,12.846154,58.758125,10.532143,112.426036,50,21,5
attribute_late_prompts.json,1191,Physical_appearance,nonneg,attribute_late,attribute_late,163,13,12.538462,75.468736,7.686447,174.560547,45,24,10
attribute_late_prompts.json,3335,Race_ethnicity,nonneg,attribute_late,attribute_late,175,12,14.583333,59.666929,10.638742,123.18203,55,25,3
attribute_late_prompts.json,4647,Gender_identity,nonneg,attribute_late,attribute_late,154,10,15.4,64.439091,9.04087,74.853471,45,26,6
attribute_late_prompts.json,661,Physical_appearance,neg,attribute_late,attribute_late,181,11,16.454545,64.513386,10.789969,101.809431,45,25,7
attribute_late_prompts.json,4167,Race_ethnicity,nonneg,attribute_late,attribute_late,199,13,15.307692,69.637083,8.016667,137.93629,56,32,6
attribute_late_prompts.json,3491,SES,nonneg,attribute_late,attribute_late,181,11,16.454545,61.2925,9.244444,122.912366,49,26,9
attribute_late_prompts.json,469,Sexual_orientation,neg,attribute_late,attribute_late,169,13,13.0,63.159259,8.899196,107.050173,38,30,9
attribute_late_prompts.json,65,Age,neg,attribute_late,attribute_late,162,13,12.461538,66.740165,8.321368,135.498047,41,27,8
attribute_late_prompts.json,2607,Gender_identity,nonneg,attribute_late,attribute_late,162,11,14.727273,67.811738,8.652846,111.36,47,23,8
attribute_late_prompts.json,4309,Race_ethnicity,neg,attribute_late,attribute_late,172,13,13.230769,74.00806,6.813646,124.673664,50,24,5
attribute_late_prompts.json,35,Nationality,nonneg,attribute_late,attribute_late,164,13,12.615385,73.258831,7.694891,150.37594,42,21,14
attribute_late_prompts.json,337,Disability_status,neg,attribute_late,attribute_late,170,12,14.166667,73.154906,6.807519,137.174211,44,26,11
attribute_late_prompts.json,2941,Nationality,neg,attribute_late,attribute_late,165,13,12.692308,68.939167,8.333333,113.636364,39,22,13
attribute_late_prompts.json,4925,SES,neg,attribute_late,attribute_late,191,13,14.692308,61.679474,8.290226,129.026817,51,29,13
attribute_late_prompts.json,7,Age,nonneg,attribute_late,attribute_late,167,11,15.181818,65.565455,8.339394,210.514591,48,26,5
attribute_late_prompts.json,10229,Race_x_gender,neg,attribute_late,attribute_late,169,11,15.363636,67.567728,8.310316,96.903542,52,22,8
attribute_late_prompts.json,1751,SES,nonneg,attribute_late,attribute_late,179,13,13.769231,64.144002,8.603586,127.760173,56,24,5
attribute_late_prompts.json,511,Religion,nonneg,attribute_late,attribute_late,164,12,13.666667,59.354451,9.908669,179.075777,42,28,9
attribute_late_prompts.json,1431,Age,nonneg,attribute_late,attribute_late,181,13,13.923077,64.08188,8.876273,111.653218,41,27,9
attribute_late_prompts.json,2909,Nationality,neg,attribute_late,attribute_late,166,14,11.857143,64.948187,8.32301,114.195263,39,22,14
attribute_late_prompts.json,549,Religion,neg,attribute_late,attribute_late,170,14,12.142857,68.841349,7.406659,167.603806,48,27,7
attribute_late_prompts.json,359,Age,nonneg,attribute_late,attribute_late,172,12,14.333333,70.782257,8.886917,116.971171,46,25,13
attribute_late_prompts.json,1515,Physical_appearance,nonneg,attribute_late,attribute_late,187,13,14.384615,63.905789,9.342857,143.36313,46,32,8
attribute_late_prompts.json,843,Race_ethnicity,nonneg,attribute_late,attribute_late,169,13,13.0,72.413175,8.302834,149.221453,46,27,8
attribute_late_prompts.json,1923,Race_x_SES,nonneg,attribute_late,attribute_late,176,13,13.538462,59.393069,8.946229,130.428032,60,23,3
attribute_late_prompts.json,65,Sexual_orientation,neg,attribute_late,attribute_late,178,12,14.833333,72.42979,8.3057,107.584723,46,26,12
attribute_late_prompts.json,21,Sexual_orientation,neg,attribute_late,attribute_late,169,12,14.083333,63.159259,9.794719,128.676471,47,25,15
attribute_late_prompts.json,9165,Race_x_SES,neg,attribute_late,attribute_late,191,11,17.363636,65.713751,8.634565,162.721893,60,24,6
attribute_late_prompts.json,1153,Disability_status,neg,attribute_late,attribute_late,166,13,12.769231,71.76069,8.641476,146.984001,44,24,9
attribute_late_prompts.json,1557,Age,neg,attribute_late,attribute_late,189,13,14.538462,63.810153,8.553741,132.450331,49,28,13
attribute_late_prompts.json,997,Religion,neg,attribute_late,attribute_late,165,12,13.75,66.87857,8.427759,156.029171,46,21,12
attribute_late_prompts.json,5503,Race_x_SES,nonneg,attribute_late,attribute_late,177,11,16.090909,59.939945,8.593407,91.251736,63,27,5
attribute_late_prompts.json,565,Physical_appearance,neg,attribute_late,attribute_late,168,13,12.923077,66.706803,9.242786,206.531142,51,22,2
attribute_late_prompts.json,825,Religion,neg,attribute_late,attribute_late,169,12,14.083333,62.235732,8.603586,131.687243,45,28,4
attribute_late_prompts.json,7173,Race_x_gender,neg,attribute_late,attribute_late,163,10,16.3,69.589936,7.410256,146.923783,47,20,11
attribute_late_prompts.json,659,Sexual_orientation,nonneg,attribute_late,attribute_late,192,14,13.714286,68.839615,8.902564,121.775357,49,23,12
attribute_late_prompts.json,1007,Disability_status,nonneg,attribute_late,attribute_late,167,12,13.916667,50.401573,11.031235,150.367565,51,20,7
attribute_late_prompts.json,823,Physical_appearance,nonneg,attribute_late,attribute_late,145,11,13.181818,65.670463,8.037003,134.729324,40,21,7
attribute_late_prompts.json,1167,Religion,nonneg,attribute_late,attribute_late,214,14,15.285714,63.138357,9.8,97.673082,52,32,16
attribute_late_prompts.json,6071,SES,nonneg,attribute_late,attribute_late,179,13,13.769231,70.454913,8.001798,131.272295,47,32,6
attribute_late_prompts.json,2369,Age,neg,attribute_late,attribute_late,240,16,15.0,77.115915,7.104793,110.283697,52,36,16
attribute_late_prompts.json,8435,Race_x_SES,nonneg,attribute_late,attribute_late,202,12,16.833333,66.576417,8.680554,117.430088,57,27,13
attribute_late_prompts.json,2805,Gender_identity,neg,attribute_late,attribute_late,132,10,13.2,56.248667,9.333333,117.262591,44,18,7
attribute_late_prompts.json,1113,Religion,neg,attribute_late,attribute_late,191,16,11.9375,58.231903,8.265077,99.961553,57,30,7
attribute_late_prompts.json,1151,Nationality,nonneg,attribute_late,attribute_late,180,14,12.857143,68.32,7.447619,131.356727,42,24,16
attribute_late_prompts.json,4187,Race_x_SES,nonneg,attribute_late,attribute_late,165,10,16.5,60.548929,9.279365,166.863905,53,20,7
attribute_late_prompts.json,4521,SES,neg,attribute_late,attribute_late,173,12,14.416667,69.547221,8.302976,158.376896,50,23,5
attribute_late_prompts.json,1735,Nationality,nonneg,attribute_late,attribute_late,231,16,14.4375,70.998717,8.328947,135.633681,57,30,17
attribute_late_prompts.json,225,Gender_identity,neg,attribute_late,attribute_late,174,12,14.5,64.221802,8.94988,116.694331,50,25,9
attribute_late_prompts.json,37,Religion,neg,attribute_late,attribute_late,162,12,13.5,67.687735,7.68722,194.699838,41,25,6
attribute_late_prompts.json,5333,SES,neg,attribute_late,attribute_late,190,14,13.571429,72.811053,8.553383,165.66077,53,33,5
attribute_late_prompts.json,3227,SES,nonneg,attribute_late,attribute_late,178,15,11.866667,65.4475,7.412698,121.823146,57,24,4
attribute_late_prompts.json,517,Nationality,neg,attribute_late,attribute_late,161,13,12.384615,62.711593,9.908669,170.898438,44,25,7
attribute_late_prompts.json,495,Nationality,nonneg,attribute_late,attribute_late,156,11,14.181818,60.228549,10.448455,192.0,47,18,8
attribute_late_prompts.json,589,Sexual_orientation,neg,attribute_late,attribute_late,181,15,12.066667,68.322122,7.771883,137.905502,51,30,11
attribute_late_prompts.json,795,Disability_status,nonneg,attribute_late,attribute_late,177,12,14.75,67.191374,9.450549,135.885737,41,29,8
attribute_late_prompts.json,441,Disability_status,neg,attribute_late,attribute_late,152,12,12.666667,68.066184,8.361404,148.63258,43,22,3
attribute_late_prompts.json,105,Disability_status,neg,attribute_late,attribute_late,147,12,12.25,67.008057,7.660472,142.155009,45,20,2
attribute_late_prompts.json,341,Age,neg,attribute_late,attribute_late,183,13,14.076923,72.422725,8.594583,118.699781,46,23,15
attribute_late_prompts.json,4567,SES,nonneg,attribute_late,attribute_late,173,12,14.416667,72.838645,8.01427,160.204082,51,24,6
attribute_late_prompts.json,1949,Nationality,neg,attribute_late,attribute_late,192,13,14.769231,64.831141,9.156328,106.292345,49,27,12
attribute_late_prompts.json,2947,SES,nonneg,attribute_late,attribute_late,175,15,11.666667,62.643881,8.604691,118.280143,56,20,6
attribute_late_prompts.json,1497,Age,neg,attribute_late,attribute_late,177,11,16.090909,67.321254,8.59398,111.08907,41,27,7
attribute_late_prompts.json,655,Sexual_orientation,nonneg,attribute_late,attribute_late,188,12,15.666667,71.787106,8.354763,129.01021,48,24,11
attribute_late_prompts.json,1401,Gender_identity,neg,attribute_late,attribute_late,175,11,15.909091,76.394463,7.223261,127.760173,46,30,10
attribute_late_prompts.json,651,Disability_status,nonneg,attribute_late,attribute_late,170,12,14.166667,68.841349,7.406659,114.017795,47,25,8
attribute_late_prompts.json,1031,Disability_status,nonneg,attribute_late,attribute_late,167,11,15.181818,51.670315,10.881119,115.932048,51,20,8
attribute_late_prompts.json,3495,Race_ethnicity,nonneg,attribute_late,attribute_late,169,11,15.363636,69.081282,8.301994,153.44451,49,25,6
attribute_late_prompts.json,481,Religion,neg,attribute_late,attribute_late,159,13,12.230769,61.046173,9.313071,188.16,44,26,7
attribute_late_prompts.json,889,Physical_appearance,neg,attribute_late,attribute_late,183,11,16.636364,65.847477,9.798174,125.091308,50,24,12
attribute_late_prompts.json,331,Religion,nonneg,attribute_late,attribute_late,169,12,14.083333,63.790603,8.899196,118.944637,45,24,13
attribute_late_prompts.json,83,Sexual_orientation,nonneg,attribute_late,attribute_late,172,11,15.636364,69.472692,8.003674,101.869355,45,24,14
attribute_late_prompts.json,897,Religion,neg,attribute_late,attribute_late,176,13,13.538462,60.116429,9.428571,136.877604,52,26,8
attribute_late_prompts.json,14603,Race_x_gender,nonneg,attribute_late,attribute_late,165,13,12.692308,70.910407,6.786489,157.333489,47,27,4
attribute_late_prompts.json,49,Religion,neg,attribute_late,attribute_late,160,13,12.307692,69.571203,8.331514,141.360283,41,28,6
attribute_late_prompts.json,4673,Gender_identity,neg,attribute_late,attribute_late,172,10,17.2,64.275615,8.474866,109.220752,48,25,7
attribute_late_prompts.json,329,Religion,neg,attribute_late,attribute_late,167,13,12.846154,65.593989,8.017666,115.325909,45,22,14
attribute_late_prompts.json,4605,SES,neg,attribute_late,attribute_late,175,13,13.461538,73.426154,8.310093,162.355127,49,25,6
attribute_late_prompts.json,5657,Race_x_SES,neg,attribute_late,attribute_late,183,11,16.636364,60.226154,8.877469,105.588585,67,23,7
attribute_late_prompts.json,2237,Nationality,neg,attribute_late,attribute_late,186,13,14.307692,62.019462,9.682051,128.116343,48,31,11
attribute_late_prompts.json,1507,Nationality,nonneg,attribute_late,attribute_late,225,16,14.0625,76.333964,7.744144,111.527353,55,32,11
attribute_late_prompts.json,551,Physical_appearance,nonneg,attribute_late,attribute_late,195,12,16.25,71.179471,8.397648,109.964005,45,29,13
attribute_late_prompts.json,855,Religion,nonneg,attribute_late,attribute_late,169,12,14.083333,65.416183,8.302834,148.148148,49,22,10
attribute_late_prompts.json,3535,Gender_identity,nonneg,attribute_late,attribute_late,143,11,13.0,61.727731,8.734279,97.394692,43,20,8
attribute_late_prompts.json,1541,Race_x_gender,neg,attribute_late,attribute_late,177,11,16.090909,74.805823,7.467822,153.356481,50,27,5
attribute_late_prompts.json,151,Physical_appearance,nonneg,attribute_late,attribute_late,173,13,13.307692,70.782257,7.719034,137.674033,44,25,10
attribute_late_prompts.json,5939,SES,nonneg,attribute_late,attribute_late,181,13,13.923077,66.5575,9.114286,149.183712,48,34,6
attribute_late_prompts.json,265,Disability_status,neg,attribute_late,attribute_late,150,13,11.538462,59.967686,9.054498,113.888889,47,19,5
attribute_late_prompts.json,977,Nationality,neg,attribute_late,attribute_late,167,12,13.916667,74.11521,8.000932,192.69325,44,26,8
attribute_late_prompts.json,4635,Gender_identity,nonneg,attribute_late,attribute_late,158,13,12.153846,68.493182,8.057478,109.599395,47,24,6
attribute_late_prompts.json,1417,Disability_status,neg,attribute_late,attribute_late,176,11,16.0,70.999515,7.724415,118.706302,45,29,6
attribute_late_prompts.json,4585,Race_x_gender,neg,attribute_late,attribute_late,171,10,17.1,60.701849,9.299256,118.343195,51,21,10
attribute_late_prompts.json,6323,SES,nonneg,attribute_late,attribute_late,152,13,11.692308,68.571076,8.376532,175.0,43,19,7
attribute_late_prompts.json,157,Sexual_orientation,neg,attribute_late,attribute_late,185,13,14.230769,53.045,10.503175,82.567086,44,30,10
attribute_late_prompts.json,723,Nationality,nonneg,attribute_late,attribute_late,191,11,17.363636,71.207258,8.374825,111.160696,48,30,13
attribute_late_prompts.json,955,Age,nonneg,attribute_late,attribute_late,158,12,13.166667,66.823077,9.753846,167.889484,41,22,12
attribute_late_prompts.json,1227,SES,nonneg,attribute_late,attribute_late,174,11,15.818182,69.472692,7.406659,90.574884,49,29,7
attribute_late_prompts.json,891,Disability_status,nonneg,attribute_late,attribute_late,160,12,13.333333,65.860807,8.012258,104.560343,43,23,6
attribute_late_prompts.json,887,Race_x_SES,nonneg,attribute_late,attribute_late,166,11,15.090909,64.383782,8.641026,134.297521,64,20,5
attribute_late_prompts.json,4151,SES,nonneg,attribute_late,attribute_late,197,14,14.071429,58.044857,10.600364,103.125,54,31,9
attribute_late_prompts.json,597,Gender_identity,neg,attribute_late,attribute_late,195,13,15.0,74.171713,8.665893,172.061263,55,35,6
attribute_late_prompts.json,2955,SES,nonneg,attribute_late,attribute_late,173,14,12.357143,61.297028,8.910023,117.421125,56,20,5
attribute_late_prompts.json,559,Sexual_orientation,nonneg,attribute_late,attribute_late,205,14,14.642857,67.251429,8.847619,154.32526,54,34,14
attribute_late_prompts.json,1125,Religion,neg,attribute_late,attribute_late,179,14,12.785714,56.354423,10.264103,126.665416,52,25,8
attribute_late_prompts.json,4311,Race_x_SES,nonneg,attribute_late,attribute_late,168,10,16.8,64.501573,8.303963,129.204723,58,22,7
attribute_late_prompts.json,453,Religion,neg,attribute_late,attribute_late,190,12,15.833333,52.483097,10.729555,149.843913,53,29,12
attribute_late_prompts.json,189,Age,neg,attribute_late,attribute_late,172,14,12.285714,74.756119,7.394872,77.968367,41,25,4
attribute_late_prompts.json,1963,Nationality,nonneg,attribute_late,attribute_late,194,14,13.857143,69.550886,8.564919,146.09375,50,33,9
attribute_late_prompts.json,459,Disability_status,nonneg,attribute_late,attribute_late,163,12,13.583333,61.384107,8.008933,148.925781,43,22,10
attribute_late_prompts.json,119,Sexual_orientation,nonneg,attribute_late,attribute_late,157,10,15.7,64.485197,8.012258,171.52,43,22,13
attribute_late_prompts.json,2423,Race_ethnicity,nonneg,attribute_late,attribute_late,155,11,14.090909,61.048849,8.020598,149.381982,58,17,3
attribute_late_prompts.json,1485,Gender_identity,neg,attribute_late,attribute_late,150,9,16.666667,63.480761,10.165217,133.582304,40,23,4
attribute_late_prompts.json,1221,Age,neg,attribute_late,attribute_late,163,14,11.642857,69.716173,8.016141,163.769211,43,21,11
attribute_late_prompts.json,2375,Age,nonneg,attribute_late,attribute_late,226,15,15.066667,69.931802,8.392793,105.808001,53,36,13
attribute_late_prompts.json,539,Physical_appearance,nonneg,attribute_late,attribute_late,198,12,16.5,70.780143,8.680554,120.441116,47,31,12
attribute_late_prompts.json,4951,SES,nonneg,attribute_late,attribute_late,190,14,13.571429,60.566316,9.079699,127.340192,50,30,13
attribute_late_prompts.json,609,Religion,neg,attribute_late,attribute_late,187,11,17.0,58.605466,10.203239,142.519818,49,22,19
attribute_late_prompts.json,1163,Gender_identity,nonneg,attribute_late,attribute_late,146,11,13.272727,60.898447,9.064843,92.249527,40,24,5
attribute_late_prompts.json,477,Religion,neg,attribute_late,attribute_late,179,12,14.916667,53.626154,10.01222,126.350309,48,26,13
attribute_late_prompts.json,1945,Race_x_gender,neg,attribute_late,attribute_late,166,12,13.833333,68.170173,8.427759,200.124371,53,21,3
attribute_late_prompts.json,2357,Race_ethnicity,neg,attribute_late,attribute_late,150,10,15.0,63.55954,8.349425,132.145935,51,21,4
attribute_late_prompts.json,695,Physical_appearance,nonneg,attribute_late,attribute_late,197,10,19.7,69.619111,8.800212,124.995056,43,34,10
attribute_late_prompts.json,121,Sexual_orientation,neg,attribute_late,attribute_late,169,12,14.083333,61.937937,8.910023,167.901235,44,25,13
attribute_late_prompts.json,1533,Disability_status,neg,attribute_late,attribute_late,157,10,15.7,62.739113,9.350776,165.12,45,22,7
attribute_late_prompts.json,1079,Gender_identity,nonneg,attribute_late,attribute_late,156,9,17.333333,59.230689,9.470164,109.261186,39,26,8
attribute_late_prompts.json,2439,Age,nonneg,attribute_late,attribute_late,231,16,14.4375,72.484007,7.981319,122.803651,54,37,15
attribute_late_prompts.json,2473,Race_ethnicity,neg,attribute_late,attribute_late,158,11,14.363636,66.642238,8.020598,143.36,55,21,3
attribute_late_prompts.json,2849,Nationality,neg,attribute_late,attribute_late,165,13,12.692308,65.034551,9.25641,113.636364,42,22,12
attribute_late_prompts.json,2749,Nationality,neg,attribute_late,attribute_late,177,14,12.642857,67.477826,9.160248,160.957698,48,25,14
attribute_late_prompts.json,1377,Disability_status,neg,attribute_late,attribute_late,178,13,13.692308,69.443852,7.467822,189.04321,44,28,6
attribute_late_prompts.json,91,Sexual_orientation,nonneg,attribute_late,attribute_late,173,11,15.727273,70.999515,8.01427,106.122449,47,24,13
attribute_late_prompts.json,351,Sexual_orientation,nonneg,attribute_late,attribute_late,175,12,14.583333,64.075486,9.151285,129.772144,47,27,7
attribute_late_prompts.json,5513,Race_x_gender,neg,attribute_late,attribute_late,149,12,12.416667,64.314284,7.362334,112.036771,48,22,8
attribute_late_prompts.json,1605,Age,neg,attribute_late,attribute_late,196,12,16.333333,63.315302,9.165336,127.34375,51,29,10
attribute_late_prompts.json,7257,Race_x_SES,neg,attribute_late,attribute_late,197,10,19.7,66.907206,7.247246,89.906348,59,33,7
attribute_late_prompts.json,695,Sexual_orientation,nonneg,attribute_late,attribute_late,173,12,14.416667,64.256037,9.7534,118.367347,43,25,11
attribute_late_prompts.json,539,Age,nonneg,attribute_late,attribute_late,159,11,14.454545,74.003026,6.607018,177.371674,41,21,7
attribute_late_prompts.json,935,Religion,nonneg,attribute_late,attribute_late,174,14,12.428571,62.75452,8.594947,137.674033,51,26,7
attribute_late_prompts.json,1653,Race_x_SES,neg,attribute_late,attribute_late,184,13,14.153846,58.719908,9.721343,113.198573,59,25,5
attribute_late_prompts.json,535,Sexual_orientation,nonneg,attribute_late,attribute_late,185,13,14.230769,73.985616,8.007045,161.614317,43,27,12
attribute_late_prompts.json,2033,SES,neg,attribute_late,attribute_late,175,13,13.461538,66.826154,8.026405,151.596655,53,25,5
attribute_late_prompts.json,853,Race_ethnicity,neg,attribute_late,attribute_late,177,13,13.615385,65.026154,10.579596,152.199762,50,28,7
attribute_late_prompts.json,1239,Physical_appearance,nonneg,attribute_late,attribute_late,164,11,14.909091,75.098007,8.41958,171.028466,45,24,10
attribute_late_prompts.json,6833,Race_x_SES,neg,attribute_late,attribute_late,192,10,19.2,59.461279,9.414366,95.689692,51,37,6
attribute_late_prompts.json,85,Physical_appearance,neg,attribute_late,attribute_late,151,13,11.615385,67.137177,7.698566,122.222222,42,21,9
attribute_late_prompts.json,3005,Race_x_gender,neg,attribute_late,attribute_late,175,11,15.909091,65.982802,7.736264,94.227336,52,29,3
attribute_late_prompts.json,6821,SES,neg,attribute_late,attribute_late,200,13,15.384615,66.545236,8.316442,118.9768,51,32,11
attribute_late_prompts.json,10675,Race_x_SES,nonneg,attribute_late,attribute_late,188,11,17.090909,62.990345,8.60471,110.80582,60,23,9
attribute_late_prompts.json,1675,Nationality,nonneg,attribute_late,attribute_late,226,14,16.142857,66.802661,10.002354,115.042201,58,32,10
attribute_late_prompts.json,631,Religion,nonneg,attribute_late,attribute_late,192,15,12.8,61.564353,9.831634,144.016649,50,25,15
attribute_late_prompts.json,1027,Disability_status,nonneg,attribute_late,attribute_late,167,12,13.916667,60.656119,8.606993,128.090889,48,22,9
attribute_late_prompts.json,1859,Nationality,nonneg,attribute_late,attribute_late,200,12,16.666667,63.315824,8.941765,116.069789,54,27,9
attribute_late_prompts.json,803,Age,nonneg,attribute_late,attribute_late,176,12,14.666667,67.731281,8.64386,139.74432,45,25,14
attribute_late_prompts.json,1011,Religion,nonneg,attribute_late,attribute_late,160,13,12.307692,73.454451,7.368987,117.1875,39,25,9
attribute_late_prompts.json,2965,Nationality,neg,attribute_late,attribute_late,169,14,12.071429,65.521823,8.912782,109.739369,41,25,12
attribute_late_prompts.json,1351,Physical_appearance,nonneg,attribute_late,attribute_late,180,10,18.0,51.361176,12.5379,147.005113,50,19,14
attribute_late_prompts.json,985,Physical_appearance,neg,attribute_late,attribute_late,179,13,13.769231,61.103007,10.284724,122.492284,42,31,10
attribute_late_prompts.json,661,Age,neg,attribute_late,attribute_late,158,13,12.153846,59.990769,8.358974,159.957697,45,23,10
attribute_late_prompts.json,4441,SES,neg,attribute_late,attribute_late,176,12,14.666667,70.60389,7.73016,160.957698,51,23,6
attribute_late_prompts.json,1325,Physical_appearance,neg,attribute_late,attribute_late,176,12,14.666667,67.191374,8.593407,164.649871,51,27,5
attribute_late_prompts.json,553,Sexual_orientation,neg,attribute_late,attribute_late,206,14,14.714286,67.112353,8.621849,143.320714,54,35,14
attribute_late_prompts.json,2045,Nationality,neg,attribute_late,attribute_late,187,13,14.384615,58.605466,10.729555,153.482881,53,24,12
attribute_late_prompts.json,437,Physical_appearance,neg,attribute_late,attribute_late,189,12,15.75,71.030407,8.106385,104.058273,43,31,11
attribute_late_prompts.json,577,Religion,neg,attribute_late,attribute_late,157,12,13.083333,65.630769,8.025641,97.825368,48,20,7
attribute_late_prompts.json,3029,Age,neg,attribute_late,attribute_late,222,14,15.857143,67.360943,9.381577,159.532505,59,32,10
attribute_late_prompts.json,6701,Race_x_SES,neg,attribute_late,attribute_late,177,12,14.75,60.226154,8.310093,133.991882,43,29,15
attribute_late_prompts.json,2121,Age,neg,attribute_late,attribute_late,196,16,12.25,63.114518,9.536985,135.279459,49,25,12
attribute_late_prompts.json,57,Religion,neg,attribute_late,attribute_late,156,12,13.0,68.329288,8.34401,141.779396,43,25,4
attribute_late_prompts.json,439,Disability_status,nonneg,attribute_late,attribute_late,161,12,13.416667,68.619279,8.625962,153.846154,48,22,4
attribute_late_prompts.json,175,Religion,nonneg,attribute_late,attribute_late,184,13,14.153846,78.375462,7.282051,119.459834,46,28,14
attribute_late_prompts.json,249,Religion,neg,attribute_late,attribute_late,170,13,13.076923,68.454615,8.005698,156.64127,40,24,12
attribute_late_prompts.json,749,Physical_appearance,neg,attribute_late,attribute_late,152,11,13.818182,72.569519,6.976923,142.645293,46,20,4
attribute_late_prompts.json,205,Religion,neg,attribute_late,attribute_late,179,11,16.272727,67.755,8.411111,158.566335,50,27,11
attribute_late_prompts.json,1139,Disability_status,nonneg,attribute_late,attribute_late,167,11,15.181818,71.737308,8.615385,160.551755,44,24,9
attribute_late_prompts.json,491,Disability_status,nonneg,attribute_late,attribute_late,154,12,12.833333,58.817893,8.060201,112.986371,40,20,10
attribute_late_prompts.json,6477,Race_ethnicity,neg,attribute_late,attribute_late,183,12,15.25,56.946728,9.697787,115.04748,56,32,9
attribute_late_prompts.json,6587,Race_ethnicity,nonneg,attribute_late,attribute_late,198,12,16.5,58.600081,9.331797,99.21875,61,33,8
attribute_late_prompts.json,589,Nationality,neg,attribute_late,attribute_late,179,12,14.916667,67.0125,8.567579,117.365152,50,26,10
attribute_late_prompts.json,1505,Physical_appearance,neg,attribute_late,attribute_late,187,13,14.384615,62.236053,9.342857,140.833193,47,31,8
attribute_late_prompts.json,4725,SES,neg,attribute_late,attribute_late,176,13,13.538462,78.57662,6.874044,127.314815,50,22,9
attribute_late_prompts.json,531,Disability_status,nonneg,attribute_late,attribute_late,160,11,14.545455,62.932483,8.646667,102.539062,49,20,7
attribute_late_prompts.json,147,Disability_status,nonneg,attribute_late,attribute_late,151,12,12.583333,61.546783,9.04087,122.872678,46,20,4
attribute_late_prompts.json,4895,Race_ethnicity,nonneg,attribute_late,attribute_late,187,12,15.583333,58.865701,9.152137,102.39334,60,30,7
attribute_late_prompts.json,6563,SES,nonneg,attribute_late,attribute_late,153,14,10.928571,62.735,9.0,147.809729,47,20,7
attribute_late_prompts.json,14867,Race_x_gender,nonneg,attribute_late,attribute_late,157,12,13.083333,66.235902,6.764403,139.17794,48,24,4
attribute_late_prompts.json,1,Nationality,neg,attribute_late,attribute_late,172,13,13.230769,75.537127,8.008145,140.726738,42,26,12
attribute_late_prompts.json,4641,SES,neg,attribute_late,attribute_late,177,12,14.75,70.635401,8.594583,143.71142,51,24,7
attribute_late_prompts.json,985,Religion,neg,attribute_late,attribute_late,170,14,12.142857,67.586765,7.709244,142.827137,46,24,12
attribute_late_prompts.json,2739,Age,nonneg,attribute_late,attribute_late,180,13,13.846154,75.537127,6.831674,157.706804,50,26,9
attribute_late_prompts.json,641,Disability_status,neg,attribute_late,attribute_late,167,13,12.846154,64.863412,8.305578,131.43239,49,23,6
attribute_late_prompts.json,111,Race_x_SES,nonneg,attribute_late,attribute_late,158,12,13.166667,61.394861,9.983354,137.877211,49,20,7
attribute_late_prompts.json,13557,Race_x_gender,neg,attribute_late,attribute_late,152,11,13.818182,49.431058,11.079487,124.285008,50,18,9
attribute_late_prompts.json,3771,Race_x_gender,nonneg,attribute_late,attribute_late,175,12,14.583333,63.159259,9.496211,98.718757,52,27,5
attribute_late_prompts.json,5305,Gender_identity,neg,attribute_late,attribute_late,157,10,15.7,66.14862,8.984699,148.283039,44,24,7
attribute_late_prompts.json,833,Sexual_orientation,neg,attribute_late,attribute_late,202,12,16.833333,73.413295,8.651515,123.29932,50,28,10
attribute_late_prompts.json,1995,Nationality,nonneg,attribute_late,attribute_late,187,14,13.357143,67.460147,8.815873,142.351717,50,29,9
attribute_late_prompts.json,359,Nationality,nonneg,attribute_late,attribute_late,160,12,13.333333,63.234643,9.914286,203.857422,45,21,9
attribute_late_prompts.json,15699,Race_x_gender,nonneg,attribute_late,attribute_late,169,11,15.363636,62.871822,8.904338,126.200274,47,22,10
attribute_late_prompts.json,15943,Race_x_gender,nonneg,attribute_late,attribute_late,163,11,14.818182,65.314591,8.313462,123.076923,43,23,10
attribute_late_prompts.json,15523,Race_x_gender,nonneg,attribute_late,attribute_late,167,11,15.181818,64.863412,8.305578,137.938832,47,21,11
attribute_late_prompts.json,1835,Nationality,nonneg,attribute_late,attribute_late,187,11,17.0,64.08146,9.271744,123.883976,49,25,11
attribute_late_prompts.json,1759,Nationality,nonneg,attribute_late,attribute_late,237,15,15.8,71.039582,8.462729,115.056227,57,29,21
attribute_late_prompts.json,29,Sexual_orientation,neg,attribute_late,attribute_late,168,12,14.0,65.142483,9.516084,133.660058,45,27,14
attribute_late_prompts.json,5867,Race_x_SES,nonneg,attribute_late,attribute_late,190,16,11.875,72.605,8.0,122.922438,57,29,9
attribute_late_prompts.json,2375,SES,nonneg,attribute_late,attribute_late,164,12,13.666667,71.923966,8.000962,146.745562,44,26,5
attribute_late_prompts.json,1921,Race_x_gender,neg,attribute_late,attribute_late,171,13,13.153846,72.426833,7.41991,208.989708,53,21,5
attribute_late_prompts.json,1067,Physical_appearance,nonneg,attribute_late,attribute_late,181,13,13.923077,63.466853,10.302364,127.145582,44,29,9
attribute_late_prompts.json,109,Race_x_SES,neg,attribute_late,attribute_late,156,13,12.0,59.285769,10.025641,135.716205,49,20,6
attribute_late_prompts.json,3655,Race_ethnicity,nonneg,attribute_late,attribute_late,178,12,14.833333,71.821157,7.73016,171.157514,56,25,5
attribute_late_prompts.json,3971,Race_ethnicity,nonneg,attribute_late,attribute_late,173,13,13.307692,70.851343,8.007676,105.019954,52,24,7
attribute_late_prompts.json,1149,Race_x_SES,neg,attribute_late,attribute_late,180,13,13.846154,54.275594,10.274126,145.541023,56,25,8
attribute_late_prompts.json,667,Sexual_orientation,nonneg,attribute_late,attribute_late,188,15,12.533333,68.376103,9.283007,131.529657,48,24,11
attribute_late_prompts.json,9211,Race_x_SES,nonneg,attribute_late,attribute_late,188,11,17.090909,62.96093,9.536645,181.126917,59,25,5
attribute_late_prompts.json,14059,Race_x_gender,nonneg,attribute_late,attribute_late,163,11,14.818182,72.158426,8.000239,161.995222,50,27,2
attribute_late_prompts.json,1321,Age,neg,attribute_late,attribute_late,198,14,14.142857,63.57625,8.821429,142.271068,55,25,10
attribute_late_prompts.json,3367,Gender_identity,nonneg,attribute_late,attribute_late,160,10,16.0,68.980065,8.391342,137.939453,51,22,6
attribute_late_prompts.json,3589,SES,neg,attribute_late,attribute_late,180,14,12.857143,65.469577,9.127565,126.350309,49,27,11
attribute_late_prompts.json,15731,Race_x_gender,nonneg,attribute_late,attribute_late,161,12,13.416667,65.397308,8.956288,128.173828,47,23,7
attribute_late_prompts.json,2097,Gender_identity,neg,attribute_late,attribute_late,168,12,14.0,67.324453,8.302834,160.219479,51,24,6
attribute_late_prompts.json,157,Race_x_gender,neg,attribute_late,attribute_late,159,13,12.230769,67.924221,7.687054,128.0,43,26,6
attribute_late_prompts.json,1823,Race_x_SES,nonneg,attribute_late,attribute_late,184,14,13.142857,58.320282,9.409256,113.811728,59,26,4
attribute_late_prompts.json,1005,Disability_status,neg,attribute_late,attribute_late,167,12,13.916667,51.042483,11.031235,150.367565,51,20,7
attribute_late_prompts.json,1123,Disability_status,nonneg,attribute_late,attribute_late,188,12,15.666667,60.581808,10.209068,98.252809,48,31,10
attribute_late_prompts.json,1989,Nationality,neg,attribute_late,attribute_late,181,13,13.923077,67.213495,8.981633,148.641953,52,28,6
attribute_late_prompts.json,935,Race_ethnicity,nonneg,attribute_late,attribute_late,170,15,11.333333,65.321282,9.190883,122.54249,49,24,9
attribute_late_prompts.json,545,Sexual_orientation,neg,attribute_late,attribute_late,199,14,14.214286,63.49,9.319929,126.412849,53,31,15
attribute_late_prompts.json,1555,Physical_appearance,nonneg,attribute_late,attribute_late,183,13,14.076923,59.196258,9.357814,144.730494,48,25,10
attribute_late_prompts.json,5811,SES,nonneg,attribute_late,attribute_late,181,13,13.923077,70.297672,8.004926,124.947938,47,31,6
attribute_late_prompts.json,401,Gender_identity,neg,attribute_late,attribute_late,168,13,12.923077,60.01521,9.516084,139.229227,52,24,6
attribute_late_prompts.json,417,Disability_status,neg,attribute_late,attribute_late,162,13,12.461538,67.297404,8.625962,168.047337,49,21,4
attribute_late_prompts.json,527,Religion,nonneg,attribute_late,attribute_late,166,11,15.090909,67.885881,7.114758,165.07434,51,23,7
attribute_late_prompts.json,14271,Race_x_gender,nonneg,attribute_late,attribute_late,165,12,13.75,64.578846,9.538462,160.697888,51,29,2
attribute_late_prompts.json,4493,SES,neg,attribute_late,attribute_late,167,12,13.916667,68.738221,8.305578,187.687263,51,21,6
attribute_late_prompts.json,1843,Nationality,nonneg,attribute_late,attribute_late,196,13,15.076923,66.385192,8.673077,126.505106,52,27,8
attribute_late_prompts.json,711,Sexual_orientation,nonneg,attribute_late,attribute_late,165,13,12.692308,62.926007,9.832296,122.109786,41,22,12
attribute_late_prompts.json,485,Religion,neg,attribute_late,attribute_late,164,13,12.615385,62.793517,9.26124,222.597751,47,25,7
attribute_late_prompts.json,127,Nationality,nonneg,attribute_late,attribute_late,201,12,16.75,75.124248,8.583523,105.966033,53,29,9
attribute_late_prompts.json,1879,Age,nonneg,attribute_late,attribute_late,199,15,13.266667,67.727002,9.01383,145.282096,51,30,11
attribute_late_prompts.json,1533,Age,neg,attribute_late,attribute_late,184,12,15.333333,68.726996,8.12331,121.245777,44,27,10
attribute_late_prompts.json,2701,Age,neg,attribute_late,attribute_late,180,13,13.846154,73.408137,7.47451,165.641738,51,25,9
attribute_late_prompts.json,443,Physical_appearance,nonneg,attribute_late,attribute_late,189,12,15.75,64.9915,9.266667,118.063754,45,30,11
attribute_late_prompts.json,859,Sexual_orientation,nonneg,attribute_late,attribute_late,201,14,14.357143,72.797971,8.027648,132.820438,49,29,10
attribute_late_prompts.json,1157,Disability_status,neg,attribute_late,attribute_late,162,13,12.461538,78.346002,6.742338,169.46097,44,25,8
attribute_late_prompts.json,367,Physical_appearance,nonneg,attribute_late,attribute_late,184,11,16.727273,73.349529,7.516274,121.616143,44,32,8
attribute_late_prompts.json,687,Sexual_orientation,nonneg,attribute_late,attribute_late,165,12,13.75,63.632844,9.550626,102.558126,41,25,11
attribute_late_prompts.json,2607,Race_x_gender,nonneg,attribute_late,attribute_late,180,13,13.846154,70.655915,7.220159,104.586052,50,28,5
attribute_late_prompts.json,3861,Race_ethnicity,neg,attribute_late,attribute_late,162,12,13.5,70.097308,8.321368,103.359173,48,24,7
attribute_late_prompts.json,6355,Race_ethnicity,nonneg,attribute_late,attribute_late,190,11,17.272727,53.039676,10.992713,92.764378,57,31,8
attribute_late_prompts.json,637,Sexual_orientation,neg,attribute_late,attribute_late,186,14,13.285714,55.557105,10.921805,118.063754,43,30,12
attribute_late_prompts.json,1039,Religion,nonneg,attribute_late,attribute_late,166,11,15.090909,71.76069,7.420102,142.461417,43,26,9
attribute_late_prompts.json,531,Sexual_orientation,nonneg,attribute_late,attribute_late,178,13,13.692308,71.82695,8.031203,135.030864,44,25,12
attribute_late_prompts.json,1541,Gender_identity,neg,attribute_late,attribute_late,139,9,15.444444,59.21351,9.945243,112.139551,40,19,4
attribute_late_prompts.json,1707,Age,nonneg,attribute_late,attribute_late,220,13,16.923077,65.511762,9.600156,105.186267,53,32,19
attribute_late_prompts.json,8387,Race_x_gender,nonneg,attribute_late,attribute_late,161,12,13.416667,62.040165,8.956288,126.953125,53,18,11
attribute_late_prompts.json,4425,Race_x_SES,neg,attribute_late,attribute_late,173,13,13.307692,54.667949,10.376068,167.297139,58,22,7
attribute_late_prompts.json,4611,Gender_identity,nonneg,attribute_late,attribute_late,161,11,14.636364,63.609283,9.286667,120.280241,49,26,6
attribute_late_prompts.json,651,Religion,nonneg,attribute_late,attribute_late,179,15,11.933333,57.724507,9.972636,168.78858,55,17,14
attribute_late_prompts.json,3365,Age,neg,attribute_late,attribute_late,186,11,16.909091,64.08188,8.594583,120.525931,51,27,7
attribute_late_prompts.json,979,Religion,nonneg,attribute_late,attribute_late,171,13,13.153846,68.072421,8.302262,136.52594,44,28,10
attribute_late_prompts.json,5231,Race_ethnicity,nonneg,attribute_late,attribute_late,202,12,16.833333,68.506008,7.469372,113.865932,62,31,6
attribute_late_prompts.json,3481,Race_ethnicity,neg,attribute_late,attribute_late,163,12,13.583333,71.319099,7.710853,159.664355,51,22,4
attribute_late_prompts.json,1227,Nationality,nonneg,attribute_late,attribute_late,177,13,13.615385,63.642993,8.304125,115.306122,41,24,12
attribute_late_prompts.json,197,Age,neg,attribute_late,attribute_late,195,13,15.0,64.375195,9.854545,161.83304,46,32,9
attribute_late_prompts.json,4773,Race_ethnicity,neg,attribute_late,attribute_late,158,12,13.166667,71.363246,7.361851,119.04,49,24,4
attribute_late_prompts.json,975,Religion,nonneg,attribute_late,attribute_late,175,13,13.461538,68.547341,7.724415,128.571429,46,29,9
attribute_late_prompts.json,787,Disability_status,nonneg,attribute_late,attribute_late,159,12,13.25,66.548612,8.337461,96.0,44,26,5
attribute_late_prompts.json,4741,SES,neg,attribute_late,attribute_late,180,13,13.846154,73.207063,7.756643,168.370987,52,24,6
attribute_late_prompts.json,701,Disability_status,neg,attribute_late,attribute_late,185,14,13.214286,73.6075,7.725397,108.288213,42,30,6
attribute_late_prompts.json,27,SES,nonneg,attribute_late,attribute_late,165,11,15.0,76.56561,7.400775,156.168055,47,20,9
attribute_late_prompts.json,5015,Gender_identity,nonneg,attribute_late,attribute_late,170,10,17.0,68.395909,8.133333,152.537723,49,27,6
attribute_late_prompts.json,6093,SES,neg,attribute_late,attribute_late,177,13,13.615385,59.026154,10.579596,136.926011,47,33,6
attribute_late_prompts.json,1083,Disability_status,nonneg,attribute_late,attribute_late,191,14,13.642857,64.462368,9.342857,114.690504,46,33,11
attribute_late_prompts.json,451,Age,nonneg,attribute_late,attribute_late,177,11,16.090909,73.234231,7.450549,107.060185,46,24,13
attribute_late_prompts.json,2831,Age,nonneg,attribute_late,attribute_late,179,13,13.769231,74.550435,7.084204,158.376896,50,24,8
attribute_late_prompts.json,1727,Race_x_SES,nonneg,attribute_late,attribute_late,189,13,14.538462,58.403501,9.427056,118.469156,63,27,4
attribute_late_prompts.json,385,Religion,neg,attribute_late,attribute_late,170,11,15.454545,59.722843,8.945098,121.823146,49,21,14
attribute_late_prompts.json,5499,Gender_identity,nonneg,attribute_late,attribute_late,156,11,14.181818,66.554136,9.653168,130.874479,47,23,6
attribute_late_prompts.json,1185,Physical_appearance,neg,attribute_late,attribute_late,164,13,12.615385,73.470054,8.000239,189.96562,48,21,10
attribute_late_prompts.json,915,Religion,nonneg,attribute_late,attribute_late,176,13,13.538462,60.257128,10.032319,151.903828,53,26,5
attribute_late_prompts.json,6835,Race_x_gender,nonneg,attribute_late,attribute_late,150,12,12.5,71.607387,7.017507,122.091353,44,21,6
attribute_late_prompts.json,821,Sexual_orientation,neg,attribute_late,attribute_late,199,15,13.266667,68.19,8.085362,86.25818,40,31,11
attribute_late_prompts.json,4741,Gender_identity,neg,attribute_late,attribute_late,171,11,15.545455,63.790603,8.302181,116.782007,46,28,6
attribute_late_prompts.json,331,Nationality,nonneg,attribute_late,attribute_late,158,14,11.285714,62.066365,9.299256,196.523054,45,20,8
attribute_late_prompts.json,6461,Race_ethnicity,neg,attribute_late,attribute_late,200,12,16.666667,60.720731,9.432563,102.112029,58,38,8
attribute_late_prompts.json,233,Disability_status,neg,attribute_late,attribute_late,149,10,14.9,62.126353,8.051989,126.40046,47,19,3
attribute_late_prompts.json,3433,Gender_identity,neg,attribute_late,attribute_late,185,10,18.5,60.882883,10.070068,129.723886,59,28,5
attribute_late_prompts.json,14421,Race_x_gender,neg,attribute_late,attribute_late,159,12,13.25,65.639683,8.326667,167.400335,50,25,3
attribute_late_prompts.json,543,Gender_identity,nonneg,attribute_late,attribute_late,191,12,15.916667,71.078462,8.789744,157.026118,54,34,8
attribute_late_prompts.json,4309,SES,neg,attribute_late,attribute_late,195,14,13.928571,68.77,7.776623,112.78348,51,29,7
attribute_late_prompts.json,773,Disability_status,neg,attribute_late,attribute_late,178,13,13.692308,71.379083,7.424666,102.162269,41,28,6
attribute_late_prompts.json,633,Disability_status,neg,attribute_late,attribute_late,168,12,14.0,62.871822,8.002082,122.188581,49,21,9
attribute_late_prompts.json,839,Race_ethnicity,nonneg,attribute_late,attribute_late,182,13,14.0,70.072467,9.702918,151.344534,48,32,8
attribute_late_prompts.json,581,Race_ethnicity,neg,attribute_late,attribute_late,182,15,12.133333,71.794023,7.72895,169.831994,46,29,9
attribute_late_prompts.json,603,Age,nonneg,attribute_late,attribute_late,171,12,14.25,72.833392,7.091841,163.278547,43,25,8
attribute_late_prompts.json,1567,Race_ethnicity,nonneg,attribute_late,attribute_late,212,12,17.666667,64.716132,8.791285,137.795918,58,33,12
attribute_late_prompts.json,1911,Nationality,nonneg,attribute_late,attribute_late,189,13,14.538462,70.967403,8.036364,110.124918,48,27,11
attribute_late_prompts.json,1571,Age,nonneg,attribute_late,attribute_late,188,13,14.461538,65.441896,8.283988,164.905048,53,26,9
attribute_late_prompts.json,6213,SES,neg,attribute_late,attribute_late,177,14,12.642857,66.661127,8.282495,132.137346,46,30,7
attribute_late_prompts.json,451,Sexual_orientation,nonneg,attribute_late,attribute_late,176,11,16.0,67.795659,8.307692,110.097203,39,34,7
attribute_late_prompts.json,3497,Gender_identity,neg,attribute_late,attribute_late,136,11,12.363636,64.270715,8.017299,105.21542,43,17,7
attribute_late_prompts.json,3005,Age,neg,attribute_late,attribute_late,214,13,16.461538,64.35753,9.238147,145.009857,55,30,13
attribute_late_prompts.json,733,Sexual_orientation,neg,attribute_late,attribute_late,176,12,14.666667,63.4125,8.567579,115.409066,44,23,16
attribute_late_prompts.json,5979,SES,nonneg,attribute_late,attribute_late,182,13,14.0,67.380431,8.55665,127.724559,50,33,6
attribute_late_prompts.json,639,Sexual_orientation,nonneg,attribute_late,attribute_late,175,13,13.461538,54.826154,10.863284,123.23341,41,27,12
attribute_late_prompts.json,295,Physical_appearance,nonneg,attribute_late,attribute_late,193,13,14.846154,52.530735,11.953128,139.710717,49,32,11
attribute_late_prompts.json,147,Sexual_orientation,nonneg,attribute_late,attribute_late,187,12,15.583333,50.479423,11.097436,88.19666,44,30,11
attribute_late_prompts.json,1839,Gender_identity,nonneg,attribute_late,attribute_late,153,11,13.909091,50.532273,11.363636,173.3405,50,21,6
attribute_late_prompts.json,6429,Race_ethnicity,neg,attribute_late,attribute_late,176,12,14.666667,55.767647,9.47395,102.040816,55,27,10
attribute_late_prompts.json,433,Religion,neg,attribute_late,attribute_late,183,11,16.636364,68.951237,8.6079,96.888889,44,29,11
attribute_late_prompts.json,675,Religion,nonneg,attribute_late,attribute_late,177,14,12.642857,59.939945,9.164835,146.796271,54,21,12
attribute_late_prompts.json,241,Sexual_orientation,neg,attribute_late,attribute_late,167,13,12.846154,68.596634,8.603586,152.537723,46,21,9
attribute_late_prompts.json,11097,Race_x_SES,neg,attribute_late,attribute_late,197,11,17.909091,61.789615,9.928205,101.746515,64,29,6
attribute_late_prompts.json,3099,Gender_identity,nonneg,attribute_late,attribute_late,178,11,16.181818,68.619597,7.980538,122.492284,51,26,5
attribute_late_prompts.json,4499,Race_x_SES,nonneg,attribute_late,attribute_late,175,11,15.909091,59.363597,10.066968,131.274942,56,27,5
attribute_late_prompts.json,205,Sexual_orientation,neg,attribute_late,attribute_late,154,12,12.833333,66.335769,8.692308,141.091105,39,20,14
attribute_late_prompts.json,2253,Age,neg,attribute_late,attribute_late,190,12,15.833333,60.327462,9.682051,98.252809,49,33,8
attribute_late_prompts.json,3583,Gender_identity,nonneg,attribute_late,attribute_late,149,11,13.545455,62.395792,9.418825,124.851367,43,18,9
attribute_late_prompts.json,5269,SES,neg,attribute_late,attribute_late,186,13,14.307692,60.059054,8.823166,111.111111,47,32,13
attribute_late_prompts.json,3893,Race_ethnicity,neg,attribute_late,attribute_late,162,12,13.5,66.068736,8.321368,93.994141,51,23,3
attribute_late_prompts.json,3189,Age,neg,attribute_late,attribute_late,206,13,15.846154,63.178394,9.230769,100.730124,54,29,19
attribute_late_prompts.json,397,Sexual_orientation,neg,attribute_late,attribute_late,167,12,13.916667,64.144002,8.904338,124.005487,47,24,14
attribute_late_prompts.json,1431,Disability_status,nonneg,attribute_late,attribute_late,158,13,12.153846,64.113139,8.331514,123.45679,44,22,11
attribute_late_prompts.json,1413,Nationality,neg,attribute_late,attribute_late,224,16,14.0,71.162594,8.384928,122.557521,56,29,13
attribute_late_prompts.json,477,Gender_identity,neg,attribute_late,attribute_late,199,12,16.583333,71.464316,8.935233,162.105889,57,37,5
attribute_late_prompts.json,3143,Gender_identity,nonneg,attribute_late,attribute_late,179,12,14.916667,74.64308,7.284149,128.418549,50,28,3
attribute_late_prompts.json,563,Disability_status,nonneg,attribute_late,attribute_late,157,12,13.083333,62.997104,8.652846,103.300579,46,20,9
attribute_late_prompts.json,4499,SES,nonneg,attribute_late,attribute_late,176,11,16.0,70.386472,8.304125,160.204082,49,27,5
attribute_late_prompts.json,4923,Gender_identity,nonneg,attribute_late,attribute_late,169,10,16.9,67.048097,8.101762,157.159817,47,30,7
attribute_late_prompts.json,725,Race_x_gender,neg,attribute_late,attribute_late,161,12,13.416667,68.206687,7.363772,128.495843,45,27,5
attribute_late_prompts.json,275,Physical_appearance,nonneg,attribute_late,attribute_late,193,12,16.083333,59.971584,8.890699,123.204995,50,32,10
attribute_late_prompts.json,2559,Race_ethnicity,nonneg,attribute_late,attribute_late,172,12,14.333333,69.724091,7.710823,112.456747,56,20,6
attribute_late_prompts.json,8333,Race_x_gender,neg,attribute_late,attribute_late,161,11,14.636364,72.111593,8.003907,120.849609,50,21,10
attribute_late_prompts.json,403,Race_x_gender,nonneg,attribute_late,attribute_late,160,12,13.333333,68.206687,7.041191,118.417737,46,23,6
attribute_late_prompts.json,3293,Gender_identity,neg,attribute_late,attribute_late,156,10,15.6,63.757441,8.661433,112.366977,49,23,4
attribute_late_prompts.json,2001,Race_x_SES,neg,attribute_late,attribute_late,184,13,14.153846,62.711106,8.143678,149.011986,65,24,4
attribute_late_prompts.json,755,Disability_status,nonneg,attribute_late,attribute_late,179,13,13.769231,72.806429,7.714286,86.067778,41,29,6
attribute_late_prompts.json,6153,Race_ethnicity,neg,attribute_late,attribute_late,172,11,15.636364,65.988631,8.293848,140.779463,52,25,5
attribute_late_prompts.json,2505,Race_x_SES,neg,attribute_late,attribute_late,160,14,11.428571,52.491786,10.866667,169.677734,50,25,5
attribute_late_prompts.json,5479,Gender_identity,nonneg,attribute_late,attribute_late,159,11,14.454545,63.988602,9.617204,139.833711,48,24,6
attribute_late_prompts.json,1339,Disability_status,nonneg,attribute_late,attribute_late,168,13,12.923077,71.140995,7.70133,161.316872,43,26,7
attribute_late_prompts.json,483,Religion,nonneg,attribute_late,attribute_late,161,12,13.416667,63.797392,8.987867,180.146133,43,26,7
attribute_late_prompts.json,4805,Gender_identity,neg,attribute_late,attribute_late,190,11,17.272727,65.20199,8.477042,113.631509,47,34,9
attribute_late_prompts.json,2521,Gender_identity,neg,attribute_late,attribute_late,167,11,15.181818,70.620357,7.374603,122.070312,51,24,7
attribute_late_prompts.json,479,Religion,nonneg,attribute_late,attribute_late,183,12,15.25,51.98557,10.254642,151.570489,50,25,13
attribute_late_prompts.json,7659,Race_x_gender,nonneg,attribute_late,attribute_late,166,11,15.090909,72.629409,7.406659,142.733564,52,20,8
attribute_late_prompts.json,261,Physical_appearance,neg,attribute_late,attribute_late,201,12,16.75,62.37269,9.177449,144.529339,52,32,9
attribute_late_prompts.json,765,Nationality,neg,attribute_late,attribute_late,198,11,18.0,74.703788,7.659603,116.59808,49,34,13
attribute_late_prompts.json,561,Sexual_orientation,neg,attribute_late,attribute_late,200,14,14.285714,61.62977,9.565118,126.354454,53,32,15
attribute_late_prompts.json,415,Sexual_orientation,nonneg,attribute_late,attribute_late,174,13,13.384615,59.648495,9.456779,132.790101,50,24,14
attribute_late_prompts.json,1221,Physical_appearance,neg,attribute_late,attribute_late,170,13,13.076923,72.388077,7.384615,186.010247,47,23,10
attribute_late_prompts.json,2769,Nationality,neg,attribute_late,attribute_late,163,13,12.538462,72.814286,7.726984,163.574219,43,27,10
attribute_late_prompts.json,69,Race_ethnicity,neg,attribute_late,attribute_late,165,12,13.75,74.340385,7.076923,134.297521,42,27,8
attribute_late_prompts.json,649,Race_ethnicity,neg,attribute_late,attribute_late,170,12,14.166667,63.860664,8.606993,119.180218,43,24,13
attribute_late_prompts.json,1485,SES,neg,attribute_late,attribute_late,173,12,14.416667,66.424301,8.000932,85.423875,49,26,7
attribute_late_prompts.json,835,Sexual_orientation,nonneg,attribute_late,attribute_late,198,13,15.230769,74.830823,7.829814,127.900059,50,28,10
attribute_late_prompts.json,1083,Race_ethnicity,nonneg,attribute_late,attribute_late,194,15,12.933333,69.243667,7.757637,169.53125,50,30,12
attribute_late_prompts.json,2757,Race_x_SES,neg,attribute_late,attribute_late,178,11,16.181818,55.673428,10.622965,117.346939,55,30,2
attribute_late_prompts.json,651,Sexual_orientation,nonneg,attribute_late,attribute_late,188,12,15.666667,70.293623,8.887449,124.810255,48,23,12
attribute_late_prompts.json,11967,Race_x_gender,nonneg,attribute_late,attribute_late,150,13,11.538462,73.795318,7.017507,160.873312,44,19,5
attribute_late_prompts.json,3195,Race_x_SES,nonneg,attribute_late,attribute_late,170,11,15.454545,62.871822,9.806593,142.66118,60,25,1
attribute_late_prompts.json,203,Nationality,nonneg,attribute_late,attribute_late,197,11,17.909091,74.655658,7.866005,84.922288,54,27,9
attribute_late_prompts.json,4585,Gender_identity,neg,attribute_late,attribute_late,163,12,13.583333,69.015539,8.411839,114.784206,52,25,5
attribute_late_prompts.json,1283,Gender_identity,nonneg,attribute_late,attribute_late,172,12,14.333333,73.67095,7.125792,136.52594,49,27,11
attribute_late_prompts.json,3291,Age,nonneg,attribute_late,attribute_late,199,14,14.214286,54.05875,11.321429,98.611163,52,32,15
attribute_late_prompts.json,501,Age,neg,attribute_late,attribute_late,185,12,15.416667,70.471978,7.788383,110.521468,49,25,13
attribute_late_prompts.json,4883,SES,nonneg,attribute_late,attribute_late,187,14,13.357143,62.292,9.352381,119.459834,48,27,14
attribute_late_prompts.json,347,Physical_appearance,nonneg,attribute_late,attribute_late,196,13,15.076923,49.543909,12.579291,120.808679,48,32,10
attribute_late_prompts.json,4747,Race_x_SES,nonneg,attribute_late,attribute_late,168,10,16.8,66.206364,9.248485,145.91223,56,26,5
attribute_late_prompts.json,5877,Race_x_SES,neg,attribute_late,attribute_late,192,13,14.769231,71.141316,8.290226,119.750379,59,28,9
attribute_late_prompts.json,191,Physical_appearance,nonneg,attribute_late,attribute_late,178,12,14.833333,70.039626,8.031203,142.746914,46,24,11
attribute_late_prompts.json,43,Religion,nonneg,attribute_late,attribute_late,157,12,13.083333,68.612026,7.361851,139.52,45,23,6
attribute_late_prompts.json,537,Race_x_gender,neg,attribute_late,attribute_late,158,11,14.363636,69.875152,6.701626,130.56,46,24,5
attribute_late_prompts.json,2949,Race_x_gender,neg,attribute_late,attribute_late,174,11,15.818182,65.371113,8.293848,96.268309,48,30,4
attribute_late_prompts.json,313,Religion,neg,attribute_late,attribute_late,182,13,14.0,60.632409,9.524201,139.700511,50,24,10
attribute_late_prompts.json,171,Nationality,nonneg,attribute_late,attribute_late,202,13,15.538462,72.330682,8.593074,94.660977,49,29,13
attribute_late_prompts.json,5171,Race_x_SES,nonneg,attribute_late,attribute_late,178,11,16.181818,62.395902,8.374341,96.574619,62,23,6
attribute_late_prompts.json,3705,Gender_identity,neg,attribute_late,attribute_late,177,12,14.75,69.004231,8.021978,145.728397,55,26,4
attribute_late_prompts.json,3007,Age,nonneg,attribute_late,attribute_late,210,12,17.5,61.883846,9.705983,151.692339,59,32,13
attribute_late_prompts.json,1255,Disability_status,nonneg,attribute_late,attribute_late,172,13,13.230769,73.260752,7.406659,141.652249,43,27,12
attribute_late_prompts.json,1411,Physical_appearance,nonneg,attribute_late,attribute_late,189,13,14.538462,66.907206,8.815873,118.210198,49,27,16
attribute_late_prompts.json,1045,Age,neg,attribute_late,attribute_late,168,13,12.923077,71.502612,7.380083,151.506586,47,25,4
attribute_late_prompts.json,5179,SES,nonneg,attribute_late,attribute_late,178,13,13.692308,58.597788,10.014594,118.706302,44,32,12
attribute_late_prompts.json,727,Sexual_orientation,nonneg,attribute_late,attribute_late,191,13,14.692308,68.220649,8.555844,115.055884,46,29,15
attribute_late_prompts.json,3867,Race_x_SES,nonneg,attribute_late,attribute_late,168,10,16.8,57.420385,9.538462,135.445363,57,22,7
attribute_late_prompts.json,85,Sexual_orientation,neg,attribute_late,attribute_late,177,10,17.7,72.634812,8.011005,102.610533,43,28,12
attribute_late_prompts.json,43,Gender_identity,nonneg,attribute_late,attribute_late,157,14,11.214286,58.982758,9.638274,230.4,49,23,6
attribute_late_prompts.json,661,Sexual_orientation,neg,attribute_late,attribute_late,189,13,14.538462,69.180466,8.887449,124.810255,47,25,10
attribute_late_prompts.json,81,Gender_identity,neg,attribute_late,attribute_late,167,12,13.916667,63.571809,8.610922,150.37594,47,20,14
attribute_late_prompts.json,2461,Nationality,neg,attribute_late,attribute_late,197,15,13.133333,69.920333,8.270991,111.668975,41,27,17
attribute_late_prompts.json,1125,Gender_identity,neg,attribute_late,attribute_late,159,12,13.25,58.259311,9.992962,102.040816,41,28,6
attribute_late_prompts.json,1331,Physical_appearance,nonneg,attribute_late,attribute_late,178,12,14.833333,65.869204,8.312893,171.682099,53,25,7
attribute_late_prompts.json,1415,Disability_status,nonneg,attribute_late,attribute_late,175,12,14.583333,68.312184,8.594947,151.020408,46,27,9
attribute_late_prompts.json,781,Nationality,neg,attribute_late,attribute_late,199,11,18.090909,74.845192,7.923077,104.633219,47,33,14
attribute_late_prompts.json,3875,SES,nonneg,attribute_late,attribute_late,190,15,12.666667,54.086191,11.237009,124.738348,52,30,9
attribute_late_prompts.json,1561,Age,neg,attribute_late,attribute_late,192,15,12.8,65.713751,8.634565,140.532544,53,25,11
attribute_late_prompts.json,93,Nationality,neg,attribute_late,attribute_late,194,13,14.923077,71.153629,8.041475,195.481493,43,22,17
attribute_late_prompts.json,2407,Nationality,nonneg,attribute_late,attribute_late,161,11,14.636364,72.190554,7.38294,123.790638,43,24,5
attribute_late_prompts.json,1073,SES,neg,attribute_late,attribute_late,165,13,12.692308,70.891474,7.717949,127.410468,45,21,8
attribute_late_prompts.json,1167,Race_ethnicity,nonneg,attribute_late,attribute_late,165,14,11.785714,75.281563,8.032143,150.340889,44,22,7
attribute_late_prompts.json,5717,Race_ethnicity,neg,attribute_late,attribute_late,200,12,16.666667,57.212073,9.807666,75.482654,59,33,11
attribute_late_prompts.json,253,Physical_appearance,neg,attribute_late,attribute_late,187,12,15.583333,63.475364,8.879917,118.415859,48,27,11
attribute_late_prompts.json,8273,Race_x_gender,neg,attribute_late,attribute_late,161,11,14.636364,64.802528,9.675979,140.8,51,17,11
attribute_late_prompts.json,247,Religion,nonneg,attribute_late,attribute_late,171,13,13.153846,63.718009,9.184615,148.078135,44,25,10
attribute_late_prompts.json,1121,Physical_appearance,neg,attribute_late,attribute_late,159,12,13.25,69.700483,8.966667,204.600409,46,22,9
attribute_late_prompts.json,4851,Gender_identity,nonneg,attribute_late,attribute_late,170,12,14.166667,70.504905,7.400578,120.713306,45,28,8
attribute_late_prompts.json,1415,Age,nonneg,attribute_late,attribute_late,175,12,14.583333,66.206244,8.59638,120.408163,41,24,8
attribute_late_prompts.json,2545,Gender_identity,neg,attribute_late,attribute_late,168,11,15.272727,67.125521,8.016667,110.059172,51,22,8
attribute_late_prompts.json,197,Nationality,neg,attribute_late,attribute_late,196,14,14.0,71.878846,8.559707,107.354591,46,30,13
attribute_late_prompts.json,2295,Gender_identity,nonneg,attribute_late,attribute_late,186,12,15.5,59.156352,10.070068,125.433095,52,28,7
attribute_late_prompts.json,3351,SES,nonneg,attribute_late,attribute_late,188,12,15.666667,63.475364,9.148374,120.170168,50,29,9
attribute_late_prompts.json,2383,Race_x_SES,nonneg,attribute_late,attribute_late,174,13,13.384615,64.86908,9.463545,152.040816,50,33,5
attribute_late_prompts.json,1389,Physical_appearance,neg,attribute_late,attribute_late,182,12,15.166667,60.70338,9.409256,142.615875,48,32,6
attribute_late_prompts.json,5677,SES,neg,attribute_late,attribute_late,187,14,13.357143,72.63473,8.552896,151.74773,53,33,3
attribute_late_prompts.json,1123,Physical_appearance,nonneg,attribute_late,attribute_late,164,13,12.615385,71.263029,8.313462,186.982249,47,25,7
attribute_late_prompts.json,14921,Race_x_gender,neg,attribute_late,attribute_late,146,12,12.166667,62.750714,7.842857,124.65374,43,22,5
attribute_late_prompts.json,4193,Race_ethnicity,neg,attribute_late,attribute_late,207,14,14.785714,67.056286,8.765714,135.640138,57,35,6
attribute_late_prompts.json,3019,Race_x_gender,nonneg,attribute_late,attribute_late,171,12,14.25,65.584186,8.302262,85.066163,49,28,4
attribute_late_prompts.json,4087,Race_ethnicity,nonneg,attribute_late,attribute_late,194,13,14.923077,68.424597,8.557604,127.383432,52,34,5
attribute_late_prompts.json,4147,SES,nonneg,attribute_late,attribute_late,202,13,15.538462,58.644658,10.904955,111.772391,55,32,10
attribute_late_prompts.json,1629,Race_x_SES,neg,attribute_late,attribute_late,187,13,14.384615,57.825245,9.434965,156.416308,66,24,3
attribute_late_prompts.json,1259,Physical_appearance,nonneg,attribute_late,attribute_late,174,13,13.384615,69.547221,8.886917,114.285714,53,26,8
attribute_late_prompts.json,8723,Race_x_SES,nonneg,attribute_late,attribute_late,202,12,16.833333,66.74875,8.571429,115.073922,56,30,13
attribute_late_prompts.json,299,Disability_status,nonneg,attribute_late,attribute_late,181,14,12.928571,73.6075,7.447619,126.665416,45,28,11
attribute_late_prompts.json,1521,Physical_appearance,neg,attribute_late,attribute_late,188,13,14.461538,65.248382,8.292997,141.519251,47,32,8
attribute_late_prompts.json,2125,SES,neg,attribute_late,attribute_late,171,14,12.214286,69.273361,7.486375,155.271466,48,26,6
attribute_late_prompts.json,9131,Race_x_SES,nonneg,attribute_late,attribute_late,185,11,16.818182,64.141366,8.332601,172.965182,57,25,6
attribute_late_prompts.json,1289,Physical_appearance,neg,attribute_late,attribute_late,158,14,11.285714,61.384107,9.299256,143.613001,45,24,4
attribute_late_prompts.json,515,Sexual_orientation,nonneg,attribute_late,attribute_late,198,13,15.230769,69.737689,8.568014,131.939354,50,29,11
attribute_late_prompts.json,8137,Race_x_SES,neg,attribute_late,attribute_late,197,12,16.416667,68.220649,8.555844,84.648258,54,29,6
attribute_late_prompts.json,2869,Nationality,neg,attribute_late,attribute_late,166,14,11.857143,64.948187,8.933697,114.195263,40,22,13
attribute_late_prompts.json,657,Physical_appearance,neg,attribute_late,attribute_late,183,14,13.071429,66.313654,9.95984,137.905502,44,28,8
attribute_late_prompts.json,689,Disability_status,neg,attribute_late,attribute_late,198,14,14.142857,73.83443,7.805425,113.42155,41,36,8
attribute_late_prompts.json,1443,Physical_appearance,nonneg,attribute_late,attribute_late,160,12,13.333333,66.068736,8.003907,153.808594,46,20,15
attribute_late_prompts.json,7275,Race_x_gender,nonneg,attribute_late,attribute_late,168,11,15.272727,65.321282,8.005698,153.44451,46,21,16
attribute_late_prompts.json,835,Nationality,nonneg,attribute_late,attribute_late,155,13,11.923077,72.421157,8.031286,173.485418,42,24,4
attribute_late_prompts.json,317,Religion,neg,attribute_late,attribute_late,187,14,13.357143,61.0435,9.533333,167.936288,52,26,14
attribute_late_prompts.json,713,Sexual_orientation,neg,attribute_late,attribute_late,164,13,12.615385,60.674231,10.153846,132.001837,40,21,13
attribute_late_prompts.json,509,Nationality,neg,attribute_late,attribute_late,161,12,13.416667,60.192841,10.279545,189.349112,48,23,5
attribute_late_prompts.json,10821,Race_x_SES,neg,attribute_late,attribute_late,183,11,16.636364,60.226154,9.728532,98.782337,61,26,6
attribute_late_prompts.json,115,Physical_appearance,nonneg,attribute_late,attribute_late,157,13,12.076923,67.924221,7.361851,120.32,41,24,9
attribute_late_prompts.json,1223,Age,nonneg,attribute_late,attribute_late,169,14,12.071429,68.450769,8.025641,166.015625,43,20,11
attribute_late_prompts.json,1207,Nationality,nonneg,attribute_late,attribute_late,177,14,12.642857,65.555,7.428571,155.723071,39,24,16
attribute_late_prompts.json,199,Sexual_orientation,nonneg,attribute_late,attribute_late,158,12,13.166667,73.664752,7.363772,134.794659,40,23,13
attribute_late_prompts.json,615,Sexual_orientation,nonneg,attribute_late,attribute_late,184,12,15.333333,55.251462,11.015385,119.459834,43,27,14
attribute_late_prompts.json,4445,Race_ethnicity,neg,attribute_late,attribute_late,173,12,14.416667,70.311259,7.417935,122.44898,50,24,6
attribute_late_prompts.json,269,Nationality,neg,attribute_late,attribute_late,194,14,13.857143,69.381923,8.902564,112.337328,54,27,9
attribute_late_prompts.json,3481,Age,neg,attribute_late,attribute_late,178,11,16.181818,67.96949,8.347264,121.428571,48,23,11
attribute_late_prompts.json,3933,Race_x_gender,neg,attribute_late,attribute_late,180,11,16.363636,61.634404,9.832296,88.216761,60,28,4
attribute_late_prompts.json,341,Race_ethnicity,neg,attribute_late,attribute_late,152,12,12.666667,67.67,8.333333,161.246977,49,20,7
attribute_late_prompts.json,10475,Race_x_gender,nonneg,attribute_late,attribute_late,154,12,12.833333,62.03,8.666667,128.997581,49,20,4
attribute_late_prompts.json,733,Disability_status,neg,attribute_late,attribute_late,185,14,13.214286,73.985616,7.4591,116.210981,42,31,7
attribute_late_prompts.json,14655,Race_x_gender,nonneg,attribute_late,attribute_late,161,13,12.384615,68.051857,6.534603,142.822266,48,24,3
attribute_late_prompts.json,875,Race_ethnicity,nonneg,attribute_late,attribute_late,178,14,12.714286,68.8125,8.567579,136.028537,50,32,6
attribute_late_prompts.json,4981,Race_x_SES,neg,attribute_late,attribute_late,164,11,14.909091,50.625879,11.17851,139.160156,56,22,6
attribute_late_prompts.json,1061,Religion,neg,attribute_late,attribute_late,209,15,13.933333,65.245487,9.477081,129.954516,58,30,14
attribute_late_prompts.json,211,Sexual_orientation,nonneg,attribute_late,attribute_late,155,13,11.923077,69.02273,8.016141,139.17794,41,20,14
attribute_late_prompts.json,6285,Race_x_gender,neg,attribute_late,attribute_late,146,12,12.166667,71.945742,6.303297,144.659895,44,19,7
attribute_late_prompts.json,5747,Race_x_SES,nonneg,attribute_late,attribute_late,177,11,16.090909,59.04941,9.470859,85.916878,63,25,5
attribute_late_prompts.json,1811,Age,nonneg,attribute_late,attribute_late,233,12,19.416667,63.472046,10.484253,97.830375,56,36,17
attribute_late_prompts.json,605,Gender_identity,neg,attribute_late,attribute_late,146,12,12.166667,67.756729,7.660472,155.765595,42,18,9
attribute_late_prompts.json,5295,Race_ethnicity,nonneg,attribute_late,attribute_late,218,13,16.769231,59.484091,8.892208,104.938272,68,32,7
attribute_late_prompts.json,599,Sexual_orientation,nonneg,attribute_late,attribute_late,195,15,13.0,66.666513,7.797816,136.070567,52,36,11
attribute_late_prompts.json,9451,Race_x_SES,nonneg,attribute_late,attribute_late,194,11,17.636364,66.868643,7.37854,174.043748,63,25,6
attribute_late_prompts.json,1643,Race_ethnicity,nonneg,attribute_late,attribute_late,207,13,15.923077,66.661923,8.995475,126.419686,58,29,11
attribute_late_prompts.json,411,Age,nonneg,attribute_late,attribute_late,183,11,16.636364,71.822812,7.771883,104.499797,48,25,13
attribute_late_prompts.json,503,Disability_status,nonneg,attribute_late,attribute_late,151,12,12.583333,62.496154,8.060201,112.036771,44,22,6
attribute_late_prompts.json,1615,Race_x_SES,nonneg,attribute_late,attribute_late,187,12,15.583333,52.48,10.355556,125.091308,63,26,3
attribute_late_prompts.json,3007,Nationality,nonneg,attribute_late,attribute_late,166,12,13.833333,65.229615,8.923077,92.975207,45,22,10
attribute_late_prompts.json,2179,Nationality,nonneg,attribute_late,attribute_late,193,13,14.846154,58.572193,9.673526,157.026118,53,27,13
attribute_late_prompts.json,1195,Religion,nonneg,attribute_late,attribute_late,210,14,15.0,64.021977,9.565449,116.244898,51,30,16
attribute_late_prompts.json,10245,Race_x_SES,neg,attribute_late,attribute_late,186,12,15.5,73.018316,8.281633,204.495293,56,26,5
attribute_late_prompts.json,2181,Race_ethnicity,neg,attribute_late,attribute_late,162,11,14.727273,66.068736,8.321368,133.056641,46,25,6
attribute_late_prompts.json,449,SES,neg,attribute_late,attribute_late,156,13,12.0,62.414038,9.838584,199.138479,45,19,9
attribute_late_prompts.json,519,Religion,nonneg,attribute_late,attribute_late,156,12,13.0,63.552432,9.054498,170.753364,41,27,8
attribute_late_prompts.json,673,Age,neg,attribute_late,attribute_late,154,13,11.846154,62.835482,8.376532,150.26296,44,21,9
attribute_late_prompts.json,6729,Race_ethnicity,neg,attribute_late,attribute_late,198,11,18.0,57.643497,10.916579,143.023825,60,29,7
attribute_late_prompts.json,293,Disability_status,neg,attribute_late,attribute_late,174,11,15.818182,68.399945,8.021978,124.975203,46,25,10
attribute_late_prompts.json,3027,Gender_identity,nonneg,attribute_late,attribute_late,167,11,15.181818,53.971474,10.794872,106.749311,43,24,12
attribute_late_prompts.json,6691,SES,nonneg,attribute_late,attribute_late,172,13,13.230769,70.782257,8.011005,145.955178,49,28,4
attribute_late_prompts.json,3643,Race_x_gender,nonneg,attribute_late,attribute_late,181,11,16.454545,60.934615,9.487179,102.610533,57,29,4
attribute_late_prompts.json,245,Sexual_orientation,neg,attribute_late,attribute_late,157,12,13.083333,67.236417,8.337461,148.48,41,20,11
attribute_late_prompts.json,3857,SES,neg,attribute_late,attribute_late,202,14,14.428571,57.996641,10.792112,91.827365,56,32,10
attribute_late_prompts.json,7803,Race_x_SES,nonneg,attribute_late,attribute_late,202,12,16.833333,67.609387,8.316442,96.446896,50,32,9
attribute_late_prompts.json,13221,Race_x_gender,neg,attribute_late,attribute_late,150,11,13.636364,50.997389,10.876113,114.447087,48,20,8
attribute_late_prompts.json,669,SES,neg,attribute_late,attribute_late,164,12,13.666667,69.941154,8.000962,132.544379,42,24,8
attribute_late_prompts.json,4187,Race_ethnicity,nonneg,attribute_late,attribute_late,202,13,15.538462,70.017444,7.529877,138.626796,59,35,7
attribute_late_prompts.json,2703,SES,nonneg,attribute_late,attribute_late,165,11,15.0,70.846798,7.690161,145.679156,46,25,6
attribute_late_prompts.json,1321,Nationality,neg,attribute_late,attribute_late,229,16,14.3125,72.741238,7.791323,114.031962,54,33,14
attribute_late_prompts.json,719,Sexual_orientation,nonneg,attribute_late,attribute_late,171,12,14.25,61.519483,10.346771,123.18203,43,24,11
attribute_late_prompts.json,3609,Gender_identity,neg,attribute_late,attribute_late,145,11,13.181818,64.118169,8.403976,115.250386,45,18,8
attribute_late_prompts.json,2999,SES,nonneg,attribute_late,attribute_late,178,15,11.866667,64.136077,8.001877,118.367347,56,22,6
attribute_late_prompts.json,757,Physical_appearance,neg,attribute_late,attribute_late,148,11,13.454545,72.983989,6.662764,131.568998,45,20,4
attribute_late_prompts.json,2953,Gender_identity,neg,attribute_late,attribute_late,167,11,15.181818,51.379334,11.481194,113.064616,43,22,14
attribute_late_prompts.json,467,Religion,nonneg,attribute_late,attribute_late,173,12,14.416667,55.921282,9.487179,122.873346,51,23,10
attribute_late_prompts.json,393,Race_ethnicity,neg,attribute_late,attribute_late,172,15,11.466667,73.566636,6.853333,153.546713,54,21,7
attribute_late_prompts.json,281,Disability_status,neg,attribute_late,attribute_late,150,12,12.5,65.772905,7.707162,113.47314,46,22,2
attribute_late_prompts.json,5421,Race_x_SES,neg,attribute_late,attribute_late,173,10,17.3,55.669583,9.240741,99.099579,63,23,6
attribute_late_prompts.json,725,Physical_appearance,neg,attribute_late,attribute_late,143,11,13.0,70.327343,6.936086,133.106079,45,16,5
attribute_late_prompts.json,925,Disability_status,neg,attribute_late,attribute_late,154,12,12.833333,65.747471,8.004598,112.5,42,19,6
attribute_late_prompts.json,2941,Gender_identity,neg,attribute_late,attribute_late,164,11,14.909091,52.562033,10.287473,118.983234,45,20,14
attribute_late_prompts.json,1381,Disability_status,neg,attribute_late,attribute_late,174,13,13.384615,69.488587,8.368116,111.664403,45,28,7
attribute_late_prompts.json,5119,Race_ethnicity,nonneg,attribute_late,attribute_late,202,12,16.833333,66.614531,7.972983,95.079112,61,28,7
attribute_late_prompts.json,565,Sexual_orientation,neg,attribute_late,attribute_late,199,13,15.307692,61.542094,9.675973,120.46401,53,32,13
attribute_late_prompts.json,603,Nationality,nonneg,attribute_late,attribute_late,196,11,17.818182,70.276061,8.659007,111.106825,48,33,14
attribute_late_prompts.json,179,Physical_appearance,nonneg,attribute_late,attribute_late,174,13,13.384615,67.321254,8.59398,132.653061,45,24,10
attribute_late_prompts.json,1851,Age,nonneg,attribute_late,attribute_late,201,15,13.4,65.049952,9.071702,121.932632,51,26,13
attribute_late_prompts.json,2239,Age,nonneg,attribute_late,attribute_late,199,13,15.307692,64.270192,9.423077,115.924574,45,32,12
attribute_late_prompts.json,597,Disability_status,neg,attribute_late,attribute_late,161,12,13.416667,56.300985,8.966154,111.083984,45,25,7
attribute_late_prompts.json,1137,Physical_appearance,neg,attribute_late,attribute_late,166,12,13.833333,69.446667,8.004301,176.331361,44,29,4
attribute_late_prompts.json,7071,Race_x_SES,nonneg,attribute_late,attribute_late,182,11,16.545455,64.774231,8.021978,89.268002,48,35,7
attribute_late_prompts.json,2455,Age,nonneg,attribute_late,attribute_late,236,16,14.75,75.006086,7.486842,115.84653,53,39,13
attribute_late_prompts.json,1181,Age,neg,attribute_late,attribute_late,162,14,11.571429,73.633973,7.359441,148.48,43,21,9
attribute_late_prompts.json,199,Religion,nonneg,attribute_late,attribute_late,173,13,13.307692,76.255659,7.450549,131.91827,42,25,15
attribute_late_prompts.json,243,Disability_status,nonneg,attribute_late,attribute_late,152,12,12.666667,63.552432,8.037549,122.222222,46,23,2
attribute_late_prompts.json,55,Physical_appearance,nonneg,attribute_late,attribute_late,175,12,14.583333,74.064732,7.724415,105.62849,44,27,9
attribute_late_prompts.json,12715,Race_x_gender,nonneg,attribute_late,attribute_late,153,12,12.75,65.376923,7.360684,132.758986,48,21,4
attribute_late_prompts.json,6873,Race_ethnicity,neg,attribute_late,attribute_late,183,11,16.636364,58.3146,9.524201,151.570489,60,28,6
attribute_late_prompts.json,667,SES,nonneg,attribute_late,attribute_late,162,13,12.461538,70.128571,7.726984,119.628906,41,24,7
attribute_late_prompts.json,165,Race_x_SES,neg,attribute_late,attribute_late,159,13,12.230769,65.397308,9.908669,155.029297,51,20,6
attribute_late_prompts.json,5253,Race_x_SES,neg,attribute_late,attribute_late,174,11,15.818182,62.473891,8.008145,92.417559,62,22,7
attribute_late_prompts.json,11,Religion,nonneg,attribute_late,attribute_late,163,13,12.538462,71.502612,7.380083,175.980421,44,24,5
attribute_late_prompts.json,505,Physical_appearance,neg,attribute_late,attribute_late,182,11,16.545455,71.242066,8.981633,103.598937,43,29,9
attribute_late_prompts.json,833,Race_x_SES,neg,attribute_late,attribute_late,172,11,15.636364,73.049265,7.099826,170.4939,64,18,5
attribute_late_prompts.json,10661,Race_x_gender,neg,attribute_late,attribute_late,167,11,15.181818,68.531683,7.420102,148.114648,51,26,3
attribute_late_prompts.json,731,Physical_appearance,nonneg,attribute_late,attribute_late,150,11,13.636364,72.997437,7.30649,121.265249,44,19,4
attribute_late_prompts.json,3403,Age,nonneg,attribute_late,attribute_late,169,13,13.0,63.010782,8.628353,122.908093,49,21,11
attribute_late_prompts.json,2961,Nationality,neg,attribute_late,attribute_late,165,13,12.692308,63.992716,9.250962,97.04142,39,25,10
attribute_late_prompts.json,99,Religion,nonneg,attribute_late,attribute_late,185,13,14.230769,76.683462,7.282051,115.99723,47,30,12
attribute_late_prompts.json,1067,Gender_identity,nonneg,attribute_late,attribute_late,157,11,14.272727,54.436942,11.672727,104.435191,49,20,7
attribute_late_prompts.json,789,Religion,neg,attribute_late,attribute_late,217,14,15.5,68.818476,8.32381,95.119538,49,39,17
attribute_late_prompts.json,43,Disability_status,nonneg,attribute_late,attribute_late,175,11,15.909091,69.90619,8.095238,158.698671,51,24,6
attribute_late_prompts.json,73,Sexual_orientation,neg,attribute_late,attribute_late,174,12,14.5,74.064732,7.43456,125.510204,45,28,12
attribute_late_prompts.json,12301,Race_x_gender,neg,attribute_late,attribute_late,153,11,13.909091,67.444686,7.695152,133.870637,49,20,3
attribute_late_prompts.json,1639,Age,nonneg,attribute_late,attribute_late,194,12,16.166667,60.220245,9.413786,154.622657,52,26,11
attribute_late_prompts.json,1865,Gender_identity,neg,attribute_late,attribute_late,155,12,12.916667,49.77397,11.636639,175.82127,50,21,7
attribute_late_prompts.json,487,Religion,nonneg,attribute_late,attribute_late,153,12,12.75,61.371609,9.383908,173.716545,43,24,7
attribute_late_prompts.json,2829,Nationality,neg,attribute_late,attribute_late,177,14,12.642857,73.234231,8.879121,158.698671,48,26,12
attribute_late_prompts.json,3539,Race_x_gender,nonneg,attribute_late,attribute_late,173,13,13.307692,62.235732,9.20509,148.140138,49,26,6
attribute_late_prompts.json,9353,Race_x_SES,neg,attribute_late,attribute_late,196,11,17.818182,67.361803,8.374825,172.248037,62,27,5
attribute_late_prompts.json,301,Sexual_orientation,neg,attribute_late,attribute_late,155,11,14.090909,52.658767,10.665226,154.669839,40,22,14
attribute_late_prompts.json,1035,Age,nonneg,attribute_late,attribute_late,166,13,12.769231,68.447396,8.016667,151.515152,49,23,4
attribute_late_prompts.json,1841,SES,neg,attribute_late,attribute_late,183,13,14.076923,70.471978,7.788383,162.154858,52,30,5
attribute_late_prompts.json,1049,Religion,neg,attribute_late,attribute_late,204,14,14.571429,58.24378,10.539373,105.966033,55,29,14
attribute_late_prompts.json,2025,Race_ethnicity,neg,attribute_late,attribute_late,162,10,16.2,63.992716,8.313462,138.461538,50,23,5
attribute_late_prompts.json,865,Physical_appearance,neg,attribute_late,attribute_late,159,11,14.454545,66.24896,8.999748,159.989594,45,22,9
attribute_late_prompts.json,4597,SES,neg,attribute_late,attribute_late,179,12,14.916667,71.629423,8.319658,135.109777,49,24,8
attribute_late_prompts.json,193,Physical_appearance,neg,attribute_late,attribute_late,179,12,14.916667,72.804423,7.764103,138.862826,47,26,8
attribute_late_prompts.json,681,Sexual_orientation,neg,attribute_late,attribute_late,162,14,11.571429,64.706563,8.969643,125.443787,40,24,13
attribute_late_prompts.json,11443,Race_x_gender,nonneg,attribute_late,attribute_late,171,13,13.153846,68.367372,8.042356,101.230753,51,23,4
attribute_late_prompts.json,7001,Race_x_gender,neg,attribute_late,attribute_late,158,11,14.363636,60.225283,8.006667,151.280303,48,19,17
attribute_late_prompts.json,495,Race_ethnicity,nonneg,attribute_late,attribute_late,187,14,13.357143,57.760959,9.924853,190.832725,48,34,9
attribute_late_prompts.json,11031,Race_x_SES,nonneg,attribute_late,attribute_late,195,11,17.727273,63.058097,9.150607,107.100692,63,24,9
attribute_late_prompts.json,701,Age,neg,attribute_late,attribute_late,151,12,12.583333,60.276612,8.355072,169.491525,45,18,9
attribute_late_prompts.json,1,SES,neg,attribute_late,attribute_late,163,10,16.3,76.663214,6.739683,136.71875,45,22,10
attribute_late_prompts.json,10145,Race_x_gender,neg,attribute_late,attribute_late,165,10,16.5,69.941154,8.000962,101.392693,49,24,7
attribute_late_prompts.json,3497,Age,neg,attribute_late,attribute_late,175,12,14.583333,61.561282,9.487179,113.865742,48,25,9
attribute_late_prompts.json,777,Race_x_gender,neg,attribute_late,attribute_late,159,12,13.25,71.493441,7.35914,133.534895,50,24,2
attribute_late_prompts.json,15071,Race_x_gender,nonneg,attribute_late,attribute_late,162,13,12.461538,69.728287,6.463217,131.001743,49,25,5
attribute_late_prompts.json,259,Nationality,nonneg,attribute_late,attribute_late,199,13,15.307692,72.72896,8.326708,100.386675,50,29,12
attribute_late_prompts.json,1185,Disability_status,neg,attribute_late,attribute_late,156,13,12.0,74.570271,7.032535,148.283039,41,21,12
attribute_late_prompts.json,6891,Race_x_gender,nonneg,attribute_late,attribute_late,162,11,14.727273,77.013719,6.742338,152.635058,46,24,13
attribute_late_prompts.json,427,Religion,nonneg,attribute_late,attribute_late,193,12,16.083333,67.598846,9.165336,128.125,47,28,12
attribute_late_prompts.json,449,Sexual_orientation,neg,attribute_late,attribute_late,190,13,14.615385,65.284413,8.624291,119.750379,41,37,6
attribute_late_prompts.json,5309,Race_x_SES,neg,attribute_late,attribute_late,165,10,16.5,60.023462,8.923077,91.827365,56,24,6
attribute_late_prompts.json,15359,Race_x_gender,nonneg,attribute_late,attribute_late,165,13,12.692308,66.2561,8.620394,180.642154,45,21,9
attribute_late_prompts.json,15039,Race_x_gender,nonneg,attribute_late,attribute_late,162,13,12.461538,65.68931,7.68722,135.809146,49,24,4
attribute_late_prompts.json,1217,Disability_status,neg,attribute_late,attribute_late,167,13,12.846154,68.483462,8.615385,121.671258,41,24,14
attribute_late_prompts.json,257,Physical_appearance,neg,attribute_late,attribute_late,201,12,16.75,62.586538,9.182146,140.541344,49,32,10
attribute_late_prompts.json,2087,Gender_identity,nonneg,attribute_late,attribute_late,176,12,14.666667,69.160385,8.01427,151.020408,52,27,3
attribute_late_prompts.json,2613,Race_x_gender,neg,attribute_late,attribute_late,182,13,14.0,66.797413,8.053952,131.482834,50,32,4
attribute_late_prompts.json,1061,Physical_appearance,neg,attribute_late,attribute_late,180,13,13.846154,60.841905,11.238095,124.421296,46,27,6
attribute_late_prompts.json,671,Gender_identity,nonneg,attribute_late,attribute_late,173,12,14.416667,71.182715,7.714027,184.255473,48,27,7
attribute_late_prompts.json,1875,Gender_identity,nonneg,attribute_late,attribute_late,175,12,14.583333,64.467619,8.380952,175.560405,54,22,13
attribute_late_prompts.json,943,Disability_status,nonneg,attribute_late,attribute_late,157,10,15.7,66.784904,7.660684,114.746261,41,21,5
attribute_late_prompts.json,229,Sexual_orientation,neg,attribute_late,attribute_late,155,12,12.916667,65.943064,9.012333,142.772159,39,22,13
attribute_late_prompts.json,10605,Race_x_SES,neg,attribute_late,attribute_late,198,12,16.5,67.586838,8.817597,91.57128,68,28,7
attribute_late_prompts.json,10941,Race_x_SES,neg,attribute_late,attribute_late,201,12,16.75,65.992517,8.405842,114.84375,62,29,10
attribute_late_prompts.json,5437,Race_ethnicity,neg,attribute_late,attribute_late,220,10,22.0,62.764955,8.884148,95.553764,66,29,7
attribute_late_prompts.json,413,Physical_appearance,neg,attribute_late,attribute_late,201,11,18.272727,73.553205,8.441406,134.592504,47,33,10
attribute_late_prompts.json,5969,Race_ethnicity,neg,attribute_late,attribute_late,177,12,14.75,53.377826,11.768944,128.571429,52,27,9
attribute_late_prompts.json,1037,Disability_status,neg,attribute_late,attribute_late,171,11,15.545455,55.368431,9.239216,126.023945,52,20,9
attribute_late_prompts.json,257,Religion,neg,attribute_late,attribute_late,170,12,14.166667,67.827949,8.301994,163.034791,45,24,10
attribute_late_prompts.json,3561,Race_ethnicity,neg,attribute_late,attribute_late,154,13,11.846154,67.745769,8.025641,173.3405,48,19,7
attribute_late_prompts.json,763,Physical_appearance,nonneg,attribute_late,attribute_late,150,10,15.0,73.040575,6.970115,110.600402,45,18,5
attribute_late_prompts.json,4437,SES,neg,attribute_late,attribute_late,184,12,15.333333,74.667453,8.06736,141.333333,47,26,8
